<?xml version="1.0" encoding="UTF-8"?><kml xmlns="http://www.opengis.net/kml/2.2"><Document><name>都内パーキングメーター・チケット</name><Style id="coin"><LineStyle><color>ffc06515</color><width>5</width></LineStyle></Style><Style id="tk"><LineStyle><color>ff006cef</color><width>5</width></LineStyle></Style><Folder><name>コイン(メーター)</name><Placemark><name>コイン(メーター)｜禁止帯なし</name><description>09:00-19:00 / 60分 / 300円
日曜・休日を除く / １月１日〜３日を除く
対象: 普通車
駐停車禁止: 近傍に線なし (重なり0%)
駐車禁止: 近傍に線なし (重なり0%)</description><styleUrl>#coin</styleUrl><MultiGeometry><LineString><coordinates>139.7622,35.67299,0 139.76206,35.67289,0 139.76148,35.67272,0 139.76104,35.6726,0 139.76093,35.67254,0 139.76076,35.67244,0 139.76065,35.67236,0 139.76057,35.67226,0 139.76048,35.67214,0</coordinates></LineString></MultiGeometry></Placemark><Placemark><name>コイン(メーター)｜駐車禁止帯</name><description>09:00-21:00 / 60分 / 300円
１月１日〜３日を除く
対象: 普通車・貨物
駐停車禁止: 近傍に線なし (重なり0%)
駐車禁止: 21:00-01:00,終日 (重なり100%)</description><styleUrl>#coin</styleUrl><MultiGeometry><LineString><coordinates>139.75974,35.67029,0 139.76031,35.6699,0 139.76049,35.66976,0 139.76215,35.66859,0</coordinates></LineString></MultiGeometry></Placemark><Placemark><name>コイン(メーター)｜駐車禁止帯</name><description>09:00-21:00 / 60分 / 300円
１月１日〜３日を除く
対象: 普通車・貨物
駐停車禁止: 近傍に線なし (重なり0%)
駐車禁止: 21:00-01:00,終日 (重なり98%)</description><styleUrl>#coin</styleUrl><MultiGeometry><LineString><coordinates>139.76306,35.66945,0 139.76051,35.67123,0 139.76032,35.67138,0</coordinates></LineString></MultiGeometry></Placemark><Placemark><name>コイン(メーター)｜禁止帯なし</name><description>09:00-21:00 / 60分 / 300円
１月１日〜３日を除く
対象: 普通車・貨物
駐停車禁止: 近傍に線なし (重なり0%)
駐車禁止: 08:00-20:00,終日 (重なり1%)</description><styleUrl>#coin</styleUrl><MultiGeometry><LineString><coordinates>139.76589,35.67024,0 139.76505,35.66963,0 139.764,35.66883,0 139.76298,35.66804,0 139.76211,35.66738,0</coordinates></LineString></MultiGeometry></Placemark><Placemark><name>コイン(メーター)｜禁止帯なし</name><description>09:00-21:00 / 60分 / 300円
１月１日〜３日を除く
対象: 普通車・貨物
駐停車禁止: 近傍に線なし (重なり0%)
駐車禁止: 08:00-20:00,終日 (重なり5%)</description><styleUrl>#coin</styleUrl><MultiGeometry><LineString><coordinates>139.7665,35.66988,0 139.76261,35.66698,0 139.76254,35.66696,0</coordinates></LineString></MultiGeometry></Placemark><Placemark><name>コイン(メーター)｜禁止帯なし</name><description>09:00-21:00 / 60分 / 300円
１月１日〜３日を除く
対象: 普通車・貨物
駐停車禁止: 近傍に線なし (重なり0%)
駐車禁止: 09:00-20:00 (重なり12%)</description><styleUrl>#coin</styleUrl><MultiGeometry><LineString><coordinates>139.76228,35.6685,0 139.76265,35.66824,0 139.76298,35.668,0 139.76342,35.66764,0 139.76392,35.66725,0</coordinates></LineString></MultiGeometry></Placemark><Placemark><name>コイン(メーター)｜禁止帯なし</name><description>09:00-21:00 / 60分 / 300円
１月１日〜３日を除く
対象: 普通車・貨物
駐停車禁止: 近傍に線なし (重なり0%)
駐車禁止: 09:00-20:00 (重なり11%)</description><styleUrl>#coin</styleUrl><MultiGeometry><LineString><coordinates>139.76495,35.66804,0 139.76466,35.66827,0 139.76423,35.6686,0 139.76358,35.66908,0 139.76317,35.66936,0</coordinates></LineString></MultiGeometry></Placemark><Placemark><name>コイン(メーター)｜禁止帯なし</name><description>09:00-21:00 / 60分 / 300円
１月１日〜３日を除く
対象: 普通車・貨物
駐停車禁止: 近傍に線なし (重なり0%)
駐車禁止: 09:00-20:00,09:00-22:00 (重なり11%)</description><styleUrl>#coin</styleUrl><MultiGeometry><LineString><coordinates>139.76415,35.67029,0 139.76508,35.66962,0 139.76558,35.66925,0 139.766,35.66888,0</coordinates></LineString></MultiGeometry></Placemark><Placemark><name>コイン(メーター)｜禁止帯なし</name><description>09:00-21:00 / 60分 / 300円
１月１日〜３日を除く
対象: 普通車・貨物
駐停車禁止: 近傍に線なし (重なり0%)
駐車禁止: 07:00-01:00,21:00-01:00,終日 (重なり5%)</description><styleUrl>#coin</styleUrl><MultiGeometry><LineString><coordinates>139.76403,35.67219,0 139.76436,35.67251,0 139.76569,35.67376,0 139.76644,35.67447,0 139.76695,35.67493,0 139.76721,35.67519,0</coordinates></LineString></MultiGeometry></Placemark><Placemark><name>コイン(メーター)｜禁止帯なし</name><description>09:00-21:00 / 60分 / 300円
１月１日〜３日を除く
対象: 普通車・貨物
駐停車禁止: 近傍に線なし (重なり0%)
駐車禁止: 21:00-01:00 (重なり5%)</description><styleUrl>#coin</styleUrl><MultiGeometry><LineString><coordinates>139.76954,35.6743,0 139.76856,35.67324,0 139.76782,35.67231,0 139.76703,35.67132,0 139.76626,35.67058,0</coordinates></LineString></MultiGeometry></Placemark><Placemark><name>コイン(メーター)｜禁止帯なし</name><description>09:00-19:00 / 60分 / 300円
日曜・休日を除く / １月１日〜３日を除く
対象: 普通車
駐停車禁止: 近傍に線なし (重なり0%)
駐車禁止: 09:00-19:00,終日 (重なり21%)</description><styleUrl>#coin</styleUrl><MultiGeometry><LineString><coordinates>139.76759,35.6753,0 139.76795,35.67588,0 139.7684,35.67661,0</coordinates></LineString></MultiGeometry></Placemark><Placemark><name>コイン(メーター)｜禁止帯なし</name><description>09:00-19:00 / 60分 / 300円
日曜・休日を除く / １月１日〜３日を除く
対象: 普通車
駐停車禁止: 近傍に線なし (重なり0%)
駐車禁止: 09:00-19:00,終日 (重なり2%)</description><styleUrl>#coin</styleUrl><MultiGeometry><LineString><coordinates>139.76651,35.67601,0 139.7671,35.67584,0 139.76853,35.67539,0 139.76896,35.67539,0</coordinates></LineString></MultiGeometry></Placemark><Placemark><name>コイン(メーター)｜禁止帯なし</name><description>09:00-19:00 / 60分 / 300円
日曜・休日を除く / １月１日〜３日を除く
対象: 普通車・貨物
駐停車禁止: 近傍に線なし (重なり0%)
駐車禁止: 09:00-19:00,終日 (重なり8%)</description><styleUrl>#coin</styleUrl><MultiGeometry><LineString><coordinates>139.77276,35.67824,0 139.7715,35.6762,0 139.77124,35.67577,0</coordinates></LineString></MultiGeometry></Placemark><Placemark><name>コイン(メーター)｜禁止帯なし</name><description>09:00-19:00 / 60分 / 300円
日曜・休日を除く / １月１日〜３日を除く
対象: 普通車・貨物
駐停車禁止: 近傍に線なし (重なり0%)
駐車禁止: 近傍に線なし (重なり0%)</description><styleUrl>#coin</styleUrl><MultiGeometry><LineString><coordinates>139.77021,35.67668,0 139.77201,35.67595,0</coordinates></LineString></MultiGeometry></Placemark><Placemark><name>コイン(メーター)｜禁止帯なし</name><description>09:00-19:00 / 60分 / 300円
日曜・休日を除く / １月１日〜３日を除く
対象: 普通車・貨物
駐停車禁止: 近傍に線なし (重なり0%)
駐車禁止: 終日 (重なり5%)</description><styleUrl>#coin</styleUrl><MultiGeometry><LineString><coordinates>139.77051,35.68,0 139.77172,35.68189,0 139.77202,35.6824,0 139.77234,35.68295,0</coordinates></LineString></MultiGeometry></Placemark><Placemark><name>コイン(メーター)｜禁止帯なし</name><description>09:00-19:00 / 60分 / 300円
日曜・休日を除く / １月１日〜３日を除く
対象: 普通車
駐停車禁止: 近傍に線なし (重なり0%)
駐車禁止: 終日 (重なり5%)</description><styleUrl>#coin</styleUrl><MultiGeometry><LineString><coordinates>139.76965,35.68104,0 139.76993,35.68093,0 139.77204,35.68006,0</coordinates></LineString></MultiGeometry></Placemark><Placemark><name>コイン(メーター)｜禁止帯なし</name><description>09:00-19:00 / 60分 / 300円
日曜・休日を除く / １月１日〜３日を除く
対象: 普通車・貨物
駐停車禁止: 近傍に線なし (重なり0%)
駐車禁止: 終日 (重なり2%)</description><styleUrl>#coin</styleUrl><MultiGeometry><LineString><coordinates>139.77224,35.68038,0 139.77155,35.68067,0 139.76985,35.68137,0</coordinates></LineString></MultiGeometry></Placemark><Placemark><name>コイン(メーター)｜禁止帯なし</name><description>09:00-19:00 / 40分 / 200円
日曜・休日を除く / １月１日〜３日を除く
対象: 普通車
駐停車禁止: 近傍に線なし (重なり0%)
駐車禁止: 近傍に線なし (重なり0%)</description><styleUrl>#coin</styleUrl><MultiGeometry><LineString><coordinates>139.7725,35.68083,0 139.77091,35.68148,0 139.77023,35.68174,0</coordinates></LineString><LineString><coordinates>139.77027,35.68174,0 139.7707,35.68158,0 139.77093,35.68149,0 139.77201,35.68104,0 139.77248,35.68085,0</coordinates></LineString></MultiGeometry></Placemark><Placemark><name>コイン(メーター)｜禁止帯なし</name><description>09:00-19:00 / 60分 / 300円
日曜・休日を除く / １月１日〜３日を除く
対象: 普通車・貨物
駐停車禁止: 近傍に線なし (重なり0%)
駐車禁止: 近傍に線なし (重なり0%)</description><styleUrl>#coin</styleUrl><MultiGeometry><LineString><coordinates>139.77289,35.68142,0 139.77273,35.6815,0 139.77176,35.6819,0 139.77097,35.68223,0 139.77057,35.68239,0</coordinates></LineString></MultiGeometry></Placemark><Placemark><name>コイン(メーター)｜駐車禁止帯</name><description>09:00-19:00 / 60分 / 300円
日曜・休日を除く / １月１日〜３日を除く
対象: 普通車
駐停車禁止: 近傍に線なし (重なり0%)
駐車禁止: 終日 (重なり50%)</description><styleUrl>#coin</styleUrl><MultiGeometry><LineString><coordinates>139.77084,35.6829,0 139.7713,35.68273,0 139.77201,35.68244,0 139.77317,35.68196,0</coordinates></LineString></MultiGeometry></Placemark><Placemark><name>コイン(メーター)｜禁止帯なし</name><description>09:00-19:00 / 60分 / 300円
日曜・休日を除く / １月１日〜３日を除く
対象: 普通車
駐停車禁止: 近傍に線なし (重なり0%)
駐車禁止: 近傍に線なし (重なり0%)</description><styleUrl>#coin</styleUrl><MultiGeometry><LineString><coordinates>139.77222,35.68,0 139.77303,35.67967,0 139.77348,35.67946,0</coordinates></LineString></MultiGeometry></Placemark><Placemark><name>コイン(メーター)｜禁止帯なし</name><description>09:00-19:00 / 60分 / 300円
日曜・休日を除く / １月１日〜３日を除く
対象: 普通車
駐停車禁止: 近傍に線なし (重なり0%)
駐車禁止: 近傍に線なし (重なり0%)</description><styleUrl>#coin</styleUrl><MultiGeometry><LineString><coordinates>139.77369,35.67977,0 139.77242,35.6803,0</coordinates></LineString></MultiGeometry></Placemark><Placemark><name>コイン(メーター)｜禁止帯なし</name><description>09:00-19:00 / 60分 / 300円
日曜・休日を除く / １月１日〜３日を除く
対象: 普通車
駐停車禁止: 近傍に線なし (重なり0%)
駐車禁止: 09:00-19:00 (重なり10%)</description><styleUrl>#coin</styleUrl><MultiGeometry><LineString><coordinates>139.75543,35.66917,0 139.75672,35.66873,0 139.75777,35.66838,0</coordinates></LineString></MultiGeometry></Placemark><Placemark><name>コイン(メーター)｜禁止帯なし</name><description>09:00-19:00 / 60分 / 300円
日曜・休日を除く / １月１日〜３日を除く
対象: 普通車・貨物
駐停車禁止: 近傍に線なし (重なり0%)
駐車禁止: 近傍に線なし (重なり0%)</description><styleUrl>#coin</styleUrl><MultiGeometry><LineString><coordinates>139.75693,35.66908,0 139.75562,35.66949,0</coordinates></LineString></MultiGeometry></Placemark><Placemark><name>コイン(メーター)｜駐車禁止帯</name><description>09:00-19:00 / 60分 / 300円
日曜・休日を除く / １月１日〜３日を除く
対象: 普通車
駐停車禁止: 近傍に線なし (重なり0%)
駐車禁止: 09:00-19:00 (重なり49%)</description><styleUrl>#coin</styleUrl><MultiGeometry><LineString><coordinates>139.75649,35.66821,0 139.75742,35.66999,0</coordinates></LineString></MultiGeometry></Placemark><Placemark><name>コイン(メーター)｜駐車禁止帯</name><description>09:00-19:00 / 60分 / 300円
日曜・休日を除く / １月１日〜３日を除く
対象: 普通車
駐停車禁止: 近傍に線なし (重なり0%)
駐車禁止: 09:00-19:00 (重なり92%)</description><styleUrl>#coin</styleUrl><MultiGeometry><LineString><coordinates>139.75805,35.66867,0 139.75792,35.66837,0</coordinates></LineString></MultiGeometry></Placemark><Placemark><name>コイン(メーター)｜駐車禁止帯</name><description>09:00-21:00 / 60分 / 300円
１月１日〜３日を除く
対象: 普通車・貨物
駐停車禁止: 近傍に線なし (重なり0%)
駐車禁止: 07:00-01:00,21:00-01:00,終日 (重なり98%)</description><styleUrl>#coin</styleUrl><MultiGeometry><LineString><coordinates>139.76437,35.67315,0 139.7652,35.67257,0 139.76642,35.67172,0 139.76696,35.67133,0</coordinates></LineString></MultiGeometry></Placemark><Placemark><name>コイン(メーター)｜禁止帯なし</name><description>09:00-19:00 / 60分 / 300円
日曜・休日を除く / １月１日〜３日を除く
対象: 普通車・貨物
駐停車禁止: 近傍に線なし (重なり0%)
駐車禁止: 近傍に線なし (重なり0%)</description><styleUrl>#coin</styleUrl><MultiGeometry><LineString><coordinates>139.76533,35.68029,0 139.76543,35.68019,0 139.76564,35.67988,0 139.76575,35.6797,0 139.76579,35.67963,0 139.76569,35.67981,0 139.76564,35.67987,0 139.76574,35.67971,0</coordinates></LineString></MultiGeometry></Placemark><Placemark><name>コイン(メーター)｜駐車禁止帯</name><description>09:00-21:00 / 60分 / 300円
１月１日〜３日を除く
対象: 普通車・貨物
駐停車禁止: 近傍に線なし (重なり0%)
駐車禁止: 21:00-01:00,終日 (重なり98%)</description><styleUrl>#coin</styleUrl><MultiGeometry><LineString><coordinates>139.75878,35.66864,0 139.75879,35.66872,0 139.75881,35.66879,0 139.75912,35.66934,0 139.75918,35.66947,0 139.75956,35.67014,0 139.76058,35.67194,0</coordinates></LineString></MultiGeometry></Placemark><Placemark><name>コイン(メーター)｜駐車禁止帯</name><description>09:00-19:00 / 60分 / 300円
日曜・休日を除く / １月１日〜３日を除く
対象: 普通車・貨物
駐停車禁止: 近傍に線なし (重なり0%)
駐車禁止: 19:00-09:00,終日 (重なり92%)</description><styleUrl>#coin</styleUrl><MultiGeometry><LineString><coordinates>139.76384,35.68324,0 139.7628,35.68347,0</coordinates></LineString></MultiGeometry></Placemark><Placemark><name>コイン(メーター)｜禁止帯なし</name><description>09:00-19:00 / 60分 / 300円
日曜・休日を除く / １月１日〜３日を除く
対象: 普通車
駐停車禁止: 近傍に線なし (重なり0%)
駐車禁止: 09:00-19:00 (重なり6%)</description><styleUrl>#coin</styleUrl><MultiGeometry><LineString><coordinates>139.77413,35.6835,0 139.77281,35.68381,0 139.77176,35.68405,0 139.77164,35.68406,0 139.77136,35.68412,0</coordinates></LineString><LineString><coordinates>139.7715,35.68419,0 139.77415,35.68357,0</coordinates></LineString></MultiGeometry></Placemark><Placemark><name>コイン(メーター)｜禁止帯なし</name><description>09:00-19:00 / 60分 / 300円
日曜・休日を除く / １月１日〜３日を除く
対象: 普通車
駐停車禁止: 近傍に線なし (重なり0%)
駐車禁止: 08:00-20:00,終日 (重なり5%)</description><styleUrl>#coin</styleUrl><MultiGeometry><LineString><coordinates>139.77448,35.689,0 139.77502,35.68768,0 139.77559,35.68632,0 139.77588,35.68562,0 139.77624,35.68483,0</coordinates></LineString></MultiGeometry></Placemark><Placemark><name>コイン(メーター)｜禁止帯なし</name><description>09:00-19:00 / 60分 / 300円
日曜・休日を除く / １月１日〜３日を除く
対象: 普通車
駐停車禁止: 近傍に線なし (重なり0%)
駐車禁止: 08:00-20:00 (重なり13%)</description><styleUrl>#coin</styleUrl><MultiGeometry><LineString><coordinates>139.77467,35.68493,0 139.77664,35.6855,0</coordinates></LineString></MultiGeometry></Placemark><Placemark><name>コイン(メーター)｜禁止帯なし</name><description>09:00-19:00 / 60分 / 300円
日曜・休日を除く / １月１日〜３日を除く
対象: 普通車
駐停車禁止: 近傍に線なし (重なり0%)
駐車禁止: 08:00-20:00 (重なり7%)</description><styleUrl>#coin</styleUrl><MultiGeometry><LineString><coordinates>139.7735,35.68759,0 139.77596,35.6884,0</coordinates></LineString><LineString><coordinates>139.77599,35.68833,0 139.77351,35.68753,0</coordinates></LineString></MultiGeometry></Placemark><Placemark><name>コイン(メーター)｜禁止帯なし</name><description>08:00-20:00 / 60分 / 300円
１月１日〜３日を除く
対象: 普通車
駐停車禁止: 近傍に線なし (重なり0%)
駐車禁止: 終日 (重なり9%)</description><styleUrl>#coin</styleUrl><MultiGeometry><LineString><coordinates>139.76506,35.68994,0 139.76552,35.69231,0</coordinates></LineString></MultiGeometry></Placemark><Placemark><name>コイン(メーター)｜駐車禁止帯</name><description>08:00-20:00 / 60分 / 300円
１月１日〜３日を除く
対象: 普通車
駐停車禁止: 近傍に線なし (重なり0%)
駐車禁止: 終日 (重なり31%)</description><styleUrl>#coin</styleUrl><MultiGeometry><LineString><coordinates>139.76611,35.68977,0 139.76658,35.69219,0</coordinates></LineString></MultiGeometry></Placemark><Placemark><name>コイン(メーター)｜禁止帯なし</name><description>08:00-20:00 / 60分 / 300円
１月１日〜３日を除く
対象: 普通車・貨物
駐停車禁止: 近傍に線なし (重なり0%)
駐車禁止: 終日 (重なり11%)</description><styleUrl>#coin</styleUrl><MultiGeometry><LineString><coordinates>139.76473,35.69091,0 139.76622,35.69074,0 139.76704,35.69066,0</coordinates></LineString></MultiGeometry></Placemark><Placemark><name>コイン(メーター)｜禁止帯なし</name><description>08:00-20:00 / 60分 / 300円
１月１日〜３日を除く
対象: 普通車
駐停車禁止: 近傍に線なし (重なり0%)
駐車禁止: 08:00-20:00,終日 (重なり8%)</description><styleUrl>#coin</styleUrl><MultiGeometry><LineString><coordinates>139.76774,35.68955,0 139.76798,35.69058,0 139.76832,35.69194,0 139.76819,35.69227,0</coordinates></LineString></MultiGeometry></Placemark><Placemark><name>コイン(メーター)｜禁止帯なし</name><description>08:00-20:00 / 60分 / 300円
１月１日〜３日を除く
対象: 普通車・貨物
駐停車禁止: 近傍に線なし (重なり0%)
駐車禁止: 08:00-20:00 (重なり5%)</description><styleUrl>#coin</styleUrl><MultiGeometry><LineString><coordinates>139.76724,35.69065,0 139.76894,35.69047,0 139.76982,35.69038,0 139.76987,35.69036,0</coordinates></LineString></MultiGeometry></Placemark><Placemark><name>コイン(メーター)｜禁止帯なし</name><description>08:00-20:00 / 60分 / 300円
日曜・休日を除く / １月１日〜３日を除く
対象: 普通車・貨物
駐停車禁止: 近傍に線なし (重なり0%)
駐車禁止: 08:00-20:00,終日 (重なり27%)</description><styleUrl>#coin</styleUrl><MultiGeometry><LineString><coordinates>139.76906,35.69252,0 139.76913,35.69215,0 139.76909,35.6916,0 139.76901,35.69077,0 139.76898,35.69043,0 139.76886,35.68989,0 139.76884,35.68979,0 139.76885,35.68968,0 139.76886,35.68963,0</coordinates></LineString></MultiGeometry></Placemark><Placemark><name>コイン(メーター)｜禁止帯なし</name><description>08:00-20:00 / 60分 / 300円
１月１日〜３日を除く
対象: 普通車
駐停車禁止: 近傍に線なし (重なり0%)
駐車禁止: 08:00-20:00 (重なり2%)</description><styleUrl>#coin</styleUrl><MultiGeometry><LineString><coordinates>139.76749,35.69171,0 139.76901,35.69158,0 139.76971,35.69155,0</coordinates></LineString></MultiGeometry></Placemark><Placemark><name>コイン(メーター)｜禁止帯なし</name><description>08:00-20:00 / 60分 / 300円
１月１日〜３日を除く
対象: 普通車・貨物
駐停車禁止: 近傍に線なし (重なり0%)
駐車禁止: 近傍に線なし (重なり0%)</description><styleUrl>#coin</styleUrl><MultiGeometry><LineString><coordinates>139.76927,35.69391,0 139.76884,35.69497,0</coordinates></LineString></MultiGeometry></Placemark><Placemark><name>コイン(メーター)｜禁止帯なし</name><description>08:00-20:00 / 60分 / 300円
１月１日〜３日を除く
対象: 普通車
駐停車禁止: 07:00-20:00 (重なり4%)
駐車禁止: 08:00-20:00,終日 (重なり9%)</description><styleUrl>#coin</styleUrl><MultiGeometry><LineString><coordinates>139.7662,35.69477,0 139.76645,35.69412,0 139.76644,35.69399,0 139.76634,35.6932,0 139.76619,35.69238,0</coordinates></LineString></MultiGeometry></Placemark><Placemark><name>コイン(メーター)｜駐車禁止帯</name><description>08:00-20:00 / 60分 / 300円
日曜・休日を除く / １月１日〜３日を除く
対象: 普通車
駐停車禁止: 近傍に線なし (重なり0%)
駐車禁止: 08:00-20:00 (重なり99%)</description><styleUrl>#coin</styleUrl><MultiGeometry><LineString><coordinates>139.76661,35.69234,0 139.76672,35.69289,0 139.76689,35.69379,0 139.76698,35.69425,0</coordinates></LineString></MultiGeometry></Placemark><Placemark><name>コイン(メーター)｜禁止帯なし</name><description>08:00-20:00 / 60分 / 300円
１月１日〜３日を除く
対象: 普通車・貨物
駐停車禁止: 近傍に線なし (重なり0%)
駐車禁止: 08:00-20:00 (重なり13%)</description><styleUrl>#coin</styleUrl><MultiGeometry><LineString><coordinates>139.76734,35.69334,0 139.7663,35.69345,0 139.76527,35.69355,0</coordinates></LineString></MultiGeometry></Placemark><Placemark><name>コイン(メーター)｜駐車禁止帯</name><description>08:00-20:00 / 60分 / 300円
１月１日〜３日を除く
対象: 普通車
駐停車禁止: 近傍に線なし (重なり0%)
駐車禁止: 08:00-20:00 (重なり45%)</description><styleUrl>#coin</styleUrl><MultiGeometry><LineString><coordinates>139.76544,35.6939,0 139.76737,35.69441,0</coordinates></LineString></MultiGeometry></Placemark><Placemark><name>コイン(メーター)｜禁止帯なし</name><description>08:00-20:00 / 60分 / 300円
１月１日〜３日を除く
対象: 普通車・貨物
駐停車禁止: 近傍に線なし (重なり0%)
駐車禁止: 08:00-20:00,終日 (重なり2%)</description><styleUrl>#coin</styleUrl><MultiGeometry><LineString><coordinates>139.76505,35.69249,0 139.76706,35.69228,0 139.76767,35.69224,0 139.76966,35.69278,0 139.771,35.69316,0</coordinates></LineString><LineString><coordinates>139.77105,35.69306,0 139.76906,35.69253,0 139.76753,35.6921,0 139.76503,35.69237,0</coordinates></LineString><LineString><coordinates>139.75885,35.6929,0 139.76109,35.69299,0 139.76254,35.69278,0 139.76483,35.69251,0</coordinates></LineString><LineString><coordinates>139.76479,35.69241,0 139.76312,35.69259,0 139.76118,35.69285,0</coordinates></LineString><LineString><coordinates>139.76096,35.69286,0 139.75888,35.69277,0</coordinates></LineString></MultiGeometry></Placemark><Placemark><name>コイン(メーター)｜禁止帯なし</name><description>07:00-20:00 / 60分 / 300円
１月１日〜３日を除く
対象: 普通車・貨物
駐停車禁止: 07:00-20:00 (重なり0%)
駐車禁止: 07:00-20:00,終日 (重なり2%)</description><styleUrl>#coin</styleUrl><MultiGeometry><LineString><coordinates>139.77679,35.69652,0 139.77735,35.69651,0 139.77872,35.69649,0 139.77993,35.69646,0</coordinates></LineString><LineString><coordinates>139.77992,35.69641,0 139.77752,35.69645,0 139.77577,35.69648,0</coordinates></LineString></MultiGeometry></Placemark><Placemark><name>コイン(メーター)｜禁止帯なし</name><description>07:00-20:00 / 60分 / 300円
１月１日〜３日を除く
対象: 普通車
駐停車禁止: 近傍に線なし (重なり0%)
駐車禁止: 終日 (重なり13%)</description><styleUrl>#coin</styleUrl><MultiGeometry><LineString><coordinates>139.7716,35.69589,0 139.77128,35.6967,0</coordinates></LineString></MultiGeometry></Placemark><Placemark><name>コイン(メーター)｜禁止帯なし</name><description>07:00-20:00 / 60分 / 300円
１月１日〜３日を除く
対象: 普通車
駐停車禁止: 近傍に線なし (重なり0%)
駐車禁止: 終日 (重なり5%)</description><styleUrl>#coin</styleUrl><MultiGeometry><LineString><coordinates>139.77081,35.69561,0 139.77127,35.69446,0</coordinates></LineString></MultiGeometry></Placemark><Placemark><name>コイン(メーター)｜禁止帯なし</name><description>07:00-20:00 / 60分 / 300円
１月１日〜３日を除く
対象: 普通車
駐停車禁止: 近傍に線なし (重なり0%)
駐車禁止: 終日 (重なり14%)</description><styleUrl>#coin</styleUrl><MultiGeometry><LineString><coordinates>139.77403,35.69399,0 139.7736,35.69506,0 139.77362,35.69551,0</coordinates></LineString></MultiGeometry></Placemark><Placemark><name>コイン(メーター)｜禁止帯なし</name><description>07:00-20:00 / 60分 / 300円
１月１日〜３日を除く
対象: 普通車・貨物
駐停車禁止: 07:00-20:00 (重なり3%)
駐車禁止: 終日 (重なり8%)</description><styleUrl>#coin</styleUrl><MultiGeometry><LineString><coordinates>139.77479,35.69548,0 139.77465,35.69534,0 139.77078,35.69428,0</coordinates></LineString></MultiGeometry></Placemark><Placemark><name>コイン(メーター)｜禁止帯なし</name><description>07:00-20:00 / 60分 / 300円
１月１日〜３日を除く
対象: 普通車
駐停車禁止: 近傍に線なし (重なり0%)
駐車禁止: 終日 (重なり4%)</description><styleUrl>#coin</styleUrl><MultiGeometry><LineString><coordinates>139.76936,35.6926,0 139.77016,35.6906,0</coordinates></LineString></MultiGeometry></Placemark><Placemark><name>コイン(メーター)｜禁止帯なし</name><description>09:00-20:00 / 60分 / 300円
１月１日〜３日を除く
対象: 普通車
駐停車禁止: 近傍に線なし (重なり0%)
駐車禁止: 終日 (重なり10%)</description><styleUrl>#coin</styleUrl><MultiGeometry><LineString><coordinates>139.7716,35.68826,0 139.77075,35.69032,0</coordinates></LineString></MultiGeometry></Placemark><Placemark><name>コイン(メーター)｜禁止帯なし</name><description>07:00-20:00 / 60分 / 300円
１月１日〜３日を除く
対象: 普通車
駐停車禁止: 近傍に線なし (重なり0%)
駐車禁止: 終日 (重なり10%)</description><styleUrl>#coin</styleUrl><MultiGeometry><LineString><coordinates>139.77263,35.69347,0 139.77347,35.69139,0</coordinates></LineString></MultiGeometry></Placemark><Placemark><name>コイン(メーター)｜禁止帯なし</name><description>09:00-20:00 / 60分 / 300円
日曜・休日を除く / １月１日〜３日を除く
対象: 普通車
駐停車禁止: 近傍に線なし (重なり0%)
駐車禁止: 終日 (重なり15%)</description><styleUrl>#coin</styleUrl><MultiGeometry><LineString><coordinates>139.77467,35.69248,0 139.77452,35.69272,0 139.77408,35.69386,0</coordinates></LineString></MultiGeometry></Placemark><Placemark><name>コイン(メーター)｜禁止帯なし</name><description>09:00-20:00 / 60分 / 300円
日曜・休日を除く / １月１日〜３日を除く
対象: 普通車
駐停車禁止: 近傍に線なし (重なり0%)
駐車禁止: 終日 (重なり8%)</description><styleUrl>#coin</styleUrl><MultiGeometry><LineString><coordinates>139.77476,35.69292,0 139.77168,35.69204,0</coordinates></LineString></MultiGeometry></Placemark><Placemark><name>コイン(メーター)｜禁止帯なし</name><description>09:00-20:00 / 60分 / 300円
日曜・休日を除く / １月１日〜３日を除く
対象: 普通車
駐停車禁止: 近傍に線なし (重なり0%)
駐車禁止: 終日 (重なり19%)</description><styleUrl>#coin</styleUrl><MultiGeometry><LineString><coordinates>139.77317,35.69203,0 139.77184,35.69164,0</coordinates></LineString></MultiGeometry></Placemark><Placemark><name>コイン(メーター)｜禁止帯なし</name><description>07:00-20:00 / 60分 / 300円
１月１日〜３日を除く
対象: 普通車
駐停車禁止: 近傍に線なし (重なり0%)
駐車禁止: 08:00-20:00 (重なり10%)</description><styleUrl>#coin</styleUrl><MultiGeometry><LineString><coordinates>139.77483,35.69106,0 139.77239,35.69027,0</coordinates></LineString></MultiGeometry></Placemark><Placemark><name>コイン(メーター)｜禁止帯なし</name><description>07:00-20:00 / 60分 / 300円
１月１日〜３日を除く
対象: 普通車
駐停車禁止: 近傍に線なし (重なり0%)
駐車禁止: 終日 (重なり12%)</description><styleUrl>#coin</styleUrl><MultiGeometry><LineString><coordinates>139.77221,35.6902,0 139.77046,35.68963,0</coordinates></LineString></MultiGeometry></Placemark><Placemark><name>コイン(メーター)｜禁止帯なし</name><description>07:00-20:00 / 60分 / 300円
１月１日〜３日を除く
対象: 普通車
駐停車禁止: 近傍に線なし (重なり0%)
駐車禁止: 近傍に線なし (重なり0%)</description><styleUrl>#coin</styleUrl><MultiGeometry><LineString><coordinates>139.7698,35.69155,0 139.77016,35.69166,0</coordinates></LineString></MultiGeometry></Placemark><Placemark><name>コイン(メーター)｜駐車禁止帯</name><description>09:00-19:00 / 60分 / 300円
日曜・休日を除く / １月１日〜３日を除く
対象: 普通車・貨物
駐停車禁止: 近傍に線なし (重なり0%)
駐車禁止: 19:00-01:00,終日 (重なり100%)</description><styleUrl>#coin</styleUrl><MultiGeometry><LineString><coordinates>139.75742,35.66734,0 139.75677,35.66612,0</coordinates></LineString></MultiGeometry></Placemark><Placemark><name>コイン(メーター)｜駐車禁止帯</name><description>09:00-19:00 / 60分 / 300円
日曜・休日を除く / １月１日〜３日を除く
対象: 普通車・貨物
駐停車禁止: 近傍に線なし (重なり0%)
駐車禁止: 終日 (重なり100%)</description><styleUrl>#coin</styleUrl><MultiGeometry><LineString><coordinates>139.75785,35.66627,0 139.75798,35.66575,0</coordinates></LineString></MultiGeometry></Placemark><Placemark><name>コイン(メーター)｜禁止帯なし</name><description>09:00-19:00 / 60分 / 300円
日曜・休日を除く / １月１日〜３日を除く
対象: 普通車・貨物
駐停車禁止: 近傍に線なし (重なり0%)
駐車禁止: 近傍に線なし (重なり0%)</description><styleUrl>#coin</styleUrl><MultiGeometry><LineString><coordinates>139.75435,35.66694,0 139.75564,35.6665,0</coordinates></LineString><LineString><coordinates>139.75562,35.66646,0 139.75432,35.66689,0</coordinates></LineString></MultiGeometry></Placemark><Placemark><name>コイン(メーター)｜禁止帯なし</name><description>09:00-19:00 / 60分 / 300円
日曜・休日を除く / １月１日〜３日を除く
対象: 普通車・貨物
駐停車禁止: 近傍に線なし (重なり0%)
駐車禁止: 終日 (重なり15%)</description><styleUrl>#coin</styleUrl><MultiGeometry><LineString><coordinates>139.75194,35.67018,0 139.75246,35.67019,0 139.75376,35.66972,0 139.75511,35.66927,0</coordinates></LineString></MultiGeometry></Placemark><Placemark><name>コイン(メーター)｜禁止帯なし</name><description>09:00-19:00 / 60分 / 300円
日曜・休日を除く / １月１日〜３日を除く
対象: 普通車
駐停車禁止: 近傍に線なし (重なり0%)
駐車禁止: 近傍に線なし (重なり0%)</description><styleUrl>#coin</styleUrl><MultiGeometry><LineString><coordinates>139.75494,35.66516,0 139.75371,35.66555,0</coordinates></LineString></MultiGeometry></Placemark><Placemark><name>コイン(メーター)｜駐車禁止帯</name><description>09:00-19:00 / 60分 / 300円
日曜・休日を除く / １月１日〜３日を除く
対象: 普通車
駐停車禁止: 近傍に線なし (重なり0%)
駐車禁止: 終日 (重なり91%)</description><styleUrl>#coin</styleUrl><MultiGeometry><LineString><coordinates>139.75733,35.66313,0 139.75595,35.6636,0 139.75408,35.66425,0 139.75324,35.66453,0</coordinates></LineString></MultiGeometry></Placemark><Placemark><name>コイン(メーター)｜駐車禁止帯</name><description>09:00-19:00 / 60分 / 300円
日曜・休日を除く / １月１日〜３日を除く
対象: 普通車
駐停車禁止: 近傍に線なし (重なり0%)
駐車禁止: 終日 (重なり49%)</description><styleUrl>#coin</styleUrl><MultiGeometry><LineString><coordinates>139.75297,35.66395,0 139.75415,35.66356,0</coordinates></LineString></MultiGeometry></Placemark><Placemark><name>コイン(メーター)｜禁止帯なし</name><description>09:00-19:00 / 60分 / 300円
日曜・休日を除く / １月１日〜３日を除く
対象: 普通車
駐停車禁止: 近傍に線なし (重なり0%)
駐車禁止: 09:00-19:00,終日 (重なり10%)</description><styleUrl>#coin</styleUrl><MultiGeometry><LineString><coordinates>139.75613,35.66169,0 139.75559,35.66199,0 139.75378,35.66252,0</coordinates></LineString></MultiGeometry></Placemark><Placemark><name>コイン(メーター)｜禁止帯なし</name><description>09:00-19:00 / 60分 / 300円
日曜・休日を除く / １月１日〜３日を除く
対象: 普通車・貨物
駐停車禁止: 近傍に線なし (重なり0%)
駐車禁止: 終日 (重なり7%)</description><styleUrl>#coin</styleUrl><MultiGeometry><LineString><coordinates>139.75565,35.66821,0 139.7551,35.66709,0 139.75428,35.66543,0</coordinates></LineString></MultiGeometry></Placemark><Placemark><name>コイン(メーター)｜禁止帯なし</name><description>09:00-19:00 / 60分 / 300円
日曜・休日を除く / １月１日〜３日を除く
対象: 普通車
駐停車禁止: 近傍に線なし (重なり0%)
駐車禁止: 近傍に線なし (重なり0%)</description><styleUrl>#coin</styleUrl><MultiGeometry><LineString><coordinates>139.75618,35.66509,0 139.75584,35.66444,0</coordinates></LineString></MultiGeometry></Placemark><Placemark><name>コイン(メーター)｜駐車禁止帯</name><description>09:00-19:00 / 60分 / 300円
日曜・休日を除く / １月１日〜３日を除く
対象: 普通車
駐停車禁止: 近傍に線なし (重なり0%)
駐車禁止: 終日 (重なり100%)</description><styleUrl>#coin</styleUrl><MultiGeometry><LineString><coordinates>139.75514,35.66107,0 139.75491,35.66115,0 139.75336,35.66162,0</coordinates></LineString></MultiGeometry></Placemark><Placemark><name>コイン(メーター)｜禁止帯なし</name><description>09:00-19:00 / 60分 / 300円
日曜・休日を除く / １月１日〜３日を除く
対象: 普通車・貨物
駐停車禁止: 近傍に線なし (重なり0%)
駐車禁止: 終日 (重なり3%)</description><styleUrl>#coin</styleUrl><MultiGeometry><LineString><coordinates>139.75348,35.66889,0 139.75319,35.66828,0 139.75215,35.66617,0</coordinates></LineString></MultiGeometry></Placemark><Placemark><name>コイン(メーター)｜禁止帯なし</name><description>09:00-19:00 / 60分 / 300円
日曜・休日を除く / １月１日〜３日を除く
対象: 普通車・貨物
駐停車禁止: 近傍に線なし (重なり0%)
駐車禁止: 09:00-19:00,終日 (重なり6%)</description><styleUrl>#coin</styleUrl><MultiGeometry><LineString><coordinates>139.75091,35.66808,0 139.75413,35.66701,0</coordinates></LineString><LineString><coordinates>139.7541,35.66695,0 139.75089,35.66801,0</coordinates></LineString></MultiGeometry></Placemark><Placemark><name>コイン(メーター)｜駐車禁止帯</name><description>09:00-19:00 / 60分 / 300円
日曜・休日を除く / １月１日〜３日を除く
対象: 普通車・貨物
駐停車禁止: 近傍に線なし (重なり0%)
駐車禁止: 19:00-01:00,終日 (重なり96%)</description><styleUrl>#coin</styleUrl><MultiGeometry><LineString><coordinates>139.75795,35.66448,0 139.7575,35.66466,0 139.75726,35.66474,0 139.75573,35.66525,0 139.75519,35.66542,0</coordinates></LineString></MultiGeometry></Placemark><Placemark><name>コイン(メーター)｜禁止帯なし</name><description>08:00-20:00 / 60分 / 300円
１月１日〜３日を除く
対象: 普通車
駐停車禁止: 近傍に線なし (重なり0%)
駐車禁止: 終日 (重なり24%)</description><styleUrl>#coin</styleUrl><MultiGeometry><LineString><coordinates>139.75968,35.69294,0 139.75965,35.69382,0</coordinates></LineString></MultiGeometry></Placemark><Placemark><name>コイン(メーター)｜駐車禁止帯</name><description>08:00-20:00 / 60分 / 300円
１月１日〜３日を除く
対象: 普通車
駐停車禁止: 近傍に線なし (重なり0%)
駐車禁止: 08:00-20:00,終日 (重なり99%)</description><styleUrl>#coin</styleUrl><MultiGeometry><LineString><coordinates>139.75972,35.6917,0 139.75969,35.69279,0</coordinates></LineString></MultiGeometry></Placemark><Placemark><name>コイン(メーター)｜禁止帯なし</name><description>08:00-20:00 / 60分 / 300円
１月１日〜３日を除く
対象: 普通車・貨物
駐停車禁止: 近傍に線なし (重なり0%)
駐車禁止: 08:00-20:00,終日 (重なり2%)</description><styleUrl>#coin</styleUrl><MultiGeometry><LineString><coordinates>139.75822,35.69907,0 139.75883,35.69841,0 139.75939,35.6976,0 139.75979,35.69702,0 139.75985,35.69694,0 139.75995,35.6968,0 139.7605,35.69617,0</coordinates></LineString><LineString><coordinates>139.76044,35.69614,0 139.76004,35.6966,0 139.7599,35.69677,0 139.75944,35.69743,0 139.75879,35.69834,0 139.75873,35.69843,0 139.75835,35.69882,0 139.75816,35.69904,0</coordinates></LineString></MultiGeometry></Placemark><Placemark><name>コイン(メーター)｜駐車禁止帯</name><description>08:00-20:00 / 60分 / 300円
１月１日〜３日を除く
対象: 普通車・貨物
駐停車禁止: 近傍に線なし (重なり0%)
駐車禁止: 終日 (重なり94%)</description><styleUrl>#coin</styleUrl><MultiGeometry><LineString><coordinates>139.75655,35.70137,0 139.75585,35.70155,0 139.75558,35.70161,0 139.75549,35.70161,0</coordinates></LineString></MultiGeometry></Placemark><Placemark><name>コイン(メーター)｜禁止帯なし</name><description>08:00-20:00 / 60分 / 300円
１月１日〜３日を除く
対象: 普通車
駐停車禁止: 近傍に線なし (重なり0%)
駐車禁止: 終日 (重なり3%)</description><styleUrl>#coin</styleUrl><MultiGeometry><LineString><coordinates>139.75568,35.70099,0 139.75656,35.70129,0</coordinates></LineString></MultiGeometry></Placemark><Placemark><name>コイン(メーター)｜禁止帯なし</name><description>08:00-20:00 / 60分 / 300円
１月１日〜３日を除く
対象: 普通車
駐停車禁止: 近傍に線なし (重なり0%)
駐車禁止: 終日 (重なり23%)</description><styleUrl>#coin</styleUrl><MultiGeometry><LineString><coordinates>139.75658,35.69917,0 139.75709,35.69936,0 139.75753,35.69967,0</coordinates></LineString></MultiGeometry></Placemark><Placemark><name>コイン(メーター)｜禁止帯なし</name><description>08:00-20:00 / 60分 / 300円
１月１日〜３日を除く
対象: 普通車・貨物
駐停車禁止: 近傍に線なし (重なり0%)
駐車禁止: 08:00-20:00,終日 (重なり2%)</description><styleUrl>#coin</styleUrl><MultiGeometry><LineString><coordinates>139.76183,35.6968,0 139.76283,35.69641,0 139.7629,35.69637,0 139.76336,35.69623,0 139.76447,35.69616,0 139.76489,35.69614,0</coordinates></LineString></MultiGeometry></Placemark><Placemark><name>コイン(メーター)｜禁止帯なし</name><description>08:00-20:00 / 60分 / 300円
１月１日〜３日を除く
対象: 普通車・貨物
駐停車禁止: 近傍に線なし (重なり0%)
駐車禁止: 近傍に線なし (重なり0%)</description><styleUrl>#coin</styleUrl><MultiGeometry><LineString><coordinates>139.76367,35.69724,0 139.76231,35.69774,0</coordinates></LineString></MultiGeometry></Placemark><Placemark><name>コイン(メーター)｜禁止帯なし</name><description>08:00-20:00 / 60分 / 300円
１月１日〜３日を除く
対象: 普通車・貨物
駐停車禁止: 近傍に線なし (重なり0%)
駐車禁止: 08:00-20:00 (重なり2%)</description><styleUrl>#coin</styleUrl><MultiGeometry><LineString><coordinates>139.76348,35.69449,0 139.76337,35.6962,0</coordinates></LineString></MultiGeometry></Placemark><Placemark><name>コイン(メーター)｜禁止帯なし</name><description>08:00-20:00 / 60分 / 300円
１月１日〜３日を除く
対象: 普通車・貨物
駐停車禁止: 近傍に線なし (重なり0%)
駐車禁止: 08:00-20:00,終日 (重なり11%)</description><styleUrl>#coin</styleUrl><MultiGeometry><LineString><coordinates>139.76346,35.69484,0 139.76342,35.6949,0 139.76167,35.69628,0</coordinates></LineString></MultiGeometry></Placemark><Placemark><name>コイン(メーター)｜禁止帯なし</name><description>09:00-19:00 / 60分 / 300円
日曜・休日を除く / １月１日〜３日を除く
対象: 普通車
駐停車禁止: 近傍に線なし (重なり0%)
駐車禁止: 終日 (重なり4%)</description><styleUrl>#coin</styleUrl><MultiGeometry><LineString><coordinates>139.74732,35.66469,0 139.74827,35.66651,0</coordinates></LineString></MultiGeometry></Placemark><Placemark><name>コイン(メーター)｜禁止帯なし</name><description>09:00-19:00 / 60分 / 300円
日曜・休日を除く / １月１日〜３日を除く
対象: 普通車・貨物
駐停車禁止: 近傍に線なし (重なり0%)
駐車禁止: 終日 (重なり8%)</description><styleUrl>#coin</styleUrl><MultiGeometry><LineString><coordinates>139.7535,35.66563,0 139.75031,35.6667,0</coordinates></LineString></MultiGeometry></Placemark><Placemark><name>コイン(メーター)｜駐車禁止帯</name><description>09:00-19:00 / 60分 / 300円
日曜・休日を除く / １月１日〜３日を除く
対象: 普通車
駐停車禁止: 近傍に線なし (重なり0%)
駐車禁止: 終日 (重なり100%)</description><styleUrl>#coin</styleUrl><MultiGeometry><LineString><coordinates>139.74998,35.66565,0 139.75069,35.66541,0 139.75217,35.66493,0 139.75301,35.66466,0</coordinates></LineString></MultiGeometry></Placemark><Placemark><name>コイン(メーター)｜禁止帯なし</name><description>08:00-20:00 / 60分 / 300円
１月１日〜３日を除く
対象: 普通車・貨物
駐停車禁止: 近傍に線なし (重なり0%)
駐車禁止: 08:00-20:00,終日 (重なり2%)</description><styleUrl>#coin</styleUrl><MultiGeometry><LineString><coordinates>139.75507,35.69623,0 139.75441,35.69746,0 139.75436,35.69766,0 139.75428,35.69782,0 139.7542,35.69794,0 139.754,35.69827,0 139.75347,35.69926,0 139.75289,35.7003,0 139.75207,35.70181,0</coordinates></LineString></MultiGeometry></Placemark><Placemark><name>コイン(メーター)｜禁止帯なし</name><description>08:00-20:00 / 60分 / 300円
１月１日〜３日を除く
対象: 普通車
駐停車禁止: 近傍に線なし (重なり0%)
駐車禁止: 08:00-20:00 (重なり4%)</description><styleUrl>#coin</styleUrl><MultiGeometry><LineString><coordinates>139.75846,35.69378,0 139.75622,35.69356,0</coordinates></LineString></MultiGeometry></Placemark><Placemark><name>コイン(メーター)｜禁止帯なし</name><description>08:00-20:00 / 60分 / 300円
１月１日〜３日を除く
対象: 普通車
駐停車禁止: 近傍に線なし (重なり0%)
駐車禁止: 08:00-20:00 (重なり11%)</description><styleUrl>#coin</styleUrl><MultiGeometry><LineString><coordinates>139.75586,35.69486,0 139.75819,35.69493,0</coordinates></LineString></MultiGeometry></Placemark><Placemark><name>コイン(メーター)｜駐車禁止帯</name><description>08:00-20:00 / 60分 / 300円
日曜・休日を除く / １月１日〜３日を除く
対象: 普通車
駐停車禁止: 07:00-20:00 (重なり2%)
駐車禁止: 08:00-12:00,08:00-20:00 (重なり99%)</description><styleUrl>#coin</styleUrl><MultiGeometry><LineString><coordinates>139.75777,35.69648,0 139.75517,35.69641,0</coordinates></LineString></MultiGeometry></Placemark><Placemark><name>コイン(メーター)｜駐車禁止帯</name><description>08:00-20:00 / 60分 / 300円
１月１日〜３日を除く
対象: 普通車・貨物
駐停車禁止: 近傍に線なし (重なり0%)
駐車禁止: 08:00-20:00,終日 (重なり99%)</description><styleUrl>#coin</styleUrl><MultiGeometry><LineString><coordinates>139.75296,35.69582,0 139.75288,35.69604,0 139.75284,35.69637,0 139.75278,35.69684,0 139.75273,35.69697,0 139.7526,35.6977,0</coordinates></LineString></MultiGeometry></Placemark><Placemark><name>コイン(メーター)｜駐車禁止帯</name><description>08:00-20:00 / 60分 / 300円
日曜・休日を除く / １月１日〜３日を除く
対象: 普通車・貨物
駐停車禁止: 近傍に線なし (重なり0%)
駐車禁止: 08:00-12:00,08:00-20:00 (重なり99%)</description><styleUrl>#coin</styleUrl><MultiGeometry><LineString><coordinates>139.75671,35.69849,0 139.75567,35.69805,0 139.75453,35.69758,0</coordinates></LineString></MultiGeometry></Placemark><Placemark><name>コイン(メーター)｜禁止帯なし</name><description>08:00-20:00 / 60分 / 300円
１月１日〜３日を除く
対象: 普通車
駐停車禁止: 近傍に線なし (重なり0%)
駐車禁止: 08:00-12:00,08:00-20:00,終日 (重なり4%)</description><styleUrl>#coin</styleUrl><MultiGeometry><LineString><coordinates>139.75599,35.69976,0 139.75368,35.69915,0</coordinates></LineString></MultiGeometry></Placemark><Placemark><name>コイン(メーター)｜禁止帯なし</name><description>08:00-20:00 / 60分 / 300円
１月１日〜３日を除く
対象: 普通車・貨物
駐停車禁止: 近傍に線なし (重なり0%)
駐車禁止: 08:00-20:00,終日 (重なり5%)</description><styleUrl>#coin</styleUrl><MultiGeometry><LineString><coordinates>139.75524,35.69962,0 139.75494,35.70018,0 139.75448,35.7011,0 139.75408,35.70183,0</coordinates></LineString></MultiGeometry></Placemark><Placemark><name>コイン(メーター)｜禁止帯なし</name><description>08:00-20:00 / 60分 / 300円
１月１日〜３日を除く
対象: 普通車
駐停車禁止: 近傍に線なし (重なり0%)
駐車禁止: 終日 (重なり11%)</description><styleUrl>#coin</styleUrl><MultiGeometry><LineString><coordinates>139.75316,35.70011,0 139.75462,35.70062,0 139.75541,35.7009,0</coordinates></LineString></MultiGeometry></Placemark><Placemark><name>コイン(メーター)｜禁止帯なし</name><description>08:00-20:00 / 60分 / 300円
１月１日〜３日を除く
対象: 普通車
駐停車禁止: 近傍に線なし (重なり0%)
駐車禁止: 08:00-20:00,終日 (重なり12%)</description><styleUrl>#coin</styleUrl><MultiGeometry><LineString><coordinates>139.75232,35.70178,0 139.75439,35.70112,0</coordinates></LineString></MultiGeometry></Placemark><Placemark><name>コイン(メーター)｜駐車禁止帯</name><description>08:00-20:00 / 60分 / 300円
日曜・休日を除く / １月１日〜３日を除く
対象: 普通車
駐停車禁止: 近傍に線なし (重なり0%)
駐車禁止: 終日 (重なり93%)</description><styleUrl>#coin</styleUrl><MultiGeometry><LineString><coordinates>139.75192,35.70232,0 139.75274,35.70225,0 139.75372,35.70218,0 139.75391,35.70215,0 139.75397,35.70213,0</coordinates></LineString></MultiGeometry></Placemark><Placemark><name>コイン(メーター)｜禁止帯なし</name><description>08:00-20:00 / 60分 / 300円
１月１日〜３日を除く
対象: 普通車
駐停車禁止: 近傍に線なし (重なり0%)
駐車禁止: 08:00-20:00,終日 (重なり27%)</description><styleUrl>#coin</styleUrl><MultiGeometry><LineString><coordinates>139.75304,35.70002,0 139.75215,35.69971,0</coordinates></LineString></MultiGeometry></Placemark><Placemark><name>コイン(メーター)｜禁止帯なし</name><description>08:00-20:00 / 60分 / 300円
１月１日〜３日を除く
対象: 普通車・貨物
駐停車禁止: 近傍に線なし (重なり0%)
駐車禁止: 終日 (重なり3%)</description><styleUrl>#coin</styleUrl><MultiGeometry><LineString><coordinates>139.75311,35.69786,0 139.75413,35.6977,0</coordinates></LineString><LineString><coordinates>139.75414,35.69756,0 139.75311,35.69772,0</coordinates></LineString></MultiGeometry></Placemark><Placemark><name>コイン(メーター)｜禁止帯なし</name><description>08:00-20:00 / 60分 / 300円
１月１日〜３日を除く
対象: 普通車
駐停車禁止: 近傍に線なし (重なり0%)
駐車禁止: 終日 (重なり3%)</description><styleUrl>#coin</styleUrl><MultiGeometry><LineString><coordinates>139.76173,35.69129,0 139.76447,35.69093,0</coordinates></LineString></MultiGeometry></Placemark><Placemark><name>コイン(メーター)｜禁止帯なし</name><description>08:00-20:00 / 60分 / 300円
１月１日〜３日を除く
対象: 普通車
駐停車禁止: 近傍に線なし (重なり0%)
駐車禁止: 終日 (重なり1%)</description><styleUrl>#coin</styleUrl><MultiGeometry><LineString><coordinates>139.76387,35.69374,0 139.76392,35.69424,0</coordinates></LineString><LineString><coordinates>139.76368,35.69265,0 139.76386,35.69368,0</coordinates></LineString></MultiGeometry></Placemark><Placemark><name>コイン(メーター)｜禁止帯なし</name><description>08:00-20:00 / 60分 / 300円
１月１日〜３日を除く
対象: 普通車・貨物
駐停車禁止: 近傍に線なし (重なり0%)
駐車禁止: 終日 (重なり11%)</description><styleUrl>#coin</styleUrl><MultiGeometry><LineString><coordinates>139.76369,35.69252,0 139.7633,35.6905,0</coordinates></LineString></MultiGeometry></Placemark><Placemark><name>コイン(メーター)｜禁止帯なし</name><description>08:00-20:00 / 60分 / 300円
１月１日〜３日を除く
対象: 普通車・貨物
駐停車禁止: 近傍に線なし (重なり0%)
駐車禁止: 08:00-20:00,終日 (重なり7%)</description><styleUrl>#coin</styleUrl><MultiGeometry><LineString><coordinates>139.76501,35.69357,0 139.76391,35.69368,0 139.76278,35.6938,0 139.76125,35.69384,0</coordinates></LineString></MultiGeometry></Placemark><Placemark><name>コイン(メーター)｜禁止帯なし</name><description>08:00-20:00 / 60分 / 300円
１月１日〜３日を除く
対象: 普通車
駐停車禁止: 近傍に線なし (重なり0%)
駐車禁止: 終日 (重なり11%)</description><styleUrl>#coin</styleUrl><MultiGeometry><LineString><coordinates>139.76214,35.69078,0 139.76251,35.69266,0</coordinates></LineString></MultiGeometry></Placemark><Placemark><name>コイン(メーター)｜禁止帯なし</name><description>08:00-20:00 / 60分 / 300円
日曜・休日を除く / １月１日〜３日を除く
対象: 普通車
駐停車禁止: 近傍に線なし (重なり0%)
駐車禁止: 08:00-20:00,終日 (重なり11%)</description><styleUrl>#coin</styleUrl><MultiGeometry><LineString><coordinates>139.76621,35.6955,0 139.76663,35.69628,0</coordinates></LineString></MultiGeometry></Placemark><Placemark><name>コイン(メーター)｜駐車禁止帯</name><description>08:00-20:00 / 60分 / 300円
日曜・休日を除く / １月１日〜３日を除く
対象: 普通車
駐停車禁止: 07:00-20:00 (重なり4%)
駐車禁止: 08:00-20:00,終日 (重なり80%)</description><styleUrl>#coin</styleUrl><MultiGeometry><LineString><coordinates>139.76532,35.6951,0 139.76738,35.69592,0</coordinates></LineString></MultiGeometry></Placemark><Placemark><name>コイン(メーター)｜駐車禁止帯</name><description>08:00-20:00 / 60分 / 300円
日曜・休日を除く / １月１日〜３日を除く
対象: 普通車
駐停車禁止: 近傍に線なし (重なり0%)
駐車禁止: 08:00-20:00 (重なり88%)</description><styleUrl>#coin</styleUrl><MultiGeometry><LineString><coordinates>139.76645,35.69511,0 139.76626,35.69544,0</coordinates></LineString></MultiGeometry></Placemark><Placemark><name>コイン(メーター)｜禁止帯なし</name><description>09:00-19:00 / 60分 / 300円
１月１日〜３日を除く
対象: 普通車
駐停車禁止: 近傍に線なし (重なり0%)
駐車禁止: 07:00-21:00,終日 (重なり14%)</description><styleUrl>#coin</styleUrl><MultiGeometry><LineString><coordinates>139.77043,35.69811,0 139.77046,35.69833,0 139.77053,35.69881,0 139.77059,35.69932,0 139.77062,35.69965,0</coordinates></LineString></MultiGeometry></Placemark><Placemark><name>コイン(メーター)｜禁止帯なし</name><description>09:00-19:00 / 60分 / 300円
１月１日〜３日を除く
対象: 普通車
駐停車禁止: 近傍に線なし (重なり0%)
駐車禁止: 終日 (重なり4%)</description><styleUrl>#coin</styleUrl><MultiGeometry><LineString><coordinates>139.76971,35.69972,0 139.76965,35.69939,0 139.76958,35.69875,0</coordinates></LineString></MultiGeometry></Placemark><Placemark><name>コイン(メーター)｜駐車禁止帯</name><description>09:00-19:00 / 60分 / 300円
１月１日〜３日を除く
対象: 普通車
駐停車禁止: 近傍に線なし (重なり0%)
駐車禁止: 終日 (重なり98%)</description><styleUrl>#coin</styleUrl><MultiGeometry><LineString><coordinates>139.76958,35.69858,0 139.77046,35.69851,0 139.77113,35.69845,0</coordinates></LineString></MultiGeometry></Placemark><Placemark><name>コイン(メーター)｜禁止帯なし</name><description>09:00-19:00 / 60分 / 300円
１月１日〜３日を除く
対象: 普通車
駐停車禁止: 近傍に線なし (重なり0%)
駐車禁止: 近傍に線なし (重なり0%)</description><styleUrl>#coin</styleUrl><MultiGeometry><LineString><coordinates>139.76924,35.69947,0 139.76962,35.69943,0 139.76968,35.69941,0 139.77058,35.69935,0</coordinates></LineString></MultiGeometry></Placemark><Placemark><name>コイン(メーター)｜禁止帯なし</name><description>07:00-20:00 / 60分 / 300円
１月１日〜３日を除く
対象: 普通車
駐停車禁止: 近傍に線なし (重なり0%)
駐車禁止: 07:00-20:00,終日 (重なり19%)</description><styleUrl>#coin</styleUrl><MultiGeometry><LineString><coordinates>139.7799,35.69595,0 139.77843,35.69601,0</coordinates></LineString></MultiGeometry></Placemark><Placemark><name>コイン(メーター)｜駐車禁止帯</name><description>07:00-20:00 / 60分 / 300円
１月１日〜３日を除く
対象: 普通車
駐停車禁止: 近傍に線なし (重なり0%)
駐車禁止: 終日 (重なり31%)</description><styleUrl>#coin</styleUrl><MultiGeometry><LineString><coordinates>139.7837,35.69518,0 139.78385,35.69585,0</coordinates></LineString></MultiGeometry></Placemark><Placemark><name>コイン(メーター)｜禁止帯なし</name><description>07:00-20:00 / 60分 / 300円
１月１日〜３日を除く
対象: 普通車
駐停車禁止: 近傍に線なし (重なり0%)
駐車禁止: 07:00-20:00 (重なり25%)</description><styleUrl>#coin</styleUrl><MultiGeometry><LineString><coordinates>139.77833,35.69179,0 139.77893,35.69109,0</coordinates></LineString></MultiGeometry></Placemark><Placemark><name>コイン(メーター)｜禁止帯なし</name><description>07:00-20:00 / 60分 / 300円
１月１日〜３日を除く
対象: 普通車
駐停車禁止: 近傍に線なし (重なり0%)
駐車禁止: 近傍に線なし (重なり0%)</description><styleUrl>#coin</styleUrl><MultiGeometry><LineString><coordinates>139.77739,35.69199,0 139.77641,35.6916,0 139.77517,35.6912,0</coordinates></LineString></MultiGeometry></Placemark><Placemark><name>コイン(メーター)｜禁止帯なし</name><description>07:00-20:00 / 60分 / 300円
１月１日〜３日を除く
対象: 普通車
駐停車禁止: 近傍に線なし (重なり0%)
駐車禁止: 近傍に線なし (重なり0%)</description><styleUrl>#coin</styleUrl><MultiGeometry><LineString><coordinates>139.77677,35.6912,0 139.77768,35.69156,0</coordinates></LineString></MultiGeometry></Placemark><Placemark><name>コイン(メーター)｜禁止帯なし</name><description>07:00-20:00 / 60分 / 300円
１月１日〜３日を除く
対象: 普通車
駐停車禁止: 近傍に線なし (重なり0%)
駐車禁止: 近傍に線なし (重なり0%)</description><styleUrl>#coin</styleUrl><MultiGeometry><LineString><coordinates>139.77783,35.69163,0 139.77895,35.6921,0</coordinates></LineString></MultiGeometry></Placemark><Placemark><name>コイン(メーター)｜禁止帯なし</name><description>07:00-20:00 / 60分 / 300円
１月１日〜３日を除く
対象: 普通車
駐停車禁止: 近傍に線なし (重なり0%)
駐車禁止: 終日 (重なり10%)</description><styleUrl>#coin</styleUrl><MultiGeometry><LineString><coordinates>139.77906,35.6921,0 139.78017,35.69276,0 139.78112,35.69348,0</coordinates></LineString></MultiGeometry></Placemark><Placemark><name>コイン(メーター)｜禁止帯なし</name><description>07:00-20:00 / 60分 / 300円
１月１日〜３日を除く
対象: 普通車
駐停車禁止: 近傍に線なし (重なり0%)
駐車禁止: 09:00-18:30 (重なり12%)</description><styleUrl>#coin</styleUrl><MultiGeometry><LineString><coordinates>139.7812,35.69511,0 139.78195,35.69448,0 139.78216,35.69431,0 139.78242,35.6941,0 139.78248,35.69405,0 139.7828,35.69378,0</coordinates></LineString></MultiGeometry></Placemark><Placemark><name>コイン(メーター)｜禁止帯なし</name><description>07:00-20:00 / 60分 / 300円
１月１日〜３日を除く
対象: 普通車
駐停車禁止: 終日 (重なり23%)
駐車禁止: 終日 (重なり22%)</description><styleUrl>#coin</styleUrl><MultiGeometry><LineString><coordinates>139.78106,35.69518,0 139.78098,35.6951,0 139.78018,35.69451,0</coordinates></LineString></MultiGeometry></Placemark><Placemark><name>コイン(メーター)｜駐車禁止帯</name><description>09:00-17:30 / 60分 / 300円
日曜・休日を除く / １月１日〜３日を除く
対象: 普通車
駐停車禁止: 終日 (重なり21%)
駐車禁止: 09:00-18:30 (重なり97%)</description><styleUrl>#coin</styleUrl><MultiGeometry><LineString><coordinates>139.78071,35.69404,0 139.78165,35.69474,0</coordinates></LineString></MultiGeometry></Placemark><Placemark><name>コイン(メーター)｜禁止帯なし</name><description>07:00-20:00 / 60分 / 300円
１月１日〜３日を除く
対象: 普通車
駐停車禁止: 終日 (重なり9%)
駐車禁止: 08:00-20:00 (重なり9%)</description><styleUrl>#coin</styleUrl><MultiGeometry><LineString><coordinates>139.7836,35.69491,0 139.7815,35.69336,0</coordinates></LineString></MultiGeometry></Placemark><Placemark><name>コイン(メーター)｜駐車禁止帯</name><description>07:00-20:00 / 60分 / 300円
１月１日〜３日を除く
対象: 普通車・貨物
駐停車禁止: 終日 (重なり11%)
駐車禁止: 07:00-20:00,08:00-20:00 (重なり32%)</description><styleUrl>#coin</styleUrl><MultiGeometry><LineString><coordinates>139.78124,35.69357,0 139.78274,35.69467,0 139.78282,35.69504,0</coordinates></LineString></MultiGeometry></Placemark><Placemark><name>コイン(メーター)｜禁止帯なし</name><description>07:00-20:00 / 60分 / 300円
１月１日〜３日を除く
対象: 普通車
駐停車禁止: 近傍に線なし (重なり0%)
駐車禁止: 近傍に線なし (重なり0%)</description><styleUrl>#coin</styleUrl><MultiGeometry><LineString><coordinates>139.76866,35.696,0 139.76972,35.69642,0</coordinates></LineString></MultiGeometry></Placemark><Placemark><name>コイン(メーター)｜駐車禁止帯</name><description>09:00-21:00 / 60分 / 300円
１月１日〜３日を除く
対象: 普通車・貨物
駐停車禁止: 近傍に線なし (重なり0%)
駐車禁止: 07:00-01:00,21:00-01:00,終日 (重なり99%)</description><styleUrl>#coin</styleUrl><MultiGeometry><LineString><coordinates>139.7687,35.67165,0 139.76783,35.67224,0 139.76733,35.67258,0 139.76614,35.67342,0 139.76572,35.67371,0 139.7651,35.67414,0</coordinates></LineString></MultiGeometry></Placemark><Placemark><name>コイン(メーター)｜禁止帯なし</name><description>09:00-21:00 / 60分 / 300円
１月１日〜３日を除く
対象: 普通車・貨物
駐停車禁止: 近傍に線なし (重なり0%)
駐車禁止: 終日 (重なり14%)</description><styleUrl>#coin</styleUrl><MultiGeometry><LineString><coordinates>139.76813,35.67052,0 139.76919,35.66975,0 139.76952,35.66952,0</coordinates></LineString></MultiGeometry></Placemark><Placemark><name>コイン(メーター)｜禁止帯なし</name><description>09:00-21:00 / 60分 / 300円
１月１日〜３日を除く
対象: 普通車・貨物
駐停車禁止: 近傍に線なし (重なり0%)
駐車禁止: 近傍に線なし (重なり0%)</description><styleUrl>#coin</styleUrl><MultiGeometry><LineString><coordinates>139.76997,35.67077,0 139.76989,35.67072,0 139.7695,35.67038,0 139.76901,35.66996,0 139.76892,35.66981,0 139.768,35.66903,0</coordinates></LineString></MultiGeometry></Placemark><Placemark><name>コイン(メーター)｜駐車禁止帯</name><description>09:00-21:00 / 60分 / 300円
１月１日〜３日を除く
対象: 普通車・貨物
駐停車禁止: 近傍に線なし (重なり0%)
駐車禁止: 09:00-21:00,終日 (重なり36%)</description><styleUrl>#coin</styleUrl><MultiGeometry><LineString><coordinates>139.76935,35.67128,0 139.77096,35.67294,0</coordinates></LineString></MultiGeometry></Placemark><Placemark><name>コイン(メーター)｜駐車禁止帯</name><description>09:00-21:00 / 60分 / 300円
１月１日〜３日を除く
対象: 普通車・貨物
駐停車禁止: 近傍に線なし (重なり0%)
駐車禁止: 09:00-21:00,終日 (重なり97%)</description><styleUrl>#coin</styleUrl><MultiGeometry><LineString><coordinates>139.76986,35.67246,0 139.77117,35.6716,0 139.77163,35.67141,0</coordinates></LineString></MultiGeometry></Placemark><Placemark><name>コイン(メーター)｜禁止帯なし</name><description>09:00-19:00 / 60分 / 300円
日曜・休日を除く / １月１日〜３日を除く
対象: 普通車・貨物
駐停車禁止: 近傍に線なし (重なり0%)
駐車禁止: 終日 (重なり9%)</description><styleUrl>#coin</styleUrl><MultiGeometry><LineString><coordinates>139.77545,35.67148,0 139.77463,35.67169,0 139.77419,35.67181,0 139.7727,35.67223,0</coordinates></LineString></MultiGeometry></Placemark><Placemark><name>コイン(メーター)｜禁止帯なし</name><description>09:00-19:00 / 60分 / 300円
日曜・休日を除く / １月１日〜３日を除く
対象: 普通車・貨物
駐停車禁止: 近傍に線なし (重なり0%)
駐車禁止: 終日 (重なり2%)</description><styleUrl>#coin</styleUrl><MultiGeometry><LineString><coordinates>139.76978,35.66752,0 139.77144,35.66887,0 139.7721,35.66943,0 139.77291,35.67053,0 139.77324,35.67106,0 139.77408,35.67296,0 139.77411,35.67303,0 139.77417,35.67394,0</coordinates></LineString><LineString><coordinates>139.7743,35.67392,0 139.77429,35.67384,0 139.77423,35.6738,0 139.77423,35.67364,0 139.77423,35.67317,0 139.77422,35.67303,0 139.77415,35.67287,0 139.77333,35.67102,0 139.77308,35.67058,0 139.77217,35.66936,0 139.77152,35.66881,0 139.76985,35.66745,0</coordinates></LineString></MultiGeometry></Placemark><Placemark><name>コイン(メーター)｜禁止帯なし</name><description>09:00-19:00 / 60分 / 300円
日曜・休日を除く / １月１日〜３日を除く
対象: 普通車・貨物
駐停車禁止: 近傍に線なし (重なり0%)
駐車禁止: 終日 (重なり15%)</description><styleUrl>#coin</styleUrl><MultiGeometry><LineString><coordinates>139.77402,35.67253,0 139.77568,35.67206,0</coordinates></LineString></MultiGeometry></Placemark><Placemark><name>コイン(メーター)｜禁止帯なし</name><description>09:00-19:00 / 60分 / 300円
日曜・休日を除く / １月１日〜３日を除く
対象: 普通車
駐停車禁止: 近傍に線なし (重なり0%)
駐車禁止: 08:00-20:00,終日 (重なり9%)</description><styleUrl>#coin</styleUrl><MultiGeometry><LineString><coordinates>139.77721,35.67542,0 139.77566,35.67595,0 139.77519,35.67612,0 139.77446,35.6764,0</coordinates></LineString></MultiGeometry></Placemark><Placemark><name>コイン(メーター)｜禁止帯なし</name><description>09:00-19:00 / 60分 / 300円
日曜・休日を除く / １月１日〜３日を除く
対象: 普通車
駐停車禁止: 近傍に線なし (重なり0%)
駐車禁止: 終日 (重なり10%)</description><styleUrl>#coin</styleUrl><MultiGeometry><LineString><coordinates>139.77527,35.67702,0 139.77682,35.67638,0 139.77761,35.67606,0</coordinates></LineString></MultiGeometry></Placemark><Placemark><name>コイン(メーター)｜駐車禁止帯</name><description>09:00-19:00 / 60分 / 300円
日曜・休日を除く / １月１日〜３日を除く
対象: 普通車
駐停車禁止: 近傍に線なし (重なり0%)
駐車禁止: 08:00-20:00,09:00-19:00,終日 (重なり89%)</description><styleUrl>#coin</styleUrl><MultiGeometry><LineString><coordinates>139.77481,35.67985,0 139.77699,35.67896,0 139.77894,35.6782,0</coordinates></LineString></MultiGeometry></Placemark><Placemark><name>コイン(メーター)｜禁止帯なし</name><description>09:00-19:00 / 60分 / 300円
日曜・休日を除く / １月１日〜３日を除く
対象: 普通車
駐停車禁止: 近傍に線なし (重なり0%)
駐車禁止: 近傍に線なし (重なり0%)</description><styleUrl>#coin</styleUrl><MultiGeometry><LineString><coordinates>139.77799,35.67801,0 139.7769,35.67847,0</coordinates></LineString></MultiGeometry></Placemark><Placemark><name>コイン(メーター)｜禁止帯なし</name><description>09:00-19:00 / 60分 / 300円
日曜・休日を除く / １月１日〜３日を除く
対象: 普通車
駐停車禁止: 近傍に線なし (重なり0%)
駐車禁止: 08:00-20:00 (重なり9%)</description><styleUrl>#coin</styleUrl><MultiGeometry><LineString><coordinates>139.77561,35.67849,0 139.77666,35.67807,0 139.77778,35.67757,0 139.77836,35.67733,0</coordinates></LineString></MultiGeometry></Placemark><Placemark><name>コイン(メーター)｜禁止帯なし</name><description>09:00-19:00 / 60分 / 300円
日曜・休日を除く / １月１日〜３日を除く
対象: 普通車
駐停車禁止: 近傍に線なし (重なり0%)
駐車禁止: 08:00-20:00 (重なり28%)</description><styleUrl>#coin</styleUrl><MultiGeometry><LineString><coordinates>139.77663,35.67833,0 139.77573,35.6787,0</coordinates></LineString></MultiGeometry></Placemark><Placemark><name>コイン(メーター)｜禁止帯なし</name><description>09:00-19:00 / 60分 / 300円
日曜・休日を除く / １月１日〜３日を除く
対象: 普通車
駐停車禁止: 近傍に線なし (重なり0%)
駐車禁止: 近傍に線なし (重なり0%)</description><styleUrl>#coin</styleUrl><MultiGeometry><LineString><coordinates>139.77767,35.67962,0 139.77937,35.6789,0</coordinates></LineString></MultiGeometry></Placemark><Placemark><name>コイン(メーター)｜禁止帯なし</name><description>09:00-19:00 / 60分 / 300円
日曜・休日を除く / １月１日〜３日を除く
対象: 普通車
駐停車禁止: 近傍に線なし (重なり0%)
駐車禁止: 終日 (重なり6%)</description><styleUrl>#coin</styleUrl><MultiGeometry><LineString><coordinates>139.77769,35.68204,0 139.77721,35.68129,0</coordinates></LineString></MultiGeometry></Placemark><Placemark><name>コイン(メーター)｜禁止帯なし</name><description>09:00-19:00 / 60分 / 300円
日曜・休日を除く / １月１日〜３日を除く
対象: 普通車
駐停車禁止: 近傍に線なし (重なり0%)
駐車禁止: 09:00-19:00 (重なり10%)</description><styleUrl>#coin</styleUrl><MultiGeometry><LineString><coordinates>139.77653,35.68156,0 139.77704,35.68235,0 139.77776,35.6835,0</coordinates></LineString></MultiGeometry></Placemark><Placemark><name>コイン(メーター)｜禁止帯なし</name><description>09:00-19:00 / 60分 / 300円
日曜・休日を除く / １月１日〜３日を除く
対象: 普通車
駐停車禁止: 近傍に線なし (重なり0%)
駐車禁止: 08:00-20:00,09:00-19:00,終日 (重なり8%)</description><styleUrl>#coin</styleUrl><MultiGeometry><LineString><coordinates>139.78019,35.6804,0 139.77937,35.68113,0 139.77903,35.68145,0 139.77885,35.6816,0 139.77842,35.68178,0 139.7777,35.68205,0</coordinates></LineString></MultiGeometry></Placemark><Placemark><name>コイン(メーター)｜禁止帯なし</name><description>09:00-19:00 / 60分 / 300円
日曜・休日を除く / １月１日〜３日を除く
対象: 普通車
駐停車禁止: 近傍に線なし (重なり0%)
駐車禁止: 06:00-20:00,終日 (重なり6%)</description><styleUrl>#coin</styleUrl><MultiGeometry><LineString><coordinates>139.77954,35.68962,0 139.77993,35.68988,0 139.7829,35.69192,0</coordinates></LineString></MultiGeometry></Placemark><Placemark><name>コイン(メーター)｜駐車禁止帯</name><description>09:00-19:00 / 60分 / 300円
日曜・休日を除く / １月１日〜３日を除く
対象: 普通車・貨物
駐停車禁止: 近傍に線なし (重なり0%)
駐車禁止: 06:00-20:00,終日 (重なり97%)</description><styleUrl>#coin</styleUrl><MultiGeometry><LineString><coordinates>139.7836,35.69127,0 139.78257,35.69056,0 139.78108,35.6896,0 139.78005,35.68903,0</coordinates></LineString></MultiGeometry></Placemark><Placemark><name>コイン(メーター)｜禁止帯なし</name><description>09:00-19:00 / 60分 / 300円
日曜・休日を除く / １月１日〜３日を除く
対象: 普通車
駐停車禁止: 近傍に線なし (重なり0%)
駐車禁止: 近傍に線なし (重なり0%)</description><styleUrl>#coin</styleUrl><MultiGeometry><LineString><coordinates>139.78141,35.68938,0 139.78242,35.69002,0</coordinates></LineString></MultiGeometry></Placemark><Placemark><name>コイン(メーター)｜禁止帯なし</name><description>09:00-19:00 / 60分 / 300円
日曜・休日を除く / １月１日〜３日を除く
対象: 普通車
駐停車禁止: 近傍に線なし (重なり0%)
駐車禁止: 06:00-20:00,終日 (重なり6%)</description><styleUrl>#coin</styleUrl><MultiGeometry><LineString><coordinates>139.78061,35.68837,0 139.78424,35.69069,0</coordinates></LineString></MultiGeometry></Placemark><Placemark><name>コイン(メーター)｜禁止帯なし</name><description>09:00-19:00 / 60分 / 300円
日曜・休日を除く / １月１日〜３日を除く
対象: 普通車
駐停車禁止: 近傍に線なし (重なり0%)
駐車禁止: 09:00-19:00 (重なり1%)</description><styleUrl>#coin</styleUrl><MultiGeometry><LineString><coordinates>139.78368,35.68873,0 139.78255,35.68801,0 139.7815,35.6873,0</coordinates></LineString></MultiGeometry></Placemark><Placemark><name>コイン(メーター)｜禁止帯なし</name><description>09:00-19:00 / 60分 / 300円
日曜・休日を除く / １月１日〜３日を除く
対象: 普通車・貨物
駐停車禁止: 近傍に線なし (重なり0%)
駐車禁止: 06:00-20:00,08:00-20:00,終日 (重なり8%)</description><styleUrl>#coin</styleUrl><MultiGeometry><LineString><coordinates>139.77969,35.69132,0 139.78164,35.68904,0</coordinates></LineString></MultiGeometry></Placemark><Placemark><name>コイン(メーター)｜禁止帯なし</name><description>09:00-19:00 / 60分 / 300円
日曜・休日を除く / １月１日〜３日を除く
対象: 普通車
駐停車禁止: 近傍に線なし (重なり0%)
駐車禁止: 終日 (重なり9%)</description><styleUrl>#coin</styleUrl><MultiGeometry><LineString><coordinates>139.78331,35.68707,0 139.78167,35.68894,0</coordinates></LineString></MultiGeometry></Placemark><Placemark><name>コイン(メーター)｜禁止帯なし</name><description>09:00-19:00 / 60分 / 300円
日曜・休日を除く / １月１日〜３日を除く
対象: 普通車
駐停車禁止: 近傍に線なし (重なり0%)
駐車禁止: 近傍に線なし (重なり0%)</description><styleUrl>#coin</styleUrl><MultiGeometry><LineString><coordinates>139.78183,35.68483,0 139.78294,35.68548,0</coordinates></LineString></MultiGeometry></Placemark><Placemark><name>コイン(メーター)｜禁止帯なし</name><description>09:00-19:00 / 60分 / 300円
日曜・休日を除く / １月１日〜３日を除く
対象: 普通車
駐停車禁止: 近傍に線なし (重なり0%)
駐車禁止: 09:00-19:00,終日 (重なり7%)</description><styleUrl>#coin</styleUrl><MultiGeometry><LineString><coordinates>139.7855,35.68443,0 139.78474,35.68531,0 139.78446,35.68576,0 139.78339,35.68696,0</coordinates></LineString></MultiGeometry></Placemark><Placemark><name>コイン(メーター)｜禁止帯なし</name><description>09:00-19:00 / 60分 / 300円
日曜・休日を除く / １月１日〜３日を除く
対象: 普通車
駐停車禁止: 近傍に線なし (重なり0%)
駐車禁止: 09:00-19:00,終日 (重なり7%)</description><styleUrl>#coin</styleUrl><MultiGeometry><LineString><coordinates>139.78282,35.68658,0 139.78365,35.68565,0 139.78494,35.68416,0</coordinates></LineString></MultiGeometry></Placemark><Placemark><name>コイン(メーター)｜禁止帯なし</name><description>09:00-19:00 / 60分 / 300円
日曜・休日を除く / １月１日〜３日を除く
対象: 普通車・貨物
駐停車禁止: 近傍に線なし (重なり0%)
駐車禁止: 09:00-19:00,終日 (重なり3%)</description><styleUrl>#coin</styleUrl><MultiGeometry><LineString><coordinates>139.78578,35.68649,0 139.78454,35.68575,0 139.78385,35.68535,0 139.78346,35.68511,0</coordinates></LineString></MultiGeometry></Placemark><Placemark><name>コイン(メーター)｜禁止帯なし</name><description>09:00-19:00 / 60分 / 300円
日曜・休日を除く / １月１日〜３日を除く
対象: 普通車
駐停車禁止: 近傍に線なし (重なり0%)
駐車禁止: 近傍に線なし (重なり0%)</description><styleUrl>#coin</styleUrl><MultiGeometry><LineString><coordinates>139.78411,35.68437,0 139.78456,35.68461,0</coordinates></LineString></MultiGeometry></Placemark><Placemark><name>コイン(メーター)｜禁止帯なし</name><description>09:00-19:00 / 60分 / 300円
日曜・休日を除く / １月１日〜３日を除く
対象: 普通車
駐停車禁止: 近傍に線なし (重なり0%)
駐車禁止: 終日 (重なり9%)</description><styleUrl>#coin</styleUrl><MultiGeometry><LineString><coordinates>139.77884,35.69021,0 139.77751,35.68931,0 139.77616,35.68886,0</coordinates></LineString></MultiGeometry></Placemark><Placemark><name>コイン(メーター)｜禁止帯なし</name><description>09:00-19:00 / 60分 / 300円
日曜・休日を除く / １月１日〜３日を除く
対象: 普通車
駐停車禁止: 近傍に線なし (重なり0%)
駐車禁止: 08:00-20:00,終日 (重なり5%)</description><styleUrl>#coin</styleUrl><MultiGeometry><LineString><coordinates>139.77796,35.69034,0 139.77932,35.68888,0 139.77969,35.68805,0 139.77974,35.68792,0 139.7803,35.68662,0</coordinates></LineString></MultiGeometry></Placemark><Placemark><name>コイン(メーター)｜禁止帯なし</name><description>09:00-19:00 / 60分 / 300円
日曜・休日を除く / １月１日〜３日を除く
対象: 普通車
駐停車禁止: 近傍に線なし (重なり0%)
駐車禁止: 08:00-20:00,終日 (重なり4%)</description><styleUrl>#coin</styleUrl><MultiGeometry><LineString><coordinates>139.77659,35.68971,0 139.77698,35.68877,0 139.77757,35.68746,0 139.77819,35.686,0 139.77862,35.685,0</coordinates></LineString></MultiGeometry></Placemark><Placemark><name>コイン(メーター)｜禁止帯なし</name><description>09:00-19:00 / 60分 / 300円
日曜・休日を除く / １月１日〜３日を除く
対象: 普通車
駐停車禁止: 近傍に線なし (重なり0%)
駐車禁止: 近傍に線なし (重なり0%)</description><styleUrl>#coin</styleUrl><MultiGeometry><LineString><coordinates>139.77633,35.68853,0 139.77759,35.68893,0</coordinates></LineString><LineString><coordinates>139.77762,35.68887,0 139.77637,35.68846,0</coordinates></LineString></MultiGeometry></Placemark><Placemark><name>コイン(メーター)｜禁止帯なし</name><description>09:00-19:00 / 60分 / 300円
日曜・休日を除く / １月１日〜３日を除く
対象: 普通車・貨物
駐停車禁止: 近傍に線なし (重なり0%)
駐車禁止: 06:00-20:00,09:00-19:00,終日 (重なり3%)</description><styleUrl>#coin</styleUrl><MultiGeometry><LineString><coordinates>139.77987,35.689,0 139.77928,35.68881,0 139.77821,35.68846,0 139.77659,35.68788,0</coordinates></LineString></MultiGeometry></Placemark><Placemark><name>コイン(メーター)｜駐車禁止帯</name><description>09:00-19:00 / 60分 / 300円
日曜・休日を除く / １月１日〜３日を除く
対象: 普通車・貨物
駐停車禁止: 近傍に線なし (重なり0%)
駐車禁止: 06:00-20:00,09:00-19:00,終日 (重なり48%)</description><styleUrl>#coin</styleUrl><MultiGeometry><LineString><coordinates>139.77684,35.6872,0 139.78024,35.68816,0 139.78049,35.68827,0</coordinates></LineString><LineString><coordinates>139.78053,35.68823,0 139.78024,35.68809,0 139.77687,35.68714,0</coordinates></LineString></MultiGeometry></Placemark><Placemark><name>コイン(メーター)｜禁止帯なし</name><description>09:00-19:00 / 60分 / 300円
日曜・休日を除く / １月１日〜３日を除く
対象: 普通車
駐停車禁止: 近傍に線なし (重なり0%)
駐車禁止: 06:00-20:00,08:00-20:00,終日 (重なり6%)</description><styleUrl>#coin</styleUrl><MultiGeometry><LineString><coordinates>139.7771,35.68565,0 139.77972,35.68641,0 139.78028,35.68659,0 139.78135,35.68726,0</coordinates></LineString></MultiGeometry></Placemark><Placemark><name>コイン(メーター)｜禁止帯なし</name><description>09:00-19:00 / 60分 / 300円
日曜・休日を除く / １月１日〜３日を除く
対象: 普通車
駐停車禁止: 近傍に線なし (重なり0%)
駐車禁止: 08:00-20:00,09:00-19:00 (重なり12%)</description><styleUrl>#coin</styleUrl><MultiGeometry><LineString><coordinates>139.78164,35.68613,0 139.78088,35.68701,0 139.78039,35.68756,0</coordinates></LineString></MultiGeometry></Placemark><Placemark><name>コイン(メーター)｜禁止帯なし</name><description>09:00-19:00 / 60分 / 300円
日曜・休日を除く / １月１日〜３日を除く
対象: 普通車
駐停車禁止: 近傍に線なし (重なり0%)
駐車禁止: 08:00-20:00,09:00-19:00,終日 (重なり6%)</description><styleUrl>#coin</styleUrl><MultiGeometry><LineString><coordinates>139.78022,35.68542,0 139.77978,35.6864,0 139.77892,35.68868,0</coordinates></LineString></MultiGeometry></Placemark><Placemark><name>コイン(メーター)｜禁止帯なし</name><description>09:00-19:00 / 60分 / 300円
日曜・休日を除く / １月１日〜３日を除く
対象: 普通車
駐停車禁止: 近傍に線なし (重なり0%)
駐車禁止: 08:00-20:00,終日 (重なり6%)</description><styleUrl>#coin</styleUrl><MultiGeometry><LineString><coordinates>139.77818,35.68843,0 139.77918,35.68609,0 139.77956,35.68522,0</coordinates></LineString></MultiGeometry></Placemark><Placemark><name>コイン(メーター)｜禁止帯なし</name><description>09:00-19:00 / 60分 / 300円
日曜・休日を除く / １月１日〜３日を除く
対象: 普通車
駐停車禁止: 近傍に線なし (重なり0%)
駐車禁止: 09:00-19:00,終日 (重なり7%)</description><styleUrl>#coin</styleUrl><MultiGeometry><LineString><coordinates>139.78394,35.68365,0 139.78294,35.68476,0 139.78181,35.686,0</coordinates></LineString></MultiGeometry></Placemark><Placemark><name>コイン(メーター)｜駐車禁止帯</name><description>09:00-19:00 / 60分 / 300円
日曜・休日を除く / １月１日〜３日を除く
対象: 普通車
駐停車禁止: 近傍に線なし (重なり0%)
駐車禁止: 09:00-19:00,終日 (重なり49%)</description><styleUrl>#coin</styleUrl><MultiGeometry><LineString><coordinates>139.78112,35.68565,0 139.7818,35.68485,0 139.78237,35.68419,0 139.78261,35.68392,0 139.78279,35.68369,0 139.78315,35.68327,0</coordinates></LineString></MultiGeometry></Placemark><Placemark><name>コイン(メーター)｜禁止帯なし</name><description>09:00-19:00 / 60分 / 300円
日曜・休日を除く / １月１日〜３日を除く
対象: 普通車
駐停車禁止: 近傍に線なし (重なり0%)
駐車禁止: 終日 (重なり17%)</description><styleUrl>#coin</styleUrl><MultiGeometry><LineString><coordinates>139.78227,35.68286,0 139.78202,35.68318,0 139.78141,35.68391,0</coordinates></LineString></MultiGeometry></Placemark><Placemark><name>コイン(メーター)｜禁止帯なし</name><description>09:00-19:00 / 60分 / 300円
日曜・休日を除く / １月１日〜３日を除く
対象: 普通車
駐停車禁止: 近傍に線なし (重なり0%)
駐車禁止: 終日 (重なり2%)</description><styleUrl>#coin</styleUrl><MultiGeometry><LineString><coordinates>139.78156,35.68256,0 139.78105,35.6832,0 139.78043,35.68361,0 139.7787,35.6847,0 139.77855,35.68486,0</coordinates></LineString><LineString><coordinates>139.77874,35.68486,0 139.77877,35.68479,0 139.78045,35.68376,0 139.78123,35.68319,0 139.7817,35.68259,0</coordinates></LineString></MultiGeometry></Placemark><Placemark><name>コイン(メーター)｜禁止帯なし</name><description>09:00-19:00 / 60分 / 300円
日曜・休日を除く / １月１日〜３日を除く
対象: 普通車
駐停車禁止: 近傍に線なし (重なり0%)
駐車禁止: 終日 (重なり3%)</description><styleUrl>#coin</styleUrl><MultiGeometry><LineString><coordinates>139.78049,35.68247,0 139.78047,35.68274,0 139.7803,35.6835,0 139.7803,35.68357,0 139.78034,35.68366,0</coordinates></LineString></MultiGeometry></Placemark><Placemark><name>コイン(メーター)｜駐車禁止帯</name><description>09:00-19:00 / 60分 / 300円
日曜・休日を除く / １月１日〜３日を除く
対象: 普通車
駐停車禁止: 近傍に線なし (重なり0%)
駐車禁止: 終日 (重なり93%)</description><styleUrl>#coin</styleUrl><MultiGeometry><LineString><coordinates>139.78108,35.6816,0 139.78094,35.68173,0 139.78056,35.68222,0 139.78049,35.68229,0</coordinates></LineString></MultiGeometry></Placemark><Placemark><name>コイン(メーター)｜禁止帯なし</name><description>09:00-19:00 / 60分 / 300円
日曜・休日を除く / １月１日〜３日を除く
対象: 普通車
駐停車禁止: 近傍に線なし (重なり0%)
駐車禁止: 09:00-19:00,終日 (重なり8%)</description><styleUrl>#coin</styleUrl><MultiGeometry><LineString><coordinates>139.78329,35.68312,0 139.78368,35.68264,0 139.78471,35.68142,0 139.78524,35.68081,0</coordinates></LineString></MultiGeometry></Placemark><Placemark><name>コイン(メーター)｜禁止帯なし</name><description>09:00-19:00 / 60分 / 300円
日曜・休日を除く / １月１日〜３日を除く
対象: 普通車
駐停車禁止: 近傍に線なし (重なり0%)
駐車禁止: 近傍に線なし (重なり0%)</description><styleUrl>#coin</styleUrl><MultiGeometry><LineString><coordinates>139.78401,35.68347,0 139.78479,35.68252,0 139.78516,35.6821,0</coordinates></LineString></MultiGeometry></Placemark><Placemark><name>コイン(メーター)｜禁止帯なし</name><description>09:00-19:00 / 60分 / 300円
日曜・休日を除く / １月１日〜３日を除く
対象: 普通車
駐停車禁止: 近傍に線なし (重なり0%)
駐車禁止: 近傍に線なし (重なり0%)</description><styleUrl>#coin</styleUrl><MultiGeometry><LineString><coordinates>139.78534,35.68268,0 139.78481,35.68244,0 139.78417,35.68215,0 139.78278,35.6814,0</coordinates></LineString></MultiGeometry></Placemark><Placemark><name>コイン(メーター)｜禁止帯なし</name><description>09:00-19:00 / 60分 / 300円
日曜・休日を除く / １月１日〜３日を除く
対象: 普通車
駐停車禁止: 近傍に線なし (重なり0%)
駐車禁止: 近傍に線なし (重なり0%)</description><styleUrl>#coin</styleUrl><MultiGeometry><LineString><coordinates>139.7836,35.68276,0 139.78428,35.6831,0 139.78474,35.68337,0</coordinates></LineString></MultiGeometry></Placemark><Placemark><name>コイン(メーター)｜禁止帯なし</name><description>09:00-19:00 / 60分 / 300円
日曜・休日を除く / １月１日〜３日を除く
対象: 普通車
駐停車禁止: 近傍に線なし (重なり0%)
駐車禁止: 近傍に線なし (重なり0%)</description><styleUrl>#coin</styleUrl><MultiGeometry><LineString><coordinates>139.78145,35.68295,0 139.78279,35.68363,0</coordinates></LineString></MultiGeometry></Placemark><Placemark><name>コイン(メーター)｜駐車禁止帯</name><description>09:00-19:00 / 60分 / 300円
１月１日〜３日を除く
対象: 普通車
駐停車禁止: 近傍に線なし (重なり0%)
駐車禁止: 終日 (重なり86%)</description><styleUrl>#coin</styleUrl><MultiGeometry><LineString><coordinates>139.77195,35.7059,0 139.772,35.70639,0</coordinates></LineString></MultiGeometry></Placemark><Placemark><name>コイン(メーター)｜禁止帯なし</name><description>09:00-19:00 / 60分 / 300円
１月１日〜３日を除く
対象: 普通車
駐停車禁止: 近傍に線なし (重なり0%)
駐車禁止: 近傍に線なし (重なり0%)</description><styleUrl>#coin</styleUrl><MultiGeometry><LineString><coordinates>139.77199,35.7064,0 139.77009,35.70653,0</coordinates></LineString></MultiGeometry></Placemark><Placemark><name>コイン(メーター)｜禁止帯なし</name><description>09:00-19:00 / 60分 / 300円
１月１日〜３日を除く
対象: 普通車・貨物
駐停車禁止: 近傍に線なし (重なり0%)
駐車禁止: 終日 (重なり19%)</description><styleUrl>#coin</styleUrl><MultiGeometry><LineString><coordinates>139.77269,35.70512,0 139.77276,35.70569,0 139.77281,35.70627,0</coordinates></LineString></MultiGeometry></Placemark><Placemark><name>コイン(メーター)｜禁止帯なし</name><description>09:00-19:00 / 60分 / 300円
１月１日〜３日を除く
対象: 普通車・貨物
駐停車禁止: 近傍に線なし (重なり0%)
駐車禁止: 終日 (重なり8%)</description><styleUrl>#coin</styleUrl><MultiGeometry><LineString><coordinates>139.77256,35.70636,0 139.77337,35.70618,0 139.77427,35.70599,0 139.77472,35.70596,0 139.77588,35.7059,0</coordinates></LineString></MultiGeometry></Placemark><Placemark><name>コイン(メーター)｜禁止帯なし</name><description>09:00-19:00 / 60分 / 300円
１月１日〜３日を除く
対象: 普通車
駐停車禁止: 近傍に線なし (重なり0%)
駐車禁止: 07:00-20:00,終日 (重なり7%)</description><styleUrl>#coin</styleUrl><MultiGeometry><LineString><coordinates>139.77571,35.70422,0 139.77404,35.70433,0 139.7721,35.70447,0</coordinates></LineString></MultiGeometry></Placemark><Placemark><name>コイン(メーター)｜禁止帯なし</name><description>09:00-19:00 / 60分 / 300円
日曜・休日を除く / １月１日〜３日を除く
対象: 普通車
駐停車禁止: 近傍に線なし (重なり0%)
駐車禁止: 終日 (重なり5%)</description><styleUrl>#coin</styleUrl><MultiGeometry><LineString><coordinates>139.78001,35.70714,0 139.77989,35.70602,0 139.77978,35.70502,0 139.77967,35.70398,0 139.77951,35.70243,0</coordinates></LineString></MultiGeometry></Placemark><Placemark><name>コイン(メーター)｜禁止帯なし</name><description>09:00-19:00 / 60分 / 300円
日曜・休日を除く / １月１日〜３日を除く
対象: 普通車
駐停車禁止: 近傍に線なし (重なり0%)
駐車禁止: 終日 (重なり15%)</description><styleUrl>#coin</styleUrl><MultiGeometry><LineString><coordinates>139.77637,35.70586,0 139.77785,35.70573,0 139.77979,35.70556,0 139.7816,35.70541,0</coordinates></LineString></MultiGeometry></Placemark><Placemark><name>コイン(メーター)｜禁止帯なし</name><description>09:00-19:00 / 60分 / 300円
日曜・休日を除く / １月１日〜３日を除く
対象: 普通車
駐停車禁止: 近傍に線なし (重なり0%)
駐車禁止: 終日 (重なり7%)</description><styleUrl>#coin</styleUrl><MultiGeometry><LineString><coordinates>139.77714,35.7026,0 139.77746,35.70571,0</coordinates></LineString></MultiGeometry></Placemark><Placemark><name>コイン(メーター)｜禁止帯なし</name><description>09:00-19:00 / 60分 / 300円
日曜・休日を除く / １月１日〜３日を除く
対象: 普通車
駐停車禁止: 近傍に線なし (重なり0%)
駐車禁止: 終日 (重なり1%)</description><styleUrl>#coin</styleUrl><MultiGeometry><LineString><coordinates>139.77613,35.70423,0 139.77773,35.70409,0 139.77957,35.70397,0 139.78125,35.70387,0</coordinates></LineString><LineString><coordinates>139.78124,35.70383,0 139.77961,35.70393,0 139.77734,35.70409,0 139.77618,35.70418,0</coordinates></LineString></MultiGeometry></Placemark><Placemark><name>コイン(メーター)｜禁止帯なし</name><description>09:00-19:00 / 60分 / 300円
日曜・休日を除く / １月１日〜３日を除く
対象: 普通車
駐停車禁止: 近傍に線なし (重なり0%)
駐車禁止: 終日 (重なり11%)</description><styleUrl>#coin</styleUrl><MultiGeometry><LineString><coordinates>139.77696,35.70051,0 139.77705,35.70158,0 139.77713,35.70245,0</coordinates></LineString></MultiGeometry></Placemark><Placemark><name>コイン(メーター)｜駐車禁止帯</name><description>09:00-19:00 / 60分 / 300円
日曜・休日を除く / １月１日〜３日を除く
対象: 普通車
駐停車禁止: 近傍に線なし (重なり0%)
駐車禁止: 終日 (重なり46%)</description><styleUrl>#coin</styleUrl><MultiGeometry><LineString><coordinates>139.77586,35.70162,0 139.77698,35.70153,0 139.77836,35.70142,0 139.78066,35.70114,0</coordinates></LineString></MultiGeometry></Placemark><Placemark><name>コイン(メーター)｜禁止帯なし</name><description>09:00-19:00 / 60分 / 300円
日曜・休日を除く / １月１日〜３日を除く
対象: 普通車
駐停車禁止: 近傍に線なし (重なり0%)
駐車禁止: 07:00-20:00,終日 (重なり1%)</description><styleUrl>#coin</styleUrl><MultiGeometry><LineString><coordinates>139.77584,35.70057,0 139.7769,35.70048,0 139.77706,35.7005,0 139.77946,35.7003,0 139.78048,35.7002,0</coordinates></LineString><LineString><coordinates>139.78047,35.70013,0 139.7781,35.70034,0 139.77691,35.70044,0 139.77582,35.70054,0</coordinates></LineString></MultiGeometry></Placemark><Placemark><name>コイン(メーター)｜禁止帯なし</name><description>09:00-19:00 / 60分 / 300円
日曜・休日を除く / １月１日〜３日を除く
対象: 普通車
駐停車禁止: 近傍に線なし (重なり0%)
駐車禁止: 終日 (重なり6%)</description><styleUrl>#coin</styleUrl><MultiGeometry><LineString><coordinates>139.78172,35.70516,0 139.78328,35.70495,0 139.78465,35.70478,0</coordinates></LineString><LineString><coordinates>139.78466,35.70472,0 139.783,35.70493,0 139.7817,35.7051,0</coordinates></LineString></MultiGeometry></Placemark><Placemark><name>コイン(メーター)｜禁止帯なし</name><description>09:00-19:00 / 60分 / 300円
日曜・休日を除く / １月１日〜３日を除く
対象: 普通車・貨物
駐停車禁止: 07:30-09:00 (重なり2%)
駐車禁止: 終日 (重なり1%)</description><styleUrl>#coin</styleUrl><MultiGeometry><LineString><coordinates>139.78795,35.70194,0 139.78789,35.70295,0 139.78796,35.70527,0 139.78796,35.70631,0</coordinates></LineString><LineString><coordinates>139.7881,35.70628,0 139.78803,35.70381,0 139.78802,35.70278,0 139.78805,35.70201,0</coordinates></LineString></MultiGeometry></Placemark><Placemark><name>コイン(メーター)｜禁止帯なし</name><description>09:00-19:00 / 60分 / 300円
日曜・休日を除く / １月１日〜３日を除く
対象: 普通車
駐停車禁止: 近傍に線なし (重なり0%)
駐車禁止: 終日 (重なり9%)</description><styleUrl>#coin</styleUrl><MultiGeometry><LineString><coordinates>139.78081,35.70113,0 139.78235,35.70095,0 139.7837,35.70081,0</coordinates></LineString></MultiGeometry></Placemark><Placemark><name>コイン(メーター)｜禁止帯なし</name><description>09:00-19:00 / 60分 / 300円
日曜・休日を除く / １月１日〜３日を除く
対象: 普通車
駐停車禁止: 07:30-09:00 (重なり3%)
駐車禁止: 終日 (重なり3%)</description><styleUrl>#coin</styleUrl><MultiGeometry><LineString><coordinates>139.78049,35.69918,0 139.78191,35.69908,0 139.7831,35.69898,0 139.78458,35.69884,0 139.78686,35.69849,0</coordinates></LineString><LineString><coordinates>139.78682,35.69844,0 139.78638,35.69852,0 139.78467,35.69878,0 139.78413,35.69883,0 139.7829,35.69894,0 139.78188,35.69902,0 139.78047,35.69913,0</coordinates></LineString></MultiGeometry></Placemark><Placemark><name>コイン(メーター)｜禁止帯なし</name><description>09:00-19:00 / 60分 / 300円
日曜・休日を除く / １月１日〜３日を除く
対象: 普通車
駐停車禁止: 近傍に線なし (重なり0%)
駐車禁止: 終日 (重なり2%)</description><styleUrl>#coin</styleUrl><MultiGeometry><LineString><coordinates>139.78359,35.69897,0 139.78379,35.70009,0</coordinates></LineString><LineString><coordinates>139.78386,35.70008,0 139.78366,35.69894,0</coordinates></LineString></MultiGeometry></Placemark><Placemark><name>コイン(メーター)｜駐車禁止帯</name><description>09:00-19:00 / 60分 / 300円
日曜・休日を除く / １月１日〜３日を除く
対象: 普通車
駐停車禁止: 近傍に線なし (重なり0%)
駐車禁止: 終日 (重なり100%)</description><styleUrl>#coin</styleUrl><MultiGeometry><LineString><coordinates>139.78494,35.69638,0 139.78498,35.69649,0</coordinates></LineString></MultiGeometry></Placemark><Placemark><name>コイン(メーター)｜禁止帯なし</name><description>09:00-19:00 / 60分 / 300円
日曜・休日を除く / １月１日〜３日を除く
対象: 普通車
駐停車禁止: 07:30-09:00 (重なり13%)
駐車禁止: 終日 (重なり12%)</description><styleUrl>#coin</styleUrl><MultiGeometry><LineString><coordinates>139.78811,35.70476,0 139.78946,35.70468,0 139.79023,35.70463,0</coordinates></LineString></MultiGeometry></Placemark><Placemark><name>コイン(メーター)｜禁止帯なし</name><description>09:00-19:00 / 60分 / 300円
日曜・休日を除く / １月１日〜３日を除く
対象: 普通車
駐停車禁止: 近傍に線なし (重なり0%)
駐車禁止: 終日 (重なり4%)</description><styleUrl>#coin</styleUrl><MultiGeometry><LineString><coordinates>139.79276,35.70551,0 139.7933,35.70657,0 139.79387,35.70765,0 139.79396,35.70791,0 139.79426,35.70898,0</coordinates></LineString><LineString><coordinates>139.79432,35.70895,0 139.79401,35.70782,0 139.79362,35.70707,0 139.79282,35.70551,0</coordinates></LineString></MultiGeometry></Placemark><Placemark><name>コイン(メーター)｜禁止帯なし</name><description>09:00-19:00 / 60分 / 300円
日曜・休日を除く / １月１日〜３日を除く
対象: 普通車
駐停車禁止: 近傍に線なし (重なり0%)
駐車禁止: 終日 (重なり2%)</description><styleUrl>#coin</styleUrl><MultiGeometry><LineString><coordinates>139.78913,35.69754,0 139.78873,35.69772,0 139.78716,35.69843,0</coordinates></LineString><LineString><coordinates>139.7872,35.69847,0 139.7892,35.69757,0</coordinates></LineString></MultiGeometry></Placemark><Placemark><name>コイン(メーター)｜禁止帯なし</name><description>09:00-19:00 / 60分 / 300円
１月１日〜３日を除く
対象: 普通車
駐停車禁止: 近傍に線なし (重なり0%)
駐車禁止: 07:00-20:00 (重なり25%)</description><styleUrl>#coin</styleUrl><MultiGeometry><LineString><coordinates>139.772,35.70381,0 139.77306,35.70373,0</coordinates></LineString></MultiGeometry></Placemark><Placemark><name>コイン(メーター)｜禁止帯なし</name><description>09:00-19:00 / 60分 / 300円
１月１日〜３日を除く
対象: 普通車・貨物
駐停車禁止: 近傍に線なし (重なり0%)
駐車禁止: 近傍に線なし (重なり0%)</description><styleUrl>#coin</styleUrl><MultiGeometry><LineString><coordinates>139.76935,35.69986,0 139.77034,35.69979,0</coordinates></LineString></MultiGeometry></Placemark><Placemark><name>コイン(メーター)｜駐車禁止帯</name><description>09:00-19:00 / 60分 / 300円
１月１日〜３日を除く
対象: 普通車・貨物
駐停車禁止: 近傍に線なし (重なり0%)
駐車禁止: 終日 (重なり35%)</description><styleUrl>#coin</styleUrl><MultiGeometry><LineString><coordinates>139.77116,35.69962,0 139.76933,35.69976,0</coordinates></LineString></MultiGeometry></Placemark><Placemark><name>コイン(メーター)｜禁止帯なし</name><description>09:00-19:00 / 60分 / 300円
日曜・休日を除く / １月１日〜３日を除く
対象: 普通車
駐停車禁止: 近傍に線なし (重なり0%)
駐車禁止: 終日 (重なり4%)</description><styleUrl>#coin</styleUrl><MultiGeometry><LineString><coordinates>139.78274,35.69748,0 139.7817,35.69756,0 139.78027,35.69767,0</coordinates></LineString></MultiGeometry></Placemark><Placemark><name>コイン(メーター)｜禁止帯なし</name><description>09:00-19:00 / 60分 / 300円
日曜・休日を除く / １月１日〜３日を除く
対象: 普通車
駐停車禁止: 近傍に線なし (重なり0%)
駐車禁止: 近傍に線なし (重なり0%)</description><styleUrl>#coin</styleUrl><MultiGeometry><LineString><coordinates>139.78178,35.69755,0 139.78171,35.69707,0</coordinates></LineString></MultiGeometry></Placemark><Placemark><name>コイン(メーター)｜禁止帯なし</name><description>09:00-19:00 / 60分 / 300円
１月１日〜３日を除く
対象: 普通車・貨物
駐停車禁止: 近傍に線なし (重なり0%)
駐車禁止: 終日 (重なり3%)</description><styleUrl>#coin</styleUrl><MultiGeometry><LineString><coordinates>139.77297,35.6976,0 139.77529,35.69756,0</coordinates></LineString><LineString><coordinates>139.77523,35.69746,0 139.77298,35.69752,0</coordinates></LineString></MultiGeometry></Placemark><Placemark><name>コイン(メーター)｜禁止帯なし</name><description>09:00-19:00 / 60分 / 300円
１月１日〜３日を除く
対象: 普通車
駐停車禁止: 近傍に線なし (重なり0%)
駐車禁止: 07:00-20:00 (重なり6%)</description><styleUrl>#coin</styleUrl><MultiGeometry><LineString><coordinates>139.77169,35.7045,0 139.76998,35.70466,0</coordinates></LineString></MultiGeometry></Placemark><Placemark><name>コイン(メーター)｜禁止帯なし</name><description>10:00-19:00 / 60分 / 300円
日曜・休日を除く / １月１日〜３日を除く
対象: 普通車
駐停車禁止: 終日 (重なり24%)
駐車禁止: 近傍に線なし (重なり0%)</description><styleUrl>#coin</styleUrl><MultiGeometry><LineString><coordinates>139.78414,35.69229,0 139.78336,35.69167,0</coordinates></LineString></MultiGeometry></Placemark><Placemark><name>コイン(メーター)｜駐車禁止帯</name><description>10:00-16:30 / 60分 / 300円
日曜・休日を除く / １月１日〜３日を除く
対象: 普通車
駐停車禁止: 終日 (重なり8%)
駐車禁止: 終日 (重なり97%)</description><styleUrl>#coin</styleUrl><MultiGeometry><LineString><coordinates>139.78267,35.69231,0 139.7836,35.69305,0 139.78501,35.69429,0</coordinates></LineString></MultiGeometry></Placemark><Placemark><name>コイン(メーター)｜駐車禁止帯</name><description>10:00-16:30 / 60分 / 300円
日曜・休日を除く / １月１日〜３日を除く
対象: 普通車
駐停車禁止: 近傍に線なし (重なり0%)
駐車禁止: 09:00-19:00,終日 (重なり98%)</description><styleUrl>#coin</styleUrl><MultiGeometry><LineString><coordinates>139.78296,35.69365,0 139.7836,35.69311,0 139.78366,35.69305,0 139.784,35.69276,0 139.7842,35.69261,0</coordinates></LineString></MultiGeometry></Placemark><Placemark><name>コイン(メーター)｜駐車禁止帯</name><description>10:00-16:30 / 60分 / 300円
日曜・休日を除く / １月１日〜３日を除く
対象: 普通車
駐停車禁止: 近傍に線なし (重なり0%)
駐車禁止: 終日 (重なり97%)</description><styleUrl>#coin</styleUrl><MultiGeometry><LineString><coordinates>139.78433,35.69247,0 139.78481,35.69242,0</coordinates></LineString></MultiGeometry></Placemark><Placemark><name>コイン(メーター)｜禁止帯なし</name><description>10:00-19:00 / 60分 / 300円
日曜・休日を除く / １月１日〜３日を除く
対象: 普通車
駐停車禁止: 近傍に線なし (重なり0%)
駐車禁止: 09:00-19:00,終日 (重なり7%)</description><styleUrl>#coin</styleUrl><MultiGeometry><LineString><coordinates>139.78416,35.69183,0 139.78432,35.69296,0 139.78442,35.69368,0</coordinates></LineString></MultiGeometry></Placemark><Placemark><name>コイン(メーター)｜禁止帯なし</name><description>09:00-19:00 / 60分 / 300円
日曜・休日を除く / １月１日〜３日を除く
対象: 普通車・貨物
駐停車禁止: 07:00-20:00,終日 (重なり5%)
駐車禁止: 09:00-19:00,終日 (重なり2%)</description><styleUrl>#coin</styleUrl><MultiGeometry><LineString><coordinates>139.78469,35.69046,0 139.78471,35.69089,0 139.78464,35.69112,0 139.78516,35.69474,0</coordinates></LineString><LineString><coordinates>139.78537,35.69469,0 139.78513,35.6931,0 139.78499,35.69215,0 139.78474,35.6904,0</coordinates></LineString></MultiGeometry></Placemark><Placemark><name>コイン(メーター)｜禁止帯なし</name><description>09:00-19:00 / 60分 / 300円
日曜・休日を除く / １月１日〜３日を除く
対象: 普通車
駐停車禁止: 近傍に線なし (重なり0%)
駐車禁止: 06:00-20:00,09:00-19:00,終日 (重なり14%)</description><styleUrl>#coin</styleUrl><MultiGeometry><LineString><coordinates>139.78729,35.69443,0 139.78722,35.69433,0 139.78517,35.69268,0 139.78508,35.69266,0</coordinates></LineString></MultiGeometry></Placemark><Placemark><name>コイン(メーター)｜禁止帯なし</name><description>09:00-19:00 / 60分 / 300円
日曜・休日を除く / １月１日〜３日を除く
対象: 普通車
駐停車禁止: 近傍に線なし (重なり0%)
駐車禁止: 09:00-19:00,終日 (重なり17%)</description><styleUrl>#coin</styleUrl><MultiGeometry><LineString><coordinates>139.78531,35.69418,0 139.78653,35.69405,0 139.78681,35.69403,0</coordinates></LineString></MultiGeometry></Placemark><Placemark><name>コイン(メーター)｜禁止帯なし</name><description>09:00-19:00 / 60分 / 300円
日曜・休日を除く / １月１日〜３日を除く
対象: 普通車
駐停車禁止: 近傍に線なし (重なり0%)
駐車禁止: 近傍に線なし (重なり0%)</description><styleUrl>#coin</styleUrl><MultiGeometry><LineString><coordinates>139.7856,35.69534,0 139.78716,35.69478,0</coordinates></LineString><LineString><coordinates>139.78689,35.69482,0 139.78557,35.6953,0</coordinates></LineString></MultiGeometry></Placemark><Placemark><name>コイン(メーター)｜禁止帯なし</name><description>09:00-19:00 / 60分 / 300円
日曜・休日を除く / １月１日〜３日を除く
対象: 普通車・貨物
駐停車禁止: 近傍に線なし (重なり0%)
駐車禁止: 06:00-20:00,終日 (重なり6%)</description><styleUrl>#coin</styleUrl><MultiGeometry><LineString><coordinates>139.77924,35.68998,0 139.78131,35.69137,0 139.78257,35.69224,0</coordinates></LineString></MultiGeometry></Placemark><Placemark><name>コイン(メーター)｜禁止帯なし</name><description>09:00-19:00 / 60分 / 300円
日曜・休日を除く / １月１日〜３日を除く
対象: 普通車
駐停車禁止: 近傍に線なし (重なり0%)
駐車禁止: 終日 (重なり1%)</description><styleUrl>#coin</styleUrl><MultiGeometry><LineString><coordinates>139.78988,35.70289,0 139.79017,35.7041,0 139.79061,35.70595,0</coordinates></LineString><LineString><coordinates>139.79081,35.70592,0 139.79051,35.70463,0 139.79011,35.70299,0 139.79009,35.70287,0</coordinates></LineString></MultiGeometry></Placemark><Placemark><name>コイン(メーター)｜駐車禁止帯</name><description>09:00-19:00 / 60分 / 300円
日曜・休日を除く / １月１日〜３日を除く
対象: 普通車・貨物
駐停車禁止: 近傍に線なし (重なり0%)
駐車禁止: 19:00-01:00,終日 (重なり76%)</description><styleUrl>#coin</styleUrl><MultiGeometry><LineString><coordinates>139.75574,35.66646,0 139.75795,35.66571,0</coordinates></LineString></MultiGeometry></Placemark><Placemark><name>コイン(メーター)｜禁止帯なし</name><description>08:00-20:00 / 60分 / 300円
１月１日〜３日を除く
対象: 普通車・貨物
駐停車禁止: 近傍に線なし (重なり0%)
駐車禁止: 08:00-20:00 (重なり6%)</description><styleUrl>#coin</styleUrl><MultiGeometry><LineString><coordinates>139.76888,35.68962,0 139.76985,35.69032,0</coordinates></LineString><LineString><coordinates>139.77007,35.6903,0 139.76989,35.69023,0 139.76891,35.6895,0</coordinates></LineString></MultiGeometry></Placemark><Placemark><name>コイン(メーター)｜駐車禁止帯</name><description>09:00-19:00 / 60分 / 300円
１月１日〜３日を除く
対象: 普通車・貨物
駐停車禁止: 近傍に線なし (重なり0%)
駐車禁止: 終日 (重なり100%)</description><styleUrl>#coin</styleUrl><MultiGeometry><LineString><coordinates>139.7633,35.67539,0 139.7633,35.67539,0 139.76331,35.67539,0 139.7633,35.6754,0 139.76334,35.67542,0 139.76325,35.67536,0 139.76305,35.67523,0 139.7629,35.67512,0 139.76271,35.67497,0</coordinates></LineString></MultiGeometry></Placemark><Placemark><name>コイン(メーター)｜禁止帯なし</name><description>09:00-19:00 / 60分 / 300円
日曜・休日を除く / １月１日〜３日を除く
対象: 普通車・貨物
駐停車禁止: 近傍に線なし (重なり0%)
駐車禁止: 終日 (重なり12%)</description><styleUrl>#coin</styleUrl><MultiGeometry><LineString><coordinates>139.77303,35.66855,0 139.77197,35.66936,0 139.77134,35.66985,0</coordinates></LineString></MultiGeometry></Placemark><Placemark><name>コイン(メーター)｜駐車禁止帯</name><description>09:00-21:00 / 60分 / 300円
１月１日〜３日を除く
対象: 普通車
駐停車禁止: 近傍に線なし (重なり0%)
駐車禁止: 09:00-21:00,終日 (重なり47%)</description><styleUrl>#coin</styleUrl><MultiGeometry><LineString><coordinates>139.76773,35.66886,0 139.76675,35.66804,0 139.76629,35.66772,0 139.76585,35.6674,0</coordinates></LineString></MultiGeometry></Placemark><Placemark><name>コイン(メーター)｜駐車禁止帯</name><description>09:00-21:00 / 60分 / 300円
１月１日〜３日を除く
対象: 普通車・貨物
駐停車禁止: 近傍に線なし (重なり0%)
駐車禁止: 09:00-21:00 (重なり77%)</description><styleUrl>#coin</styleUrl><MultiGeometry><LineString><coordinates>139.76636,35.66697,0 139.76721,35.66762,0</coordinates></LineString></MultiGeometry></Placemark><Placemark><name>コイン(メーター)｜駐車禁止帯</name><description>09:00-21:00 / 60分 / 300円
１月１日〜３日を除く
対象: 普通車・貨物
駐停車禁止: 近傍に線なし (重なり0%)
駐車禁止: 09:00-21:00,終日 (重なり91%)</description><styleUrl>#coin</styleUrl><MultiGeometry><LineString><coordinates>139.76683,35.6681,0 139.76727,35.6677,0</coordinates></LineString></MultiGeometry></Placemark><Placemark><name>コイン(メーター)｜禁止帯なし</name><description>09:00-21:00 / 60分 / 300円
１月１日〜３日を除く
対象: 普通車・貨物
駐停車禁止: 近傍に線なし (重なり0%)
駐車禁止: 終日 (重なり11%)</description><styleUrl>#coin</styleUrl><MultiGeometry><LineString><coordinates>139.7663,35.66693,0 139.76519,35.66784,0</coordinates></LineString><LineString><coordinates>139.76525,35.66788,0 139.76634,35.66697,0</coordinates></LineString></MultiGeometry></Placemark><Placemark><name>コイン(メーター)｜禁止帯なし</name><description>09:00-19:00 / 60分 / 300円
日曜・休日を除く / １月１日〜３日を除く
対象: 普通車・貨物
駐停車禁止: 近傍に線なし (重なり0%)
駐車禁止: 終日 (重なり10%)</description><styleUrl>#coin</styleUrl><MultiGeometry><LineString><coordinates>139.7716,35.67373,0 139.77243,35.67498,0</coordinates></LineString></MultiGeometry></Placemark><Placemark><name>コイン(メーター)｜駐車禁止帯</name><description>09:00-19:00 / 60分 / 300円
日曜・休日を除く / １月１日〜３日を除く
対象: 普通車・貨物
駐停車禁止: 近傍に線なし (重なり0%)
駐車禁止: 終日 (重なり100%)</description><styleUrl>#coin</styleUrl><MultiGeometry><LineString><coordinates>139.7588,35.66794,0 139.76086,35.66727,0</coordinates></LineString></MultiGeometry></Placemark><Placemark><name>コイン(メーター)｜駐車禁止帯</name><description>07:00-16:00 / 40分 / 200円
日曜・休日を除く / １月１日〜３日を除く
対象: 普通車・貨物
駐停車禁止: 近傍に線なし (重なり0%)
駐車禁止: 終日 (重なり72%)</description><styleUrl>#coin</styleUrl><MultiGeometry><LineString><coordinates>139.69905,35.65812,0 139.69962,35.65777,0</coordinates></LineString></MultiGeometry></Placemark><Placemark><name>コイン(メーター)｜駐車禁止帯</name><description>07:00-20:00 / 40分 / 200円
１月１日〜３日を除く
対象: 普通車・貨物
駐停車禁止: 終日 (重なり2%)
駐車禁止: 終日 (重なり87%)</description><styleUrl>#coin</styleUrl><MultiGeometry><LineString><coordinates>139.69923,35.65962,0 139.69772,35.6602,0 139.69686,35.66045,0</coordinates></LineString></MultiGeometry></Placemark><Placemark><name>コイン(メーター)｜駐車禁止帯</name><description>09:00-20:00 / 60分 / 300円
日曜・休日を除く / １月１日〜３日を除く
対象: 普通車・貨物
駐停車禁止: 近傍に線なし (重なり0%)
駐車禁止: 終日 (重なり99%)</description><styleUrl>#coin</styleUrl><MultiGeometry><LineString><coordinates>139.69631,35.65738,0 139.69728,35.65644,0</coordinates></LineString></MultiGeometry></Placemark><Placemark><name>コイン(メーター)｜禁止帯なし</name><description>09:00-19:00 / 60分 / 300円
日曜・休日を除く / １月１日〜３日を除く
対象: 普通車
駐停車禁止: 近傍に線なし (重なり0%)
駐車禁止: 終日 (重なり7%)</description><styleUrl>#coin</styleUrl><MultiGeometry><LineString><coordinates>139.79128,35.70842,0 139.79197,35.70829,0 139.79239,35.7082,0 139.79399,35.70772,0 139.79505,35.7074,0</coordinates></LineString></MultiGeometry></Placemark><Placemark><name>コイン(メーター)｜禁止帯なし</name><description>09:00-19:00 / 60分 / 300円
日曜・休日を除く / １月１日〜３日を除く
対象: 普通車・貨物
駐停車禁止: 近傍に線なし (重なり0%)
駐車禁止: 終日 (重なり1%)</description><styleUrl>#coin</styleUrl><MultiGeometry><LineString><coordinates>139.79069,35.70622,0 139.79093,35.70786,0 139.791,35.70829,0 139.79109,35.70872,0 139.79128,35.70958,0</coordinates></LineString><LineString><coordinates>139.79148,35.70953,0 139.79143,35.70929,0 139.79123,35.70845,0 139.79102,35.70713,0 139.79089,35.70615,0</coordinates></LineString></MultiGeometry></Placemark><Placemark><name>コイン(メーター)｜禁止帯なし</name><description>09:00-19:00 / 60分 / 300円
日曜・休日を除く / １月１日〜３日を除く
対象: 普通車
駐停車禁止: 07:30-09:00 (重なり10%)
駐車禁止: 終日 (重なり10%)</description><styleUrl>#coin</styleUrl><MultiGeometry><LineString><coordinates>139.78828,35.70866,0 139.79093,35.70832,0</coordinates></LineString></MultiGeometry></Placemark><Placemark><name>コイン(メーター)｜禁止帯なし</name><description>09:00-19:00 / 60分 / 300円
日曜・休日を除く / １月１日〜３日を除く
対象: 普通車・標章車専用
駐停車禁止: 近傍に線なし (重なり0%)
駐車禁止: 終日 (重なり6%)</description><styleUrl>#coin</styleUrl><MultiGeometry><LineString><coordinates>139.78972,35.70987,0 139.78954,35.70732,0 139.78947,35.70632,0</coordinates></LineString></MultiGeometry></Placemark><Placemark><name>コイン(メーター)｜禁止帯なし</name><description>09:00-19:00 / 60分 / 300円
日曜・休日を除く / １月１日〜３日を除く
対象: 普通車
駐停車禁止: 07:30-09:00 (重なり3%)
駐車禁止: 終日 (重なり3%)</description><styleUrl>#coin</styleUrl><MultiGeometry><LineString><coordinates>139.79191,35.71166,0 139.79033,35.71195,0 139.78833,35.71237,0 139.78461,35.71269,0 139.78325,35.71283,0</coordinates></LineString></MultiGeometry></Placemark><Placemark><name>コイン(メーター)｜禁止帯なし</name><description>09:00-19:00 / 60分 / 300円
日曜・休日を除く / １月１日〜３日を除く
対象: 普通車
駐停車禁止: 近傍に線なし (重なり0%)
駐車禁止: 終日 (重なり3%)</description><styleUrl>#coin</styleUrl><MultiGeometry><LineString><coordinates>139.78552,35.71517,0 139.78879,35.71451,0</coordinates></LineString></MultiGeometry></Placemark><Placemark><name>コイン(メーター)｜禁止帯なし</name><description>09:00-19:00 / 60分 / 300円
日曜・休日を除く / １月１日〜３日を除く
対象: 普通車
駐停車禁止: 07:30-09:00 (重なり16%)
駐車禁止: 終日 (重なり16%)</description><styleUrl>#coin</styleUrl><MultiGeometry><LineString><coordinates>139.79022,35.71159,0 139.79184,35.7113,0</coordinates></LineString></MultiGeometry></Placemark><Placemark><name>コイン(メーター)｜禁止帯なし</name><description>09:00-19:00 / 60分 / 300円
日曜・休日を除く / １月１日〜３日を除く
対象: 普通車
駐停車禁止: 近傍に線なし (重なり0%)
駐車禁止: 終日 (重なり11%)</description><styleUrl>#coin</styleUrl><MultiGeometry><LineString><coordinates>139.77883,35.71098,0 139.77799,35.71114,0</coordinates></LineString></MultiGeometry></Placemark><Placemark><name>コイン(メーター)｜駐車禁止帯</name><description>09:00-19:00 / 60分 / 300円
日曜・休日を除く / １月１日〜３日を除く
対象: 普通車・貨物
駐停車禁止: 近傍に線なし (重なり0%)
駐車禁止: 終日 (重なり95%)</description><styleUrl>#coin</styleUrl><MultiGeometry><LineString><coordinates>139.77572,35.68025,0 139.7752,35.68047,0</coordinates></LineString></MultiGeometry></Placemark><Placemark><name>コイン(メーター)｜駐車禁止帯</name><description>09:00-19:00 / 60分 / 300円
日曜・休日を除く / １月１日〜３日を除く
対象: 普通車
駐停車禁止: 近傍に線なし (重なり0%)
駐車禁止: 終日 (重なり65%)</description><styleUrl>#coin</styleUrl><MultiGeometry><LineString><coordinates>139.7784,35.7097,0 139.77676,35.70978,0</coordinates></LineString></MultiGeometry></Placemark><Placemark><name>コイン(メーター)｜禁止帯なし</name><description>09:00-19:00 / 60分 / 300円
日曜・休日を除く / １月１日〜３日を除く
対象: 普通車
駐停車禁止: 近傍に線なし (重なり0%)
駐車禁止: 終日 (重なり18%)</description><styleUrl>#coin</styleUrl><MultiGeometry><LineString><coordinates>139.77719,35.70886,0 139.77706,35.70768,0</coordinates></LineString></MultiGeometry></Placemark><Placemark><name>コイン(メーター)｜駐停車禁止帯</name><description>09:00-19:00 / 60分 / 300円
１月１日〜３日を除く
対象: 普通車・貨物
駐停車禁止: 終日 (重なり93%)
駐車禁止: 終日 (重なり23%)</description><styleUrl>#coin</styleUrl><MultiGeometry><LineString><coordinates>139.79768,35.71108,0 139.7977,35.7117,0 139.79773,35.71202,0 139.79774,35.71263,0 139.79822,35.71457,0 139.79852,35.71569,0</coordinates></LineString></MultiGeometry></Placemark><Placemark><name>コイン(メーター)｜禁止帯なし</name><description>08:00-20:00 / 60分 / 300円
１月１日〜３日を除く
対象: 普通車・貨物
駐停車禁止: 近傍に線なし (重なり0%)
駐車禁止: 08:00-20:00,終日 (重なり2%)</description><styleUrl>#coin</styleUrl><MultiGeometry><LineString><coordinates>139.75682,35.70122,0 139.75702,35.70058,0 139.75715,35.70015,0 139.75813,35.69917,0</coordinates></LineString><LineString><coordinates>139.75808,35.69913,0 139.75757,35.69964,0 139.75709,35.70013,0 139.75674,35.70125,0</coordinates></LineString></MultiGeometry></Placemark><Placemark><name>コイン(メーター)｜駐車禁止帯</name><description>08:00-20:00 / 60分 / 300円
１月１日〜３日を除く
対象: 普通車
駐停車禁止: 近傍に線なし (重なり0%)
駐車禁止: 08:00-20:00,終日 (重なり60%)</description><styleUrl>#coin</styleUrl><MultiGeometry><LineString><coordinates>139.75926,35.6961,0 139.75865,35.69717,0</coordinates></LineString></MultiGeometry></Placemark><Placemark><name>コイン(メーター)｜禁止帯なし</name><description>09:00-19:00 / 60分 / 300円
１月１日〜３日を除く
対象: 普通車
駐停車禁止: 近傍に線なし (重なり0%)
駐車禁止: 終日 (重なり13%)</description><styleUrl>#coin</styleUrl><MultiGeometry><LineString><coordinates>139.79275,35.71124,0 139.79253,35.71051,0 139.79227,35.70961,0</coordinates></LineString></MultiGeometry></Placemark><Placemark><name>コイン(メーター)｜禁止帯なし</name><description>09:00-19:00 / 60分 / 300円
１月１日〜３日を除く
対象: 普通車
駐停車禁止: 近傍に線なし (重なり0%)
駐車禁止: 終日 (重なり13%)</description><styleUrl>#coin</styleUrl><MultiGeometry><LineString><coordinates>139.7931,35.70944,0 139.79333,35.7103,0 139.79354,35.71113,0</coordinates></LineString></MultiGeometry></Placemark><Placemark><name>コイン(メーター)｜駐車禁止帯</name><description>09:00-19:00 / 60分 / 300円
１月１日〜３日を除く
対象: 普通車
駐停車禁止: 近傍に線なし (重なり0%)
駐車禁止: 09:00-19:00,終日 (重なり96%)</description><styleUrl>#coin</styleUrl><MultiGeometry><LineString><coordinates>139.79465,35.71099,0 139.79437,35.70921,0</coordinates></LineString></MultiGeometry></Placemark><Placemark><name>コイン(メーター)｜禁止帯なし</name><description>09:00-19:00 / 60分 / 300円
１月１日〜３日を除く
対象: 普通車
駐停車禁止: 近傍に線なし (重なり0%)
駐車禁止: 近傍に線なし (重なり0%)</description><styleUrl>#coin</styleUrl><MultiGeometry><LineString><coordinates>139.79539,35.71051,0 139.79543,35.71091,0</coordinates></LineString></MultiGeometry></Placemark><Placemark><name>コイン(メーター)｜禁止帯なし</name><description>09:00-19:00 / 60分 / 300円
日曜・休日を除く / １月１日〜３日を除く
対象: 普通車
駐停車禁止: 近傍に線なし (重なり0%)
駐車禁止: 08:00-20:00,終日 (重なり7%)</description><styleUrl>#coin</styleUrl><MultiGeometry><LineString><coordinates>139.79109,35.71757,0 139.79095,35.71627,0 139.79063,35.71425,0</coordinates></LineString></MultiGeometry></Placemark><Placemark><name>コイン(メーター)｜禁止帯なし</name><description>09:00-19:00 / 60分 / 300円
日曜・休日を除く / １月１日〜３日を除く
対象: 普通車・貨物
駐停車禁止: 近傍に線なし (重なり0%)
駐車禁止: 終日 (重なり5%)</description><styleUrl>#coin</styleUrl><MultiGeometry><LineString><coordinates>139.79061,35.71409,0 139.79031,35.71207,0 139.79006,35.71113,0 139.78982,35.71016,0</coordinates></LineString></MultiGeometry></Placemark><Placemark><name>コイン(メーター)｜禁止帯なし</name><description>09:00-19:00 / 60分 / 300円
日曜・休日を除く / １月１日〜３日を除く
対象: 普通車・貨物
駐停車禁止: 近傍に線なし (重なり0%)
駐車禁止: 近傍に線なし (重なり0%)</description><styleUrl>#coin</styleUrl><MultiGeometry><LineString><coordinates>139.74729,35.66929,0 139.74832,35.66894,0</coordinates></LineString></MultiGeometry></Placemark><Placemark><name>コイン(メーター)｜禁止帯なし</name><description>09:00-19:00 / 60分 / 300円
日曜・休日を除く / １月１日〜３日を除く
対象: 普通車
駐停車禁止: 近傍に線なし (重なり0%)
駐車禁止: 近傍に線なし (重なり0%)</description><styleUrl>#coin</styleUrl><MultiGeometry><LineString><coordinates>139.74854,35.67027,0 139.74729,35.6693,0</coordinates></LineString></MultiGeometry></Placemark><Placemark><name>コイン(メーター)｜禁止帯なし</name><description>09:00-19:00 / 60分 / 300円
１月１日〜３日を除く
対象: 普通車・貨物
駐停車禁止: 近傍に線なし (重なり0%)
駐車禁止: 終日 (重なり1%)</description><styleUrl>#coin</styleUrl><MultiGeometry><LineString><coordinates>139.76383,35.7033,0 139.76473,35.70329,0 139.76498,35.70326,0 139.76656,35.70292,0</coordinates></LineString><LineString><coordinates>139.76651,35.70278,0 139.76564,35.70298,0 139.76489,35.70315,0 139.76389,35.70318,0 139.76381,35.70316,0</coordinates></LineString></MultiGeometry></Placemark><Placemark><name>コイン(メーター)｜禁止帯なし</name><description>09:00-19:00 / 60分 / 300円
日曜・休日を除く / １月１日〜３日を除く
対象: 普通車・貨物
駐停車禁止: 近傍に線なし (重なり0%)
駐車禁止: 終日 (重なり2%)</description><styleUrl>#coin</styleUrl><MultiGeometry><LineString><coordinates>139.76186,35.70447,0 139.76296,35.70741,0</coordinates></LineString><LineString><coordinates>139.76312,35.70743,0 139.76256,35.7059,0</coordinates></LineString><LineString><coordinates>139.76236,35.70537,0 139.76198,35.70434,0</coordinates></LineString></MultiGeometry></Placemark><Placemark><name>コイン(メーター)｜禁止帯なし</name><description>09:00-19:00 / 60分 / 300円
日曜・休日を除く / １月１日〜３日を除く
対象: 普通車・貨物
駐停車禁止: 近傍に線なし (重なり0%)
駐車禁止: 終日 (重なり7%)</description><styleUrl>#coin</styleUrl><MultiGeometry><LineString><coordinates>139.75678,35.70477,0 139.75834,35.70515,0 139.76071,35.70567,0</coordinates></LineString></MultiGeometry></Placemark><Placemark><name>コイン(メーター)｜禁止帯なし</name><description>09:00-19:00 / 60分 / 300円
日曜・休日を除く / １月１日〜３日を除く
対象: 普通車・貨物
駐停車禁止: 終日 (重なり1%)
駐車禁止: 終日 (重なり1%)</description><styleUrl>#coin</styleUrl><MultiGeometry><LineString><coordinates>139.75486,35.70545,0 139.75703,35.70468,0 139.75811,35.7043,0 139.75823,35.70427,0 139.75834,35.70427,0 139.75843,35.70428,0 139.75876,35.70433,0 139.76063,35.70474,0 139.76101,35.70484,0 139.76106,35.70488,0</coordinates></LineString><LineString><coordinates>139.76121,35.70469,0 139.76112,35.70471,0 139.7604,35.70455,0 139.75878,35.7042,0 139.75847,35.70416,0 139.75825,35.70415,0 139.75805,35.70418,0 139.75785,35.70425,0 139.75704,35.70453,0 139.75473,35.70533,0</coordinates></LineString></MultiGeometry></Placemark><Placemark><name>コイン(メーター)｜禁止帯なし</name><description>09:00-19:00 / 60分 / 300円
日曜・休日を除く / １月１日〜３日を除く
対象: 普通車
駐停車禁止: 近傍に線なし (重なり0%)
駐車禁止: 09:00-19:00,終日 (重なり14%)</description><styleUrl>#coin</styleUrl><MultiGeometry><LineString><coordinates>139.7711,35.67555,0 139.77043,35.67449,0 139.77017,35.67414,0</coordinates></LineString></MultiGeometry></Placemark><Placemark><name>コイン(メーター)｜駐車禁止帯</name><description>09:00-19:00 / 60分 / 300円
日曜・休日を除く / １月１日〜３日を除く
対象: 普通車・貨物
駐停車禁止: 近傍に線なし (重なり0%)
駐車禁止: 09:00-19:00,終日 (重なり47%)</description><styleUrl>#coin</styleUrl><MultiGeometry><LineString><coordinates>139.76856,35.67687,0 139.7703,35.67967,0</coordinates></LineString></MultiGeometry></Placemark><Placemark><name>コイン(メーター)｜禁止帯なし</name><description>09:00-19:00 / 60分 / 300円
日曜・休日を除く / １月１日〜３日を除く
対象: 普通車・貨物
駐停車禁止: 終日 (重なり2%)
駐車禁止: 終日 (重なり1%)</description><styleUrl>#coin</styleUrl><MultiGeometry><LineString><coordinates>139.78191,35.70715,0 139.78207,35.70847,0 139.78216,35.70887,0 139.78287,35.71106,0 139.78299,35.71144,0 139.78297,35.71276,0 139.78289,35.71559,0</coordinates></LineString><LineString><coordinates>139.78305,35.71556,0 139.78311,35.71293,0 139.78309,35.71268,0 139.78314,35.7114,0 139.7827,35.71005,0 139.78225,35.70861,0 139.78206,35.70714,0</coordinates></LineString></MultiGeometry></Placemark><Placemark><name>コイン(メーター)｜駐車禁止帯</name><description>09:00-19:00 / 60分 / 300円
日曜・休日を除く / １月１日〜３日を除く
対象: 普通車・貨物
駐停車禁止: 近傍に線なし (重なり0%)
駐車禁止: 終日 (重なり40%)</description><styleUrl>#coin</styleUrl><MultiGeometry><LineString><coordinates>139.78287,35.71287,0 139.78167,35.71298,0 139.78091,35.71303,0</coordinates></LineString></MultiGeometry></Placemark><Placemark><name>コイン(メーター)｜禁止帯なし</name><description>09:00-19:00 / 60分 / 300円
日曜・休日を除く / １月１日〜３日を除く
対象: 普通車
駐停車禁止: 近傍に線なし (重なり0%)
駐車禁止: 終日 (重なり13%)</description><styleUrl>#coin</styleUrl><MultiGeometry><LineString><coordinates>139.77791,35.70573,0 139.77806,35.70736,0</coordinates></LineString></MultiGeometry></Placemark><Placemark><name>コイン(メーター)｜禁止帯なし</name><description>07:00-20:00 / 60分 / 300円
１月１日〜３日を除く
対象: 普通車・貨物
駐停車禁止: 近傍に線なし (重なり0%)
駐車禁止: 08:00-20:00,終日 (重なり3%)</description><styleUrl>#coin</styleUrl><MultiGeometry><LineString><coordinates>139.77211,35.69098,0 139.77459,35.69171,0</coordinates></LineString><LineString><coordinates>139.77461,35.6916,0 139.77214,35.69088,0</coordinates></LineString></MultiGeometry></Placemark><Placemark><name>コイン(メーター)｜駐車禁止帯</name><description>09:00-19:00 / 60分 / 300円
日曜・休日を除く / １月１日〜３日を除く
対象: 普通車
駐停車禁止: 近傍に線なし (重なり0%)
駐車禁止: 終日 (重なり31%)</description><styleUrl>#coin</styleUrl><MultiGeometry><LineString><coordinates>139.73356,35.65703,0 139.73315,35.65727,0 139.73276,35.65762,0 139.73255,35.65795,0 139.73231,35.65865,0</coordinates></LineString></MultiGeometry></Placemark><Placemark><name>コイン(メーター)｜禁止帯なし</name><description>09:00-19:00 / 60分 / 300円
日曜・休日を除く / １月１日〜３日を除く
対象: 普通車・貨物
駐停車禁止: 近傍に線なし (重なり0%)
駐車禁止: 終日 (重なり1%)</description><styleUrl>#coin</styleUrl><MultiGeometry><LineString><coordinates>139.70256,35.64673,0 139.70466,35.64653,0 139.7059,35.64633,0 139.70737,35.64629,0 139.70763,35.64634,0 139.70822,35.64667,0 139.70861,35.64705,0</coordinates></LineString><LineString><coordinates>139.70879,35.647,0 139.70818,35.64646,0 139.70763,35.64618,0 139.70732,35.64615,0 139.70573,35.64622,0 139.70466,35.64636,0 139.70265,35.64653,0</coordinates></LineString></MultiGeometry></Placemark><Placemark><name>コイン(メーター)｜駐車禁止帯</name><description>09:00-19:00 / 60分 / 300円
日曜・休日を除く / １月１日〜３日を除く
対象: 普通車・貨物
駐停車禁止: 近傍に線なし (重なり0%)
駐車禁止: 終日 (重なり57%)</description><styleUrl>#coin</styleUrl><MultiGeometry><LineString><coordinates>139.71203,35.64635,0 139.71125,35.64708,0 139.71081,35.64748,0</coordinates></LineString></MultiGeometry></Placemark><Placemark><name>コイン(メーター)｜駐車禁止帯</name><description>09:00-19:00 / 60分 / 300円
日曜・休日を除く / １月１日〜３日を除く
対象: 普通車・貨物
駐停車禁止: 近傍に線なし (重なり0%)
駐車禁止: 終日 (重なり58%)</description><styleUrl>#coin</styleUrl><MultiGeometry><LineString><coordinates>139.71023,35.64814,0 139.7114,35.64707,0</coordinates></LineString></MultiGeometry></Placemark><Placemark><name>コイン(メーター)｜駐車禁止帯</name><description>08:00-20:00 / 60分 / 300円
日曜・休日を除く / １月１日〜３日を除く
対象: 普通車・貨物
駐停車禁止: 近傍に線なし (重なり0%)
駐車禁止: 08:00-12:00,08:00-20:00,終日 (重なり99%)</description><styleUrl>#coin</styleUrl><MultiGeometry><LineString><coordinates>139.75499,35.69949,0 139.75558,35.69838,0 139.75607,35.69741,0 139.75656,35.69648,0 139.75679,35.69604,0</coordinates></LineString></MultiGeometry></Placemark><Placemark><name>コイン(メーター)｜駐車禁止帯</name><description>08:00-20:00 / 60分 / 300円
日曜・休日を除く / １月１日〜３日を除く
対象: 普通車
駐停車禁止: 07:00-20:00 (重なり1%)
駐車禁止: 08:00-20:00 (重なり99%)</description><styleUrl>#coin</styleUrl><MultiGeometry><LineString><coordinates>139.75563,35.69521,0 139.75435,35.69515,0 139.75326,35.69512,0</coordinates></LineString></MultiGeometry></Placemark><Placemark><name>コイン(メーター)｜駐車禁止帯</name><description>08:00-20:00 / 60分 / 300円
１月１日〜３日を除く
対象: 普通車・貨物
駐停車禁止: 近傍に線なし (重なり0%)
駐車禁止: 終日 (重なり82%)</description><styleUrl>#coin</styleUrl><MultiGeometry><LineString><coordinates>139.75354,35.69911,0 139.75254,35.69885,0</coordinates></LineString></MultiGeometry></Placemark><Placemark><name>コイン(メーター)｜禁止帯なし</name><description>09:00-19:00 / 60分 / 300円
日曜・休日を除く / １月１日〜３日を除く
対象: 普通車・貨物
駐停車禁止: 近傍に線なし (重なり0%)
駐車禁止: 09:00-19:00,終日 (重なり9%)</description><styleUrl>#coin</styleUrl><MultiGeometry><LineString><coordinates>139.77741,35.67709,0 139.77846,35.67872,0 139.77872,35.67913,0</coordinates></LineString></MultiGeometry></Placemark><Placemark><name>コイン(メーター)｜禁止帯なし</name><description>09:00-19:00 / 60分 / 300円
日曜・休日を除く / １月１日〜３日を除く
対象: 普通車・貨物
駐停車禁止: 近傍に線なし (重なり0%)
駐車禁止: 08:00-20:00 (重なり28%)</description><styleUrl>#coin</styleUrl><MultiGeometry><LineString><coordinates>139.77892,35.67945,0 139.77934,35.68013,0</coordinates></LineString></MultiGeometry></Placemark><Placemark><name>コイン(メーター)｜駐車禁止帯</name><description>09:00-21:00 / 60分 / 300円
１月１日〜３日を除く
対象: 普通車・貨物
駐停車禁止: 近傍に線なし (重なり0%)
駐車禁止: 21:00-01:00,終日 (重なり99%)</description><styleUrl>#coin</styleUrl><MultiGeometry><LineString><coordinates>139.75975,35.66814,0 139.76032,35.66867,0 139.76382,35.67199,0</coordinates></LineString></MultiGeometry></Placemark><Placemark><name>コイン(メーター)｜駐車禁止帯</name><description>09:00-19:00 / 60分 / 300円
日曜・休日を除く / １月１日〜３日を除く
対象: 普通車・貨物
駐停車禁止: 近傍に線なし (重なり0%)
駐車禁止: 終日 (重なり98%)</description><styleUrl>#coin</styleUrl><MultiGeometry><LineString><coordinates>139.77654,35.6757,0 139.77726,35.67684,0</coordinates></LineString></MultiGeometry></Placemark><Placemark><name>コイン(メーター)｜禁止帯なし</name><description>09:00-19:00 / 60分 / 300円
日曜・休日を除く / １月１日〜３日を除く
対象: 普通車
駐停車禁止: 近傍に線なし (重なり0%)
駐車禁止: 終日 (重なり9%)</description><styleUrl>#coin</styleUrl><MultiGeometry><LineString><coordinates>139.77768,35.68894,0 139.77911,35.68989,0</coordinates></LineString></MultiGeometry></Placemark><Placemark><name>コイン(メーター)｜駐車禁止帯</name><description>09:00-19:00 / 60分 / 300円
日曜・休日を除く / １月１日〜３日を除く
対象: 普通車・貨物
駐停車禁止: 近傍に線なし (重なり0%)
駐車禁止: 終日 (重なり61%)</description><styleUrl>#coin</styleUrl><MultiGeometry><LineString><coordinates>139.74979,35.67086,0 139.75165,35.67022,0</coordinates></LineString></MultiGeometry></Placemark><Placemark><name>コイン(メーター)｜禁止帯なし</name><description>09:00-19:00 / 60分 / 300円
日曜・休日を除く / １月１日〜３日を除く
対象: 普通車・貨物
駐停車禁止: 近傍に線なし (重なり0%)
駐車禁止: 近傍に線なし (重なり0%)</description><styleUrl>#coin</styleUrl><MultiGeometry><LineString><coordinates>139.75134,35.67077,0 139.75002,35.67121,0</coordinates></LineString><LineString><coordinates>139.74998,35.67127,0 139.75136,35.67081,0</coordinates></LineString></MultiGeometry></Placemark><Placemark><name>コイン(メーター)｜禁止帯なし</name><description>09:00-19:00 / 60分 / 300円
日曜・休日を除く / １月１日〜３日を除く
対象: 普通車
駐停車禁止: 近傍に線なし (重なり0%)
駐車禁止: 近傍に線なし (重なり0%)</description><styleUrl>#coin</styleUrl><MultiGeometry><LineString><coordinates>139.75145,35.66507,0 139.75109,35.6643,0</coordinates></LineString></MultiGeometry></Placemark><Placemark><name>コイン(メーター)｜禁止帯なし</name><description>07:00-20:00 / 60分 / 300円
１月１日〜３日を除く
対象: 普通車
駐停車禁止: 近傍に線なし (重なり0%)
駐車禁止: 終日 (重なり8%)</description><styleUrl>#coin</styleUrl><MultiGeometry><LineString><coordinates>139.75037,35.69824,0 139.75064,35.69824,0 139.75101,35.69818,0 139.75223,35.69799,0</coordinates></LineString><LineString><coordinates>139.75223,35.69785,0 139.75057,35.6981,0 139.75042,35.69811,0</coordinates></LineString></MultiGeometry></Placemark><Placemark><name>コイン(メーター)｜駐車禁止帯</name><description>09:00-19:00 / 60分 / 300円
１月１日〜３日を除く
対象: 普通車・貨物
駐停車禁止: 近傍に線なし (重なり0%)
駐車禁止: 終日 (重なり49%)</description><styleUrl>#coin</styleUrl><MultiGeometry><LineString><coordinates>139.7008,35.69814,0 139.70197,35.69819,0 139.70423,35.69839,0 139.70443,35.69839,0 139.70519,35.69832,0 139.70684,35.69811,0</coordinates></LineString><LineString><coordinates>139.70676,35.69794,0 139.70477,35.6982,0 139.70436,35.69822,0 139.70325,35.69813,0 139.70201,35.69803,0 139.70084,35.69799,0</coordinates></LineString></MultiGeometry></Placemark><Placemark><name>コイン(メーター)｜禁止帯なし</name><description>09:00-19:00 / 60分 / 300円
日曜・休日を除く / １月１日〜３日を除く
対象: 普通車・貨物
駐停車禁止: 近傍に線なし (重なり0%)
駐車禁止: 終日 (重なり10%)</description><styleUrl>#coin</styleUrl><MultiGeometry><LineString><coordinates>139.717,35.63389,0 139.71748,35.63401,0 139.71881,35.63449,0 139.71929,35.63472,0</coordinates></LineString><LineString><coordinates>139.71932,35.63455,0 139.71844,35.63418,0 139.71727,35.63378,0</coordinates></LineString></MultiGeometry></Placemark><Placemark><name>コイン(メーター)｜禁止帯なし</name><description>09:00-19:00 / 60分 / 300円
日曜・休日を除く / １月１日〜３日を除く
対象: 普通車・貨物
駐停車禁止: 近傍に線なし (重なり0%)
駐車禁止: 08:00-20:00 (重なり1%)</description><styleUrl>#coin</styleUrl><MultiGeometry><LineString><coordinates>139.72043,35.62881,0 139.72153,35.62831,0 139.72247,35.62775,0</coordinates></LineString><LineString><coordinates>139.72242,35.62773,0 139.72176,35.6281,0 139.72091,35.62854,0 139.72039,35.62873,0</coordinates></LineString></MultiGeometry></Placemark><Placemark><name>コイン(メーター)｜禁止帯なし</name><description>09:00-19:00 / 60分 / 300円
日曜・休日を除く / １月１日〜３日を除く
対象: 普通車
駐停車禁止: 近傍に線なし (重なり0%)
駐車禁止: 終日 (重なり8%)</description><styleUrl>#coin</styleUrl><MultiGeometry><LineString><coordinates>139.71962,35.62717,0 139.72071,35.62692,0 139.72254,35.6262,0</coordinates></LineString></MultiGeometry></Placemark><Placemark><name>コイン(メーター)｜駐停車禁止帯</name><description>09:00-19:00 / 60分 / 300円
１月１日〜３日を除く
対象: 普通車・貨物
駐停車禁止: 07:30-09:00 (重なり98%)
駐車禁止: 終日 (重なり6%)</description><styleUrl>#coin</styleUrl><MultiGeometry><LineString><coordinates>139.79217,35.71148,0 139.79449,35.71118,0 139.7969,35.71088,0</coordinates></LineString></MultiGeometry></Placemark><Placemark><name>コイン(メーター)｜禁止帯なし</name><description>09:00-19:00 / 60分 / 300円
日曜・休日を除く / １月１日〜３日を除く
対象: 普通車
駐停車禁止: 近傍に線なし (重なり0%)
駐車禁止: 08:00-20:00,終日 (重なり12%)</description><styleUrl>#coin</styleUrl><MultiGeometry><LineString><coordinates>139.75478,35.6588,0 139.7539,35.6589,0 139.75252,35.65913,0</coordinates></LineString></MultiGeometry></Placemark><Placemark><name>コイン(メーター)｜駐車禁止帯</name><description>09:00-19:00 / 60分 / 300円
日曜・休日を除く / １月１日〜３日を除く
対象: 普通車
駐停車禁止: 近傍に線なし (重なり0%)
駐車禁止: 終日 (重なり100%)</description><styleUrl>#coin</styleUrl><MultiGeometry><LineString><coordinates>139.71606,35.63496,0 139.71517,35.63481,0</coordinates></LineString></MultiGeometry></Placemark><Placemark><name>コイン(メーター)｜禁止帯なし</name><description>09:00-19:00 / 60分 / 300円
日曜・休日を除く / １月１日〜３日を除く
対象: 普通車
駐停車禁止: 近傍に線なし (重なり0%)
駐車禁止: 09:00-19:00,19:00-09:00,終日 (重なり10%)</description><styleUrl>#coin</styleUrl><MultiGeometry><LineString><coordinates>139.75297,35.66099,0 139.75416,35.66355,0 139.75442,35.6641,0</coordinates></LineString><LineString><coordinates>139.7545,35.66407,0 139.75424,35.66354,0 139.75336,35.66164,0 139.75305,35.66098,0</coordinates></LineString></MultiGeometry></Placemark><Placemark><name>コイン(メーター)｜駐車禁止帯</name><description>07:00-20:00 / 60分 / 300円
１月１日〜３日を除く
対象: 普通車・貨物
駐停車禁止: 07:00-20:00 (重なり15%)
駐車禁止: 終日 (重なり68%)</description><styleUrl>#coin</styleUrl><MultiGeometry><LineString><coordinates>139.70474,35.65685,0 139.70559,35.65619,0 139.70603,35.65585,0 139.70654,35.65539,0</coordinates></LineString></MultiGeometry></Placemark><Placemark><name>コイン(メーター)｜駐車禁止帯</name><description>07:00-20:00 / 60分 / 300円
１月１日〜３日を除く
対象: 普通車・貨物
駐停車禁止: 近傍に線なし (重なり0%)
駐車禁止: 終日 (重なり95%)</description><styleUrl>#coin</styleUrl><MultiGeometry><LineString><coordinates>139.70546,35.6561,0 139.70519,35.65631,0 139.70473,35.65661,0 139.70446,35.65679,0 139.70426,35.65696,0 139.7041,35.65709,0 139.70387,35.65728,0</coordinates></LineString></MultiGeometry></Placemark><Placemark><name>コイン(メーター)｜禁止帯なし</name><description>09:00-19:00 / 60分 / 300円
日曜・休日を除く / １月１日〜３日を除く
対象: 普通車
駐停車禁止: 近傍に線なし (重なり0%)
駐車禁止: 終日 (重なり1%)</description><styleUrl>#coin</styleUrl><MultiGeometry><LineString><coordinates>139.78203,35.70696,0 139.78192,35.70635,0 139.78182,35.70573,0 139.78166,35.70497,0 139.78142,35.70391,0 139.78107,35.70237,0</coordinates></LineString><LineString><coordinates>139.78093,35.70231,0 139.78108,35.70308,0 139.78159,35.70531,0 139.78182,35.70655,0 139.78186,35.70695,0</coordinates></LineString></MultiGeometry></Placemark><Placemark><name>コイン(メーター)｜禁止帯なし</name><description>08:00-20:00 / 60分 / 300円
１月１日〜３日を除く
対象: 普通車
駐停車禁止: 近傍に線なし (重なり0%)
駐車禁止: 近傍に線なし (重なり0%)</description><styleUrl>#coin</styleUrl><MultiGeometry><LineString><coordinates>139.767,35.68964,0 139.76833,35.68946,0 139.7685,35.68942,0</coordinates></LineString></MultiGeometry></Placemark><Placemark><name>コイン(メーター)｜禁止帯なし</name><description>09:00-21:00 / 60分 / 300円
１月１日〜３日を除く
対象: 普通車・貨物
駐停車禁止: 近傍に線なし (重なり0%)
駐車禁止: 21:00-01:00,終日 (重なり5%)</description><styleUrl>#coin</styleUrl><MultiGeometry><LineString><coordinates>139.77008,35.67402,0 139.76975,35.67361,0 139.76839,35.67188,0 139.76757,35.6709,0 139.76692,35.67026,0 139.76672,35.67007,0</coordinates></LineString></MultiGeometry></Placemark><Placemark><name>コイン(メーター)｜禁止帯なし</name><description>09:00-19:00 / 60分 / 300円
日曜・休日を除く / １月１日〜３日を除く
対象: 普通車
駐停車禁止: 近傍に線なし (重なり0%)
駐車禁止: 08:00-20:00,09:00-19:00,終日 (重なり6%)</description><styleUrl>#coin</styleUrl><MultiGeometry><LineString><coordinates>139.78341,35.68057,0 139.78257,35.68156,0 139.78202,35.68221,0 139.7819,35.68232,0 139.78184,35.68236,0</coordinates></LineString></MultiGeometry></Placemark><Placemark><name>コイン(メーター)｜禁止帯なし</name><description>08:00-20:00 / 60分 / 300円
１月１日〜３日を除く
対象: 普通車
駐停車禁止: 近傍に線なし (重なり0%)
駐車禁止: 終日 (重なり9%)</description><styleUrl>#coin</styleUrl><MultiGeometry><LineString><coordinates>139.75688,35.69859,0 139.75801,35.69906,0 139.75808,35.6991,0</coordinates></LineString></MultiGeometry></Placemark><Placemark><name>コイン(メーター)｜駐車禁止帯</name><description>09:00-21:00 / 60分 / 300円
１月１日〜３日を除く
対象: 普通車・貨物
駐停車禁止: 近傍に線なし (重なり0%)
駐車禁止: 07:00-01:00,21:00-01:00,終日 (重なり100%)</description><styleUrl>#coin</styleUrl><MultiGeometry><LineString><coordinates>139.76588,35.67519,0 139.76668,35.67463,0 139.76848,35.67336,0 139.76915,35.67292,0 139.76959,35.67263,0</coordinates></LineString></MultiGeometry></Placemark><Placemark><name>コイン(メーター)｜駐車禁止帯</name><description>09:00-20:00 / 60分 / 300円
１月１日〜３日を除く
対象: 普通車・貨物
駐停車禁止: 終日 (重なり8%)
駐車禁止: 終日 (重なり34%)</description><styleUrl>#coin</styleUrl><MultiGeometry><LineString><coordinates>139.70379,35.66931,0 139.70526,35.66865,0</coordinates></LineString><LineString><coordinates>139.70516,35.66851,0 139.70372,35.66919,0</coordinates></LineString></MultiGeometry></Placemark><Placemark><name>コイン(メーター)｜禁止帯なし</name><description>09:00-20:00 / 60分 / 300円
１月１日〜３日を除く
対象: 普通車・貨物
駐停車禁止: 近傍に線なし (重なり0%)
駐車禁止: 近傍に線なし (重なり0%)</description><styleUrl>#coin</styleUrl><MultiGeometry><LineString><coordinates>139.63555,35.69978,0 139.63643,35.70338,0 139.63657,35.70407,0</coordinates></LineString></MultiGeometry></Placemark><Placemark><name>コイン(メーター)｜駐車禁止帯</name><description>09:00-19:00 / 60分 / 300円
１月１日〜３日を除く
対象: 普通車・貨物
駐停車禁止: 近傍に線なし (重なり0%)
駐車禁止: 19:00-09:00 (重なり100%)</description><styleUrl>#coin</styleUrl><MultiGeometry><LineString><coordinates>139.76232,35.67502,0 139.76131,35.67526,0</coordinates></LineString></MultiGeometry></Placemark><Placemark><name>コイン(メーター)｜駐車禁止帯</name><description>09:00-19:00 / 60分 / 300円
日曜・休日を除く / １月１日〜３日を除く
対象: 普通車・貨物
駐停車禁止: 近傍に線なし (重なり0%)
駐車禁止: 08:00-20:00,終日 (重なり100%)</description><styleUrl>#coin</styleUrl><MultiGeometry><LineString><coordinates>139.75288,35.65687,0 139.75273,35.65485,0 139.75266,35.65381,0</coordinates></LineString></MultiGeometry></Placemark><Placemark><name>コイン(メーター)｜駐車禁止帯</name><description>09:00-19:00 / 60分 / 300円
日曜・休日を除く / １月１日〜３日を除く
対象: 普通車
駐停車禁止: 近傍に線なし (重なり0%)
駐車禁止: 09:00-19:00,終日 (重なり70%)</description><styleUrl>#coin</styleUrl><MultiGeometry><LineString><coordinates>139.78155,35.68242,0 139.78064,35.68233,0 139.78035,35.68226,0</coordinates></LineString></MultiGeometry></Placemark><Placemark><name>コイン(メーター)｜禁止帯なし</name><description>09:00-19:00 / 60分 / 300円
日曜・休日を除く / １月１日〜３日を除く
対象: 普通車・貨物
駐停車禁止: 近傍に線なし (重なり0%)
駐車禁止: 近傍に線なし (重なり0%)</description><styleUrl>#coin</styleUrl><MultiGeometry><LineString><coordinates>139.77131,35.66727,0 139.77046,35.66794,0</coordinates></LineString></MultiGeometry></Placemark><Placemark><name>コイン(メーター)｜駐車禁止帯</name><description>09:00-19:00 / 60分 / 300円
日曜・休日を除く / １月１日〜３日を除く
対象: 普通車
駐停車禁止: 近傍に線なし (重なり0%)
駐車禁止: 終日 (重なり89%)</description><styleUrl>#coin</styleUrl><MultiGeometry><LineString><coordinates>139.77134,35.66865,0 139.77225,35.66792,0</coordinates></LineString></MultiGeometry></Placemark><Placemark><name>コイン(メーター)｜駐車禁止帯</name><description>09:00-19:00 / 60分 / 300円
日曜・休日を除く / １月１日〜３日を除く
対象: 普通車
駐停車禁止: 近傍に線なし (重なり0%)
駐車禁止: 終日 (重なり50%)</description><styleUrl>#coin</styleUrl><MultiGeometry><LineString><coordinates>139.77253,35.67069,0 139.77213,35.67021,0</coordinates></LineString></MultiGeometry></Placemark><Placemark><name>コイン(メーター)｜禁止帯なし</name><description>07:00-20:00 / 60分 / 300円
１月１日〜３日を除く
対象: 普通車
駐停車禁止: 07:00-20:00 (重なり5%)
駐車禁止: 終日 (重なり20%)</description><styleUrl>#coin</styleUrl><MultiGeometry><LineString><coordinates>139.77663,35.69562,0 139.77639,35.69646,0</coordinates></LineString></MultiGeometry></Placemark><Placemark><name>コイン(メーター)｜駐車禁止帯</name><description>09:00-20:00 / 60分 / 300円
１月１日〜３日を除く
対象: 普通車
駐停車禁止: 近傍に線なし (重なり0%)
駐車禁止: 08:00-20:00,終日 (重なり72%)</description><styleUrl>#coin</styleUrl><MultiGeometry><LineString><coordinates>139.70925,35.67216,0 139.71057,35.67262,0 139.71091,35.67269,0 139.71133,35.67265,0 139.71373,35.67223,0</coordinates></LineString></MultiGeometry></Placemark><Placemark><name>コイン(メーター)｜禁止帯なし</name><description>09:00-19:00 / 60分 / 300円
日曜・休日を除く / １月１日〜３日を除く
対象: 普通車・貨物
駐停車禁止: 近傍に線なし (重なり0%)
駐車禁止: 終日 (重なり0%)</description><styleUrl>#coin</styleUrl><MultiGeometry><LineString><coordinates>139.74472,35.71721,0 139.74439,35.71739,0 139.74425,35.71748,0 139.74417,35.71755,0 139.7436,35.71803,0 139.74344,35.71817,0 139.74312,35.71843,0 139.74274,35.71865,0 139.74258,35.71873,0 139.74218,35.71896,0 139.74192,35.71912,0 139.7415,35.71947,0 139.74141,35.71955,0 139.74101,35.71989,0 139.74091,35.71999,0 139.74086,35.72004,0 139.74079,35.72013,0 139.74068,35.72026,0 139.7406,35.72034,0 139.74051,35.72045,0 139.7402,35.7208,0 139.74008,35.72094,0 139.73996,35.72107,0 139.73985,35.7212,0 139.73959,35.72149,0 139.73953,35.72156,0 139.73944,35.72166,0 139.73934,35.72176,0 139.73922,35.72185,0 139.73908,35.72196,0 139.73861,35.72233,0 139.73846,35.72244,0 139.738,35.7228,0 139.73785,35.72291,0 139.73751,35.72318,0 139.73726,35.72341,0 139.73712,35.72357,0 139.73672,35.72398,0 139.7366,35.72412,0 139.73643,35.72429,0 139.73629,35.72445,0 139.73609,35.72467,0 139.73606,35.72472,0 139.73602,35.72476,0 139.73596,35.72483,0 139.73576,35.72506,0 139.73551,35.72538,0 139.73513,35.72586,0 139.73503,35.72598,0 139.73487,35.72614,0 139.73465,35.72633,0 139.73423,35.72669,0 139.73384,35.72703,0 139.73334,35.72746,0 139.73325,35.72754,0 139.73302,35.72774,0 139.7328,35.72794,0 139.73241,35.72827,0 139.7321,35.72853,0 139.73196,35.72865,0 139.73173,35.72885,0 139.73151,35.72903,0 139.73094,35.72953,0 139.73066,35.72977,0 139.73062,35.72981,0</coordinates></LineString><LineString><coordinates>139.73009,35.73084,0 139.73007,35.7307,0 139.73007,35.7306,0 139.73009,35.7305,0 139.73016,35.73037,0 139.73024,35.73025,0 139.73035,35.73014,0 139.73092,35.72966,0 139.73106,35.72954,0 139.73116,35.72947,0 139.73127,35.72936,0 139.73164,35.72904,0 139.73278,35.72805,0 139.73329,35.72761,0 139.73409,35.72691,0 139.73495,35.72618,0 139.73513,35.726,0 139.73524,35.72587,0 139.73586,35.72507,0 139.73616,35.72473,0 139.73659,35.72424,0 139.73738,35.72342,0 139.73758,35.72322,0 139.7389,35.72221,0 139.73939,35.72183,0 139.7395,35.72172,0 139.74027,35.72084,0 139.74077,35.72028,0 139.74101,35.72001,0 139.74194,35.71921,0 139.74214,35.71907,0 139.74318,35.71848,0 139.74422,35.71761,0 139.7445,35.71742,0 139.74476,35.71729,0 139.74549,35.71698,0 139.74576,35.71686,0 139.74596,35.7167,0 139.74633,35.71639,0 139.74671,35.71608,0 139.74683,35.71599,0 139.74756,35.71549,0 139.74834,35.71494,0 139.74983,35.71386,0 139.75002,35.71374,0</coordinates></LineString><LineString><coordinates>139.74981,35.71379,0 139.74891,35.71443,0 139.74828,35.71488,0 139.74764,35.71534,0 139.74671,35.71598,0 139.74627,35.71634,0 139.74573,35.71677,0</coordinates></LineString><LineString><coordinates>139.73006,35.73034,0 139.73003,35.73039,0 139.73,35.7305,0 139.72997,35.73065,0 139.72997,35.7308,0 139.72998,35.73087,0</coordinates></LineString></MultiGeometry></Placemark><Placemark><name>コイン(メーター)｜駐停車禁止帯</name><description>09:00-19:00 / 60分 / 300円
日曜・休日を除く / １月１日〜３日を除く
対象: 普通車・貨物
駐停車禁止: 07:30-09:00,終日 (重なり49%)
駐車禁止: 終日 (重なり4%)</description><styleUrl>#coin</styleUrl><MultiGeometry><LineString><coordinates>139.72984,35.72633,0 139.72974,35.72665,0 139.72971,35.7268,0 139.72956,35.7273,0 139.7294,35.72776,0 139.72924,35.72849,0 139.7292,35.72868,0 139.72915,35.72902,0 139.72909,35.72947,0 139.72907,35.72978,0 139.72906,35.73019,0 139.72907,35.73034,0 139.7291,35.73058,0</coordinates></LineString><LineString><coordinates>139.72928,35.73062,0 139.72925,35.73043,0 139.72923,35.73023,0 139.72924,35.72979,0 139.72928,35.72935,0 139.72936,35.72872,0 139.72944,35.72822,0 139.72949,35.72779,0 139.72968,35.72724,0 139.72983,35.72669,0 139.72987,35.72649,0 139.7301,35.72598,0</coordinates></LineString></MultiGeometry></Placemark><Placemark><name>コイン(メーター)｜禁止帯なし</name><description>09:00-19:00 / 60分 / 300円
日曜・休日を除く / １月１日〜３日を除く
対象: 普通車・貨物
駐停車禁止: 近傍に線なし (重なり0%)
駐車禁止: 終日 (重なり5%)</description><styleUrl>#coin</styleUrl><MultiGeometry><LineString><coordinates>139.73035,35.73192,0 139.7305,35.73251,0 139.73068,35.73291,0 139.73078,35.73305,0</coordinates></LineString><LineString><coordinates>139.73086,35.73302,0 139.73075,35.73287,0 139.73061,35.73256,0 139.73042,35.73189,0</coordinates></LineString></MultiGeometry></Placemark><Placemark><name>コイン(メーター)｜禁止帯なし</name><description>09:00-20:00 / 60分 / 300円
１月１日〜３日を除く
対象: 普通車・貨物・標章車専用
駐停車禁止: 近傍に線なし (重なり0%)
駐車禁止: 終日 (重なり7%)</description><styleUrl>#coin</styleUrl><MultiGeometry><LineString><coordinates>139.64935,35.69878,0 139.64928,35.69945,0 139.64927,35.6998,0 139.64956,35.7018,0 139.64959,35.70228,0 139.64961,35.70469,0 139.6496,35.70504,0 139.64959,35.70516,0 139.64956,35.70546,0</coordinates></LineString></MultiGeometry></Placemark><Placemark><name>コイン(メーター)｜禁止帯なし</name><description>09:00-20:00 / 60分 / 300円
１月１日〜３日を除く
対象: 普通車・貨物
駐停車禁止: 近傍に線なし (重なり0%)
駐車禁止: 終日 (重なり4%)</description><styleUrl>#coin</styleUrl><MultiGeometry><LineString><coordinates>139.6497,35.70547,0 139.64971,35.70516,0 139.6497,35.70464,0 139.64968,35.7027,0 139.64966,35.70184,0 139.64937,35.69986,0 139.64935,35.69964,0 139.64939,35.69928,0</coordinates></LineString></MultiGeometry></Placemark><Placemark><name>コイン(メーター)｜禁止帯なし</name><description>09:00-19:00 / 60分 / 300円
日曜・休日を除く / １月１日〜３日を除く
対象: 普通車
駐停車禁止: 近傍に線なし (重なり0%)
駐車禁止: 終日 (重なり5%)</description><styleUrl>#coin</styleUrl><MultiGeometry><LineString><coordinates>139.72517,35.68857,0 139.72629,35.68806,0 139.72723,35.68766,0 139.72781,35.68745,0 139.72797,35.68741,0 139.72948,35.6868,0</coordinates></LineString></MultiGeometry></Placemark><Placemark><name>コイン(メーター)｜駐車禁止帯</name><description>09:00-19:00 / 60分 / 300円
日曜・休日を除く / １月１日〜３日を除く
対象: 普通車
駐停車禁止: 近傍に線なし (重なり0%)
駐車禁止: 08:00-20:00,09:00-19:00 (重なり100%)</description><styleUrl>#coin</styleUrl><MultiGeometry><LineString><coordinates>139.77428,35.6846,0 139.77308,35.68488,0 139.77148,35.68514,0</coordinates></LineString></MultiGeometry></Placemark><Placemark><name>コイン(メーター)｜禁止帯なし</name><description>07:00-20:00 / 40分 / 200円
１月１日〜３日を除く
対象: 普通車・貨物
駐停車禁止: 近傍に線なし (重なり0%)
駐車禁止: 終日 (重なり2%)</description><styleUrl>#coin</styleUrl><MultiGeometry><LineString><coordinates>139.71452,35.72505,0 139.71573,35.72637,0 139.71662,35.72732,0</coordinates></LineString></MultiGeometry></Placemark><Placemark><name>コイン(メーター)｜駐車禁止帯</name><description>07:00-20:00 / 40分 / 200円
１月１日〜３日を除く
対象: 普通車・貨物
駐停車禁止: 近傍に線なし (重なり0%)
駐車禁止: 終日 (重なり34%)</description><styleUrl>#coin</styleUrl><MultiGeometry><LineString><coordinates>139.71393,35.72776,0 139.71332,35.72816,0</coordinates></LineString></MultiGeometry></Placemark><Placemark><name>コイン(メーター)｜駐車禁止帯</name><description>07:00-20:00 / 40分 / 200円
１月１日〜３日を除く
対象: 普通車・貨物
駐停車禁止: 近傍に線なし (重なり0%)
駐車禁止: 終日 (重なり81%)</description><styleUrl>#coin</styleUrl><MultiGeometry><LineString><coordinates>139.7122,35.72883,0 139.71314,35.72827,0</coordinates></LineString></MultiGeometry></Placemark><Placemark><name>コイン(メーター)｜禁止帯なし</name><description>09:00-19:00 / 60分 / 300円
日曜・休日を除く / １月１日〜３日を除く
対象: 普通車
駐停車禁止: 近傍に線なし (重なり0%)
駐車禁止: 06:00-20:00 (重なり21%)</description><styleUrl>#coin</styleUrl><MultiGeometry><LineString><coordinates>139.77993,35.69095,0 139.77896,35.69029,0</coordinates></LineString></MultiGeometry></Placemark><Placemark><name>コイン(メーター)｜駐車禁止帯</name><description>09:00-19:00 / 60分 / 300円
日曜・休日を除く / １月１日〜３日を除く
対象: 普通車
駐停車禁止: 近傍に線なし (重なり0%)
駐車禁止: 終日 (重なり53%)</description><styleUrl>#coin</styleUrl><MultiGeometry><LineString><coordinates>139.75526,35.66962,0 139.75441,35.66992,0 139.75341,35.67024,0 139.75243,35.67053,0 139.75213,35.67054,0</coordinates></LineString></MultiGeometry></Placemark><Placemark><name>コイン(メーター)｜禁止帯なし</name><description>09:00-19:00 / 60分 / 300円
日曜・休日を除く / １月１日〜３日を除く
対象: 普通車・貨物
駐停車禁止: 近傍に線なし (重なり0%)
駐車禁止: 08:00-20:00,終日 (重なり1%)</description><styleUrl>#coin</styleUrl><MultiGeometry><LineString><coordinates>139.78937,35.71795,0 139.78921,35.71664,0 139.78897,35.71424,0 139.78892,35.71382,0 139.78859,35.71242,0 139.78845,35.71166,0 139.78841,35.71109,0 139.78834,35.71046,0</coordinates></LineString><LineString><coordinates>139.78821,35.71047,0 139.78826,35.71107,0 139.78833,35.71178,0 139.78855,35.71282,0 139.78877,35.71379,0 139.789,35.71583,0 139.78923,35.71796,0</coordinates></LineString></MultiGeometry></Placemark><Placemark><name>コイン(メーター)｜禁止帯なし</name><description>09:00-19:00 / 60分 / 300円
日曜・休日を除く / １月１日〜３日を除く
対象: 普通車・貨物
駐停車禁止: 近傍に線なし (重なり0%)
駐車禁止: 近傍に線なし (重なり0%)</description><styleUrl>#coin</styleUrl><MultiGeometry><LineString><coordinates>139.7518,35.67061,0 139.75146,35.67073,0</coordinates></LineString></MultiGeometry></Placemark><Placemark><name>コイン(メーター)｜駐車禁止帯</name><description>09:00-19:00 / 60分 / 300円
日曜・休日を除く / １月１日〜３日を除く
対象: 普通車・貨物
駐停車禁止: 近傍に線なし (重なり0%)
駐車禁止: 09:00-19:00 (重なり100%)</description><styleUrl>#coin</styleUrl><MultiGeometry><LineString><coordinates>139.75802,35.66886,0 139.75841,35.66957,0</coordinates></LineString></MultiGeometry></Placemark><Placemark><name>コイン(メーター)｜禁止帯なし</name><description>09:00-19:00 / 60分 / 300円
日曜・休日を除く / １月１日〜３日を除く
対象: 普通車・貨物
駐停車禁止: 近傍に線なし (重なり0%)
駐車禁止: 09:00-19:00,終日 (重なり2%)</description><styleUrl>#coin</styleUrl><MultiGeometry><LineString><coordinates>139.78239,35.68629,0 139.7828,35.68584,0 139.7841,35.68437,0</coordinates></LineString><LineString><coordinates>139.78399,35.68433,0 139.78328,35.68513,0 139.78269,35.68577,0 139.78227,35.68624,0</coordinates></LineString></MultiGeometry></Placemark><Placemark><name>コイン(メーター)｜禁止帯なし</name><description>07:00-20:00 / 60分 / 300円
１月１日〜３日を除く
対象: 普通車・貨物
駐停車禁止: 近傍に線なし (重なり0%)
駐車禁止: 07:00-20:00,終日 (重なり1%)</description><styleUrl>#coin</styleUrl><MultiGeometry><LineString><coordinates>139.77638,35.6945,0 139.7772,35.69271,0 139.77753,35.69198,0 139.77847,35.69083,0</coordinates></LineString><LineString><coordinates>139.77837,35.69078,0 139.77767,35.69159,0 139.77748,35.69185,0 139.77738,35.69203,0 139.77708,35.69266,0 139.77626,35.69447,0</coordinates></LineString></MultiGeometry></Placemark><Placemark><name>コイン(メーター)｜駐車禁止帯</name><description>09:00-19:00 / 60分 / 300円
１月１日〜３日を除く
対象: 普通車・貨物
駐停車禁止: 近傍に線なし (重なり0%)
駐車禁止: 終日 (重なり93%)</description><styleUrl>#coin</styleUrl><MultiGeometry><LineString><coordinates>139.75934,35.67453,0 139.75976,35.67423,0</coordinates></LineString></MultiGeometry></Placemark><Placemark><name>コイン(メーター)｜禁止帯なし</name><description>09:00-20:00 / 60分 / 300円
１月１日〜３日を除く
対象: 普通車・貨物
駐停車禁止: 近傍に線なし (重なり0%)
駐車禁止: 終日 (重なり2%)</description><styleUrl>#coin</styleUrl><MultiGeometry><LineString><coordinates>139.71528,35.66944,0 139.7139,35.67034,0 139.71359,35.6706,0 139.71295,35.67131,0 139.71266,35.67171,0 139.7125,35.67235,0 139.71247,35.67313,0 139.7125,35.67355,0 139.71252,35.67438,0 139.7126,35.67575,0 139.71253,35.67699,0 139.71252,35.67699,0 139.71254,35.67697,0 139.71254,35.67698,0 139.71253,35.67698,0</coordinates></LineString><LineString><coordinates>139.71267,35.67695,0 139.71267,35.67695,0 139.71267,35.67695,0 139.71267,35.67695,0 139.71275,35.67546,0 139.71259,35.67338,0 139.71265,35.67235,0 139.71278,35.67182,0 139.71314,35.6713,0 139.71389,35.6705,0 139.71529,35.66959,0</coordinates></LineString></MultiGeometry></Placemark><Placemark><name>コイン(メーター)｜禁止帯なし</name><description>09:00-19:00 / 60分 / 300円
１月１日〜３日を除く
対象: 普通車・貨物
駐停車禁止: 近傍に線なし (重なり0%)
駐車禁止: 終日 (重なり0%)</description><styleUrl>#coin</styleUrl><MultiGeometry><LineString><coordinates>139.69647,35.68838,0 139.69626,35.6909,0</coordinates></LineString><LineString><coordinates>139.69637,35.69087,0 139.69643,35.69,0</coordinates></LineString><LineString><coordinates>139.69648,35.68938,0 139.69657,35.68836,0</coordinates></LineString></MultiGeometry></Placemark><Placemark><name>コイン(メーター)｜駐車禁止帯</name><description>09:00-19:00 / 60分 / 300円
日曜・休日を除く / １月１日〜３日を除く
対象: 普通車
駐停車禁止: 近傍に線なし (重なり0%)
駐車禁止: 終日 (重なり99%)</description><styleUrl>#coin</styleUrl><MultiGeometry><LineString><coordinates>139.75038,35.70237,0 139.74958,35.70242,0 139.74804,35.70252,0 139.74631,35.70263,0 139.74616,35.70261,0 139.74567,35.70246,0 139.74533,35.70227,0</coordinates></LineString></MultiGeometry></Placemark><Placemark><name>コイン(メーター)｜駐車禁止帯</name><description>09:00-19:00 / 60分 / 300円
日曜・休日を除く / １月１日〜３日を除く
対象: 普通車
駐停車禁止: 近傍に線なし (重なり0%)
駐車禁止: 終日 (重なり31%)</description><styleUrl>#coin</styleUrl><MultiGeometry><LineString><coordinates>139.71135,35.63417,0 139.71205,35.63449,0 139.71442,35.63482,0</coordinates></LineString></MultiGeometry></Placemark><Placemark><name>コイン(メーター)｜駐車禁止帯</name><description>09:00-19:00 / 60分 / 300円
日曜・休日を除く / １月１日〜３日を除く
対象: 普通車・貨物
駐停車禁止: 近傍に線なし (重なり0%)
駐車禁止: 終日 (重なり32%)</description><styleUrl>#coin</styleUrl><MultiGeometry><LineString><coordinates>139.71495,35.63479,0 139.71332,35.63457,0</coordinates></LineString></MultiGeometry></Placemark><Placemark><name>コイン(メーター)｜禁止帯なし</name><description>09:00-19:00 / 60分 / 300円
日曜・休日を除く / １月１日〜３日を除く
対象: 普通車
駐停車禁止: 近傍に線なし (重なり0%)
駐車禁止: 終日 (重なり6%)</description><styleUrl>#coin</styleUrl><MultiGeometry><LineString><coordinates>139.77103,35.67007,0 139.76998,35.66921,0</coordinates></LineString></MultiGeometry></Placemark><Placemark><name>コイン(メーター)｜禁止帯なし</name><description>08:00-20:00 / 60分 / 300円
１月１日〜３日を除く
対象: 普通車
駐停車禁止: 近傍に線なし (重なり0%)
駐車禁止: 近傍に線なし (重なり0%)</description><styleUrl>#coin</styleUrl><MultiGeometry><LineString><coordinates>139.76171,35.69116,0 139.76216,35.69073,0 139.76228,35.69068,0 139.76395,35.69036,0 139.76409,35.69033,0 139.76435,35.69023,0</coordinates></LineString></MultiGeometry></Placemark><Placemark><name>コイン(メーター)｜禁止帯なし</name><description>09:00-19:00 / 60分 / 300円
日曜・休日を除く / １月１日〜３日を除く
対象: 普通車・貨物
駐停車禁止: 近傍に線なし (重なり0%)
駐車禁止: 08:00-20:00,終日 (重なり3%)</description><styleUrl>#coin</styleUrl><MultiGeometry><LineString><coordinates>139.77417,35.67394,0 139.77418,35.67415,0 139.77429,35.67455,0 139.77443,35.67478,0 139.77499,35.6757,0 139.77524,35.6761,0 139.77699,35.67885,0</coordinates></LineString><LineString><coordinates>139.77708,35.67881,0 139.77532,35.67606,0 139.77508,35.67567,0 139.77453,35.67478,0 139.77443,35.67456,0 139.77437,35.67439,0 139.77431,35.6741,0 139.7743,35.67392,0</coordinates></LineString></MultiGeometry></Placemark><Placemark><name>コイン(メーター)｜禁止帯なし</name><description>09:00-19:00 / 60分 / 300円
日曜・休日を除く / １月１日〜３日を除く
対象: 普通車
駐停車禁止: 近傍に線なし (重なり0%)
駐車禁止: 近傍に線なし (重なり0%)</description><styleUrl>#coin</styleUrl><MultiGeometry><LineString><coordinates>139.75517,35.66104,0 139.75472,35.66038,0</coordinates></LineString></MultiGeometry></Placemark><Placemark><name>コイン(メーター)｜禁止帯なし</name><description>09:00-19:00 / 60分 / 300円
日曜・休日を除く / １月１日〜３日を除く
対象: 普通車
駐停車禁止: 近傍に線なし (重なり0%)
駐車禁止: 終日 (重なり10%)</description><styleUrl>#coin</styleUrl><MultiGeometry><LineString><coordinates>139.7325,35.65871,0 139.73265,35.65824,0 139.73279,35.65792,0 139.73313,35.65751,0 139.73361,35.65719,0</coordinates></LineString></MultiGeometry></Placemark><Placemark><name>コイン(メーター)｜駐車禁止帯</name><description>09:00-19:00 / 60分 / 300円
日曜・休日を除く / １月１日〜３日を除く
対象: 普通車・貨物
駐停車禁止: 近傍に線なし (重なり0%)
駐車禁止: 19:00-01:00 (重なり97%)</description><styleUrl>#coin</styleUrl><MultiGeometry><LineString><coordinates>139.75669,35.66607,0 139.7562,35.66514,0</coordinates></LineString></MultiGeometry></Placemark><Placemark><name>コイン(メーター)｜駐車禁止帯</name><description>09:00-21:00 / 60分 / 300円
１月１日〜３日を除く
対象: 普通車・貨物
駐停車禁止: 近傍に線なし (重なり0%)
駐車禁止: 09:00-21:00,終日 (重なり100%)</description><styleUrl>#coin</styleUrl><MultiGeometry><LineString><coordinates>139.76674,35.66811,0 139.76627,35.66854,0</coordinates></LineString></MultiGeometry></Placemark><Placemark><name>コイン(メーター)｜禁止帯なし</name><description>09:00-19:00 / 60分 / 300円
日曜・休日を除く / １月１日〜３日を除く
対象: 普通車・貨物
駐停車禁止: 近傍に線なし (重なり0%)
駐車禁止: 07:00-20:00,終日 (重なり3%)</description><styleUrl>#coin</styleUrl><MultiGeometry><LineString><coordinates>139.79713,35.70368,0 139.80218,35.70381,0 139.80456,35.70395,0</coordinates></LineString><LineString><coordinates>139.80458,35.70383,0 139.80212,35.7037,0 139.79704,35.70355,0</coordinates></LineString></MultiGeometry></Placemark><Placemark><name>コイン(メーター)｜禁止帯なし</name><description>09:00-19:00 / 60分 / 300円
日曜・休日を除く / １月１日〜３日を除く
対象: 普通車・貨物
駐停車禁止: 近傍に線なし (重なり0%)
駐車禁止: 07:00-20:00,終日 (重なり2%)</description><styleUrl>#coin</styleUrl><MultiGeometry><LineString><coordinates>139.80488,35.70395,0 139.80777,35.7041,0 139.81296,35.70435,0 139.81424,35.70443,0</coordinates></LineString><LineString><coordinates>139.81424,35.70429,0 139.80877,35.70402,0 139.80725,35.70396,0 139.80491,35.70385,0</coordinates></LineString></MultiGeometry></Placemark><Placemark><name>コイン(メーター)｜禁止帯なし</name><description>07:00-20:00 / 60分 / 300円
１月１日〜３日を除く
対象: 普通車・貨物
駐停車禁止: 近傍に線なし (重なり0%)
駐車禁止: 07:00-20:00,終日 (重なり8%)</description><styleUrl>#coin</styleUrl><MultiGeometry><LineString><coordinates>139.77498,35.69182,0 139.77563,35.69207,0 139.77751,35.69282,0 139.7781,35.69308,0 139.77985,35.69436,0</coordinates></LineString><LineString><coordinates>139.77991,35.69427,0 139.77816,35.69299,0 139.77708,35.69252,0 139.77498,35.69171,0</coordinates></LineString></MultiGeometry></Placemark><Placemark><name>コイン(メーター)｜禁止帯なし</name><description>09:00-19:00 / 60分 / 300円
日曜・休日を除く / １月１日〜３日を除く
対象: 普通車
駐停車禁止: 近傍に線なし (重なり0%)
駐車禁止: 09:00-19:00 (重なり20%)</description><styleUrl>#coin</styleUrl><MultiGeometry><LineString><coordinates>139.74845,35.66173,0 139.74772,35.66183,0 139.74727,35.6619,0</coordinates></LineString></MultiGeometry></Placemark><Placemark><name>コイン(メーター)｜禁止帯なし</name><description>09:00-19:00 / 60分 / 300円
日曜・休日を除く / １月１日〜３日を除く
対象: 普通車・貨物
駐停車禁止: 近傍に線なし (重なり0%)
駐車禁止: 終日 (重なり2%)</description><styleUrl>#coin</styleUrl><MultiGeometry><LineString><coordinates>139.71332,35.6344,0 139.71382,35.63428,0 139.71469,35.63391,0 139.71523,35.63382,0</coordinates></LineString><LineString><coordinates>139.71518,35.63371,0 139.71456,35.63382,0 139.71348,35.63426,0</coordinates></LineString></MultiGeometry></Placemark><Placemark><name>コイン(メーター)｜駐車禁止帯</name><description>09:00-19:00 / 60分 / 300円
１月１日〜３日を除く
対象: 普通車
駐停車禁止: 近傍に線なし (重なり0%)
駐車禁止: 終日 (重なり52%)</description><styleUrl>#coin</styleUrl><MultiGeometry><LineString><coordinates>139.68965,35.68643,0 139.69031,35.68679,0 139.69094,35.68697,0 139.69126,35.68703,0</coordinates></LineString></MultiGeometry></Placemark><Placemark><name>コイン(メーター)｜禁止帯なし</name><description>09:00-19:00 / 60分 / 300円
１月１日〜３日を除く
対象: 普通車・貨物
駐停車禁止: 近傍に線なし (重なり0%)
駐車禁止: 終日 (重なり2%)</description><styleUrl>#coin</styleUrl><MultiGeometry><LineString><coordinates>139.68735,35.69122,0 139.68858,35.69172,0 139.68902,35.69183,0 139.68937,35.69189,0 139.69015,35.69202,0</coordinates></LineString><LineString><coordinates>139.69013,35.69185,0 139.68907,35.69167,0 139.68871,35.69159,0 139.6874,35.69104,0</coordinates></LineString></MultiGeometry></Placemark><Placemark><name>コイン(メーター)｜禁止帯なし</name><description>09:00-19:00 / 60分 / 300円
１月１日〜３日を除く
対象: 普通車・貨物
駐停車禁止: 07:00-20:00 (重なり4%)
駐車禁止: 終日 (重なり1%)</description><styleUrl>#coin</styleUrl><MultiGeometry><LineString><coordinates>139.69016,35.69203,0 139.68981,35.69347,0 139.68979,35.69373,0 139.68982,35.69406,0 139.68986,35.69421,0 139.68992,35.69436,0 139.68995,35.69445,0 139.69031,35.69509,0</coordinates></LineString><LineString><coordinates>139.69058,35.69502,0 139.69027,35.69447,0 139.69018,35.69429,0 139.6901,35.69403,0 139.69006,35.69373,0 139.69009,35.69348,0 139.69042,35.6921,0</coordinates></LineString></MultiGeometry></Placemark><Placemark><name>コイン(メーター)｜禁止帯なし</name><description>09:00-20:00 / 60分 / 300円
１月１日〜３日を除く
対象: 普通車・貨物
駐停車禁止: 近傍に線なし (重なり0%)
駐車禁止: 終日 (重なり0%)</description><styleUrl>#coin</styleUrl><MultiGeometry><LineString><coordinates>139.63647,35.70569,0 139.6363,35.70667,0 139.63558,35.70936,0 139.63525,35.71064,0 139.63489,35.71239,0 139.63475,35.71316,0</coordinates></LineString><LineString><coordinates>139.63484,35.71321,0 139.63504,35.71209,0 139.63542,35.71028,0 139.63589,35.7085,0 139.63644,35.70646,0 139.63659,35.70569,0</coordinates></LineString></MultiGeometry></Placemark><Placemark><name>コイン(メーター)｜禁止帯なし</name><description>09:00-20:00 / 60分 / 300円
１月１日〜３日を除く
対象: 普通車・貨物
駐停車禁止: 終日 (重なり14%)
駐車禁止: 近傍に線なし (重なり0%)</description><styleUrl>#coin</styleUrl><MultiGeometry><LineString><coordinates>139.63669,35.70407,0 139.63626,35.70234,0 139.63564,35.69977,0</coordinates></LineString></MultiGeometry></Placemark><Placemark><name>コイン(メーター)｜禁止帯なし</name><description>09:00-19:00 / 60分 / 300円
１月１日〜３日を除く
対象: 普通車
駐停車禁止: 近傍に線なし (重なり0%)
駐車禁止: 近傍に線なし (重なり0%)</description><styleUrl>#coin</styleUrl><MultiGeometry><LineString><coordinates>139.68905,35.68833,0 139.6909,35.68864,0</coordinates></LineString><LineString><coordinates>139.69093,35.68847,0 139.68909,35.68818,0</coordinates></LineString></MultiGeometry></Placemark><Placemark><name>コイン(メーター)｜禁止帯なし</name><description>07:00-20:00 / 60分 / 300円
１月１日〜３日を除く
対象: 普通車・貨物
駐停車禁止: 近傍に線なし (重なり0%)
駐車禁止: 終日 (重なり9%)</description><styleUrl>#coin</styleUrl><MultiGeometry><LineString><coordinates>139.77086,35.69063,0 139.77191,35.69093,0</coordinates></LineString><LineString><coordinates>139.77195,35.69082,0 139.77073,35.69049,0</coordinates></LineString></MultiGeometry></Placemark><Placemark><name>コイン(メーター)｜禁止帯なし</name><description>07:00-20:00 / 60分 / 300円
１月１日〜３日を除く
対象: 普通車
駐停車禁止: 近傍に線なし (重なり0%)
駐車禁止: 終日 (重なり2%)</description><styleUrl>#coin</styleUrl><MultiGeometry><LineString><coordinates>139.77133,35.6932,0 139.77396,35.69396,0 139.7749,35.69423,0</coordinates></LineString><LineString><coordinates>139.77493,35.6941,0 139.77262,35.69348,0 139.77124,35.69311,0</coordinates></LineString></MultiGeometry></Placemark><Placemark><name>コイン(メーター)｜禁止帯なし</name><description>07:00-20:00 / 60分 / 300円
１月１日〜３日を除く
対象: 普通車
駐停車禁止: 近傍に線なし (重なり0%)
駐車禁止: 07:00-20:00,終日 (重なり3%)</description><styleUrl>#coin</styleUrl><MultiGeometry><LineString><coordinates>139.77549,35.69441,0 139.77825,35.69513,0</coordinates></LineString><LineString><coordinates>139.77833,35.69503,0 139.77629,35.69449,0 139.7753,35.69422,0</coordinates></LineString></MultiGeometry></Placemark><Placemark><name>コイン(メーター)｜駐停車禁止帯</name><description>09:30-20:00 / 60分 / 300円
１月１日〜３日を除く
対象: 普通車
駐停車禁止: 終日 (重なり49%)
駐車禁止: 07:00-20:00,09:00-18:30,終日 (重なり23%)</description><styleUrl>#coin</styleUrl><MultiGeometry><LineString><coordinates>139.78008,35.69526,0 139.78005,35.69464,0 139.78013,35.69454,0 139.78069,35.69405,0 139.78185,35.69302,0</coordinates></LineString><LineString><coordinates>139.78171,35.693,0 139.78084,35.69374,0 139.78035,35.69417,0 139.78001,35.69448,0 139.77992,35.6946,0 139.77993,35.69527,0</coordinates></LineString></MultiGeometry></Placemark><Placemark><name>コイン(メーター)｜駐停車禁止帯</name><description>09:30-19:00 / 60分 / 300円
日曜・休日を除く / １月１日〜３日を除く
対象: 普通車・貨物
駐停車禁止: 終日 (重なり50%)
駐車禁止: 09:00-19:00,終日 (重なり1%)</description><styleUrl>#coin</styleUrl><MultiGeometry><LineString><coordinates>139.782,35.6929,0 139.78332,35.6917,0 139.78432,35.69078,0 139.78494,35.6902,0 139.78539,35.6895,0 139.78583,35.68883,0 139.78587,35.68877,0</coordinates></LineString><LineString><coordinates>139.78569,35.68866,0 139.78502,35.68972,0 139.7846,35.69037,0 139.78362,35.69127,0 139.78348,35.69142,0 139.78309,35.69177,0 139.78296,35.69188,0 139.78257,35.69225,0 139.78226,35.69252,0 139.78191,35.69282,0</coordinates></LineString></MultiGeometry></Placemark><Placemark><name>コイン(メーター)｜駐停車禁止帯</name><description>09:30-19:00 / 60分 / 300円
日曜・休日を除く / １月１日〜３日を除く
対象: 普通車・貨物
駐停車禁止: 終日 (重なり50%)
駐車禁止: 08:00-20:00,終日 (重なり2%)</description><styleUrl>#coin</styleUrl><MultiGeometry><LineString><coordinates>139.78807,35.68565,0 139.78709,35.6869,0 139.78629,35.68791,0 139.78577,35.68855,0</coordinates></LineString><LineString><coordinates>139.78596,35.68867,0 139.78637,35.68812,0 139.78826,35.68574,0</coordinates></LineString></MultiGeometry></Placemark><Placemark><name>コイン(メーター)｜禁止帯なし</name><description>09:00-19:00 / 60分 / 300円
日曜・休日を除く / １月１日〜３日を除く
対象: 普通車
駐停車禁止: 終日 (重なり1%)
駐車禁止: 08:00-20:00,終日 (重なり1%)</description><styleUrl>#coin</styleUrl><MultiGeometry><LineString><coordinates>139.78172,35.68257,0 139.78326,35.68331,0 139.78611,35.68471,0 139.7876,35.68543,0 139.78897,35.68605,0 139.78938,35.68625,0</coordinates></LineString><LineString><coordinates>139.78945,35.68613,0 139.78843,35.68565,0 139.78729,35.68508,0 139.78607,35.6845,0 139.78345,35.68321,0 139.78189,35.68245,0</coordinates></LineString></MultiGeometry></Placemark><Placemark><name>コイン(メーター)｜禁止帯なし</name><description>09:00-19:00 / 60分 / 300円
日曜・休日を除く / １月１日〜３日を除く
対象: 普通車
駐停車禁止: 終日 (重なり7%)
駐車禁止: 09:00-19:00,終日 (重なり8%)</description><styleUrl>#coin</styleUrl><MultiGeometry><LineString><coordinates>139.78789,35.69143,0 139.78701,35.69091,0 139.78626,35.69042,0 139.78524,35.68975,0</coordinates></LineString></MultiGeometry></Placemark><Placemark><name>コイン(メーター)｜禁止帯なし</name><description>09:00-19:00 / 60分 / 300円
日曜・休日を除く / １月１日〜３日を除く
対象: 普通車
駐停車禁止: 終日 (重なり4%)
駐車禁止: 08:00-20:00,終日 (重なり5%)</description><styleUrl>#coin</styleUrl><MultiGeometry><LineString><coordinates>139.77942,35.67636,0 139.77999,35.67688,0 139.78053,35.67737,0 139.78177,35.67814,0 139.78252,35.67862,0 139.78301,35.67894,0</coordinates></LineString><LineString><coordinates>139.7831,35.6789,0 139.78261,35.67859,0 139.78182,35.67809,0 139.78059,35.67732,0 139.78008,35.67684,0 139.77953,35.67635,0</coordinates></LineString></MultiGeometry></Placemark><Placemark><name>コイン(メーター)｜禁止帯なし</name><description>09:00-19:00 / 60分 / 300円
日曜・休日を除く / １月１日〜３日を除く
対象: 普通車
駐停車禁止: 近傍に線なし (重なり0%)
駐車禁止: 08:00-20:00,終日 (重なり2%)</description><styleUrl>#coin</styleUrl><MultiGeometry><LineString><coordinates>139.7838,35.67945,0 139.78545,35.68046,0 139.78632,35.68095,0 139.78655,35.68109,0</coordinates></LineString><LineString><coordinates>139.78659,35.68101,0 139.7855,35.6804,0 139.78439,35.67971,0 139.78386,35.67939,0</coordinates></LineString></MultiGeometry></Placemark><Placemark><name>コイン(メーター)｜禁止帯なし</name><description>08:00-20:00 / 60分 / 300円
１月１日〜３日を除く
対象: 普通車
駐停車禁止: 近傍に線なし (重なり0%)
駐車禁止: 08:00-20:00 (重なり2%)</description><styleUrl>#coin</styleUrl><MultiGeometry><LineString><coordinates>139.75576,35.69396,0 139.75546,35.69404,0 139.75509,35.69412,0 139.75419,35.69434,0 139.75387,35.69448,0 139.75358,35.69468,0 139.75342,35.6948,0 139.75328,35.69496,0 139.7531,35.6952,0 139.75303,35.69538,0 139.753,35.69554,0</coordinates></LineString></MultiGeometry></Placemark><Placemark><name>コイン(メーター)｜禁止帯なし</name><description>08:00-20:00 / 60分 / 300円
１月１日〜３日を除く
対象: 普通車
駐停車禁止: 近傍に線なし (重なり0%)
駐車禁止: 近傍に線なし (重なり0%)</description><styleUrl>#coin</styleUrl><MultiGeometry><LineString><coordinates>139.76835,35.6893,0 139.7683,35.68932,0 139.76696,35.68951,0</coordinates></LineString></MultiGeometry></Placemark><Placemark><name>コイン(メーター)｜禁止帯なし</name><description>08:00-20:00 / 60分 / 300円
１月１日〜３日を除く
対象: 普通車・貨物
駐停車禁止: 近傍に線なし (重なり0%)
駐車禁止: 08:00-20:00,終日 (重なり1%)</description><styleUrl>#coin</styleUrl><MultiGeometry><LineString><coordinates>139.7583,35.70115,0 139.75919,35.70115,0 139.75983,35.70099,0 139.76203,35.70025,0 139.76325,35.69982,0</coordinates></LineString></MultiGeometry></Placemark><Placemark><name>コイン(メーター)｜禁止帯なし</name><description>08:00-20:00 / 60分 / 300円
１月１日〜３日を除く
対象: 普通車・貨物
駐停車禁止: 近傍に線なし (重なり0%)
駐車禁止: 終日 (重なり3%)</description><styleUrl>#coin</styleUrl><MultiGeometry><LineString><coordinates>139.76456,35.69013,0 139.76498,35.68994,0 139.7661,35.68977,0 139.76681,35.68967,0</coordinates></LineString><LineString><coordinates>139.76675,35.68954,0 139.76492,35.6898,0 139.76454,35.68995,0</coordinates></LineString></MultiGeometry></Placemark><Placemark><name>コイン(メーター)｜駐車禁止帯</name><description>09:00-21:00 / 60分 / 300円
１月１日〜３日を除く
対象: 普通車・貨物
駐停車禁止: 近傍に線なし (重なり0%)
駐車禁止: 21:00-01:00,終日 (重なり96%)</description><styleUrl>#coin</styleUrl><MultiGeometry><LineString><coordinates>139.759,35.66841,0 139.75935,35.66826,0 139.75984,35.66811,0 139.76067,35.66783,0 139.76112,35.66769,0</coordinates></LineString></MultiGeometry></Placemark><Placemark><name>コイン(メーター)｜駐車禁止帯</name><description>09:00-21:00 / 60分 / 300円
１月１日〜３日を除く
対象: 普通車・貨物
駐停車禁止: 近傍に線なし (重なり0%)
駐車禁止: 21:00-01:00,終日 (重なり98%)</description><styleUrl>#coin</styleUrl><MultiGeometry><LineString><coordinates>139.76108,35.66765,0 139.76067,35.66776,0 139.76064,35.66777,0</coordinates></LineString><LineString><coordinates>139.76025,35.6679,0 139.76011,35.66795,0 139.75931,35.6682,0 139.75897,35.66834,0</coordinates></LineString></MultiGeometry></Placemark><Placemark><name>コイン(メーター)｜禁止帯なし</name><description>09:00-19:00 / 60分 / 300円
日曜・休日を除く / １月１日〜３日を除く
対象: 普通車・貨物
駐停車禁止: 近傍に線なし (重なり0%)
駐車禁止: 終日 (重なり3%)</description><styleUrl>#coin</styleUrl><MultiGeometry><LineString><coordinates>139.76922,35.66565,0 139.76808,35.66674,0</coordinates></LineString><LineString><coordinates>139.76816,35.66681,0 139.7693,35.66572,0</coordinates></LineString></MultiGeometry></Placemark><Placemark><name>コイン(メーター)｜駐車禁止帯</name><description>09:00-19:00 / 60分 / 300円
日曜・休日を除く / １月１日〜３日を除く
対象: 普通車・貨物
駐停車禁止: 近傍に線なし (重なり0%)
駐車禁止: 終日 (重なり98%)</description><styleUrl>#coin</styleUrl><MultiGeometry><LineString><coordinates>139.78007,35.67274,0 139.77862,35.6728,0 139.77844,35.67281,0 139.77628,35.67293,0</coordinates></LineString></MultiGeometry></Placemark><Placemark><name>コイン(メーター)｜駐停車禁止帯</name><description>09:00-19:00 / 60分 / 300円
日曜・休日を除く / １月１日〜３日を除く
対象: 普通車・貨物
駐停車禁止: 終日 (重なり48%)
駐車禁止: 08:00-20:00,終日 (重なり1%)</description><styleUrl>#coin</styleUrl><MultiGeometry><LineString><coordinates>139.73584,35.6467,0 139.73623,35.64733,0 139.73662,35.64863,0 139.73665,35.64898,0 139.73663,35.64961,0 139.73663,35.65089,0 139.73659,35.65127,0 139.73646,35.65185,0 139.73642,35.65219,0 139.73643,35.65249,0 139.7367,35.6537,0 139.73684,35.65452,0 139.73692,35.65524,0</coordinates></LineString><LineString><coordinates>139.7372,35.65519,0 139.73701,35.65377,0 139.73679,35.65285,0 139.73676,35.65271,0 139.7367,35.6522,0 139.73687,35.65135,0 139.73689,35.65073,0 139.73692,35.65037,0 139.73692,35.64867,0 139.73654,35.64735,0 139.73615,35.64663,0</coordinates></LineString></MultiGeometry></Placemark><Placemark><name>コイン(メーター)｜駐停車禁止帯</name><description>09:00-21:00 / 60分 / 300円
１月１日〜３日を除く
対象: 普通車・貨物
駐停車禁止: 終日 (重なり54%)
駐車禁止: 07:00-21:00,終日 (重なり2%)</description><styleUrl>#coin</styleUrl><MultiGeometry><LineString><coordinates>139.71814,35.65971,0 139.71652,35.6603,0 139.715,35.66086,0 139.71333,35.66167,0 139.71181,35.66248,0 139.71079,35.66303,0</coordinates></LineString><LineString><coordinates>139.71179,35.66258,0 139.71319,35.66183,0 139.71483,35.66103,0 139.71689,35.66028,0 139.71727,35.66011,0 139.7182,35.65977,0</coordinates></LineString></MultiGeometry></Placemark><Placemark><name>コイン(メーター)｜禁止帯なし</name><description>09:00-19:00 / 60分 / 300円
１月１日〜３日を除く
対象: 普通車・貨物
駐停車禁止: 近傍に線なし (重なり0%)
駐車禁止: 終日 (重なり0%)</description><styleUrl>#coin</styleUrl><MultiGeometry><LineString><coordinates>139.71678,35.67106,0 139.71681,35.67142,0 139.71683,35.67179,0 139.71682,35.67213,0 139.71671,35.67247,0 139.71649,35.67283,0 139.71632,35.67316,0</coordinates></LineString><LineString><coordinates>139.71644,35.67322,0 139.71686,35.67243,0 139.71695,35.67205,0 139.71693,35.67132,0 139.71688,35.67062,0 139.71691,35.67044,0 139.71695,35.67034,0</coordinates></LineString></MultiGeometry></Placemark><Placemark><name>コイン(メーター)｜駐車禁止帯</name><description>09:00-19:00 / 60分 / 300円
日曜・休日を除く / １月１日〜３日を除く
対象: 普通車・貨物
駐停車禁止: 近傍に線なし (重なり0%)
駐車禁止: 終日 (重なり48%)</description><styleUrl>#coin</styleUrl><MultiGeometry><LineString><coordinates>139.78834,35.68559,0 139.78902,35.6848,0</coordinates></LineString></MultiGeometry></Placemark><Placemark><name>コイン(メーター)｜禁止帯なし</name><description>09:00-19:00 / 60分 / 300円
日曜・休日を除く / １月１日〜３日を除く
対象: 普通車・貨物
駐停車禁止: 近傍に線なし (重なり0%)
駐車禁止: 終日 (重なり6%)</description><styleUrl>#coin</styleUrl><MultiGeometry><LineString><coordinates>139.78964,35.68385,0 139.78896,35.68465,0</coordinates></LineString><LineString><coordinates>139.78909,35.68471,0 139.7894,35.68435,0 139.78976,35.68393,0</coordinates></LineString></MultiGeometry></Placemark><Placemark><name>コイン(メーター)｜禁止帯なし</name><description>09:00-19:00 / 60分 / 300円
日曜・休日を除く / １月１日〜３日を除く
対象: 普通車
駐停車禁止: 近傍に線なし (重なり0%)
駐車禁止: 08:00-20:00,終日 (重なり3%)</description><styleUrl>#coin</styleUrl><MultiGeometry><LineString><coordinates>139.73127,35.60644,0 139.73318,35.60646,0</coordinates></LineString><LineString><coordinates>139.73319,35.60637,0 139.7313,35.60636,0</coordinates></LineString></MultiGeometry></Placemark><Placemark><name>コイン(メーター)｜禁止帯なし</name><description>08:00-20:00 / 60分 / 300円
１月１日〜３日を除く
対象: 普通車・貨物
駐停車禁止: 近傍に線なし (重なり0%)
駐車禁止: 終日 (重なり16%)</description><styleUrl>#coin</styleUrl><MultiGeometry><LineString><coordinates>139.76409,35.69798,0 139.7656,35.69746,0</coordinates></LineString></MultiGeometry></Placemark><Placemark><name>コイン(メーター)｜駐停車禁止帯・駐車禁止帯</name><description>09:30-19:00 / 60分 / 300円
１月１日〜３日を除く
対象: 普通車
駐停車禁止: 07:00-09:30 (重なり49%)
駐車禁止: 19:00-07:00,終日 (重なり50%)</description><styleUrl>#coin</styleUrl><MultiGeometry><LineString><coordinates>139.66613,35.64299,0 139.66551,35.64312,0 139.66517,35.6432,0 139.66494,35.64323,0 139.66352,35.64326,0 139.66333,35.64324,0 139.66303,35.6432,0 139.66255,35.64312,0 139.66225,35.64305,0 139.66182,35.64289,0 139.66135,35.64272,0 139.66103,35.64258,0</coordinates></LineString><LineString><coordinates>139.661,35.64264,0 139.66132,35.64279,0 139.66181,35.64296,0 139.66221,35.6431,0 139.6625,35.64318,0 139.66287,35.64325,0 139.66326,35.64331,0 139.66352,35.64333,0 139.66495,35.6433,0 139.66517,35.64327,0 139.66554,35.64318,0 139.6661,35.64307,0</coordinates></LineString></MultiGeometry></Placemark><Placemark><name>コイン(メーター)｜駐車禁止帯</name><description>09:00-19:00 / 60分 / 300円
日曜・休日を除く / １月１日〜３日を除く
対象: 普通車
駐停車禁止: 近傍に線なし (重なり0%)
駐車禁止: 終日 (重なり65%)</description><styleUrl>#coin</styleUrl><MultiGeometry><LineString><coordinates>139.7166,35.63514,0 139.71742,35.63526,0</coordinates></LineString></MultiGeometry></Placemark><Placemark><name>コイン(メーター)｜禁止帯なし</name><description>09:00-19:00 / 60分 / 300円
日曜・休日を除く / １月１日〜３日を除く
対象: 普通車
駐停車禁止: 近傍に線なし (重なり0%)
駐車禁止: 08:00-20:00,終日 (重なり21%)</description><styleUrl>#coin</styleUrl><MultiGeometry><LineString><coordinates>139.72897,35.6255,0 139.73171,35.62477,0 139.73196,35.62459,0 139.73269,35.62387,0</coordinates></LineString><LineString><coordinates>139.73269,35.62372,0 139.73178,35.62458,0 139.73154,35.6247,0 139.72906,35.62539,0</coordinates></LineString></MultiGeometry></Placemark><Placemark><name>コイン(メーター)｜駐車禁止帯</name><description>07:00-20:00 / 60分 / 300円
１月１日〜３日を除く
対象: 普通車・貨物
駐停車禁止: 近傍に線なし (重なり0%)
駐車禁止: 終日 (重なり66%)</description><styleUrl>#coin</styleUrl><MultiGeometry><LineString><coordinates>139.7023,35.66444,0 139.70243,35.66468,0 139.70268,35.66502,0 139.703,35.66538,0 139.70404,35.66666,0 139.7043,35.66706,0</coordinates></LineString></MultiGeometry></Placemark><Placemark><name>コイン(メーター)｜駐車禁止帯</name><description>07:00-20:00 / 60分 / 300円
１月１日〜３日を除く
対象: 普通車・貨物
駐停車禁止: 近傍に線なし (重なり0%)
駐車禁止: 終日 (重なり54%)</description><styleUrl>#coin</styleUrl><MultiGeometry><LineString><coordinates>139.70441,35.66701,0 139.7041,35.66654,0 139.70311,35.66532,0 139.70258,35.66462,0 139.70231,35.66404,0 139.70224,35.66372,0</coordinates></LineString></MultiGeometry></Placemark><Placemark><name>コイン(メーター)｜禁止帯なし</name><description>09:00-19:00 / 60分 / 300円
１月１日〜３日を除く
対象: 普通車・貨物
駐停車禁止: 近傍に線なし (重なり0%)
駐車禁止: 07:00-20:00,終日 (重なり2%)</description><styleUrl>#coin</styleUrl><MultiGeometry><LineString><coordinates>139.76678,35.70287,0 139.76948,35.70305,0</coordinates></LineString><LineString><coordinates>139.76938,35.7029,0 139.76687,35.70274,0 139.7667,35.70274,0</coordinates></LineString></MultiGeometry></Placemark><Placemark><name>コイン(メーター)｜駐車禁止帯</name><description>09:00-19:00 / 60分 / 300円
日曜・休日を除く / １月１日〜３日を除く
対象: 普通車・貨物
駐停車禁止: 近傍に線なし (重なり0%)
駐車禁止: 終日 (重なり72%)</description><styleUrl>#coin</styleUrl><MultiGeometry><LineString><coordinates>139.74271,35.70783,0 139.74261,35.70786,0 139.7423,35.70793,0 139.74144,35.70806,0 139.74074,35.70815,0 139.73977,35.7083,0 139.73964,35.70832,0 139.73866,35.70845,0 139.73591,35.70888,0 139.73572,35.70891,0 139.73529,35.70894,0 139.73488,35.70899,0 139.73471,35.70903,0 139.73457,35.70907,0 139.73435,35.70915,0 139.73422,35.7092,0 139.73398,35.7093,0 139.73384,35.70935,0 139.73358,35.70947,0 139.73347,35.7095,0 139.73334,35.70956,0 139.73323,35.70961,0 139.7327,35.70983,0 139.7324,35.70995,0 139.73211,35.71002,0 139.73192,35.71006,0 139.73174,35.71006,0</coordinates></LineString></MultiGeometry></Placemark><Placemark><name>コイン(メーター)｜禁止帯なし</name><description>09:00-19:00 / 60分 / 300円
日曜・休日を除く / １月１日〜３日を除く
対象: 普通車・貨物
駐停車禁止: 近傍に線なし (重なり0%)
駐車禁止: 終日 (重なり1%)</description><styleUrl>#coin</styleUrl><MultiGeometry><LineString><coordinates>139.7268,35.70466,0 139.72513,35.70531,0 139.72176,35.70568,0 139.72029,35.70583,0</coordinates></LineString><LineString><coordinates>139.72015,35.70596,0 139.72197,35.70577,0 139.72507,35.70546,0 139.7268,35.70482,0</coordinates></LineString></MultiGeometry></Placemark><Placemark><name>コイン(メーター)｜禁止帯なし</name><description>09:00-19:00 / 60分 / 300円
日曜・休日を除く / １月１日〜３日を除く
対象: 普通車・貨物
駐停車禁止: 近傍に線なし (重なり0%)
駐車禁止: 終日 (重なり2%)</description><styleUrl>#coin</styleUrl><MultiGeometry><LineString><coordinates>139.72724,35.70477,0 139.73021,35.70487,0</coordinates></LineString><LineString><coordinates>139.73039,35.70478,0 139.72706,35.70466,0</coordinates></LineString></MultiGeometry></Placemark><Placemark><name>コイン(メーター)｜禁止帯なし</name><description>09:00-19:00 / 60分 / 300円
日曜・休日を除く / １月１日〜３日を除く
対象: 普通車・貨物
駐停車禁止: 近傍に線なし (重なり0%)
駐車禁止: 終日 (重なり2%)</description><styleUrl>#coin</styleUrl><MultiGeometry><LineString><coordinates>139.72692,35.70489,0 139.72698,35.70615,0 139.72683,35.70739,0</coordinates></LineString><LineString><coordinates>139.72703,35.70735,0 139.7272,35.70607,0 139.72714,35.70483,0</coordinates></LineString></MultiGeometry></Placemark><Placemark><name>コイン(メーター)｜駐車禁止帯</name><description>09:00-19:00 / 60分 / 300円
１月１日〜３日を除く
対象: 普通車・貨物
駐停車禁止: 近傍に線なし (重なり0%)
駐車禁止: 終日 (重なり39%)</description><styleUrl>#coin</styleUrl><MultiGeometry><LineString><coordinates>139.70776,35.7302,0 139.70725,35.72922,0</coordinates></LineString></MultiGeometry></Placemark><Placemark><name>コイン(メーター)｜駐車禁止帯</name><description>09:00-19:00 / 60分 / 300円
日曜・休日を除く / １月１日〜３日を除く
対象: 普通車
駐停車禁止: 近傍に線なし (重なり0%)
駐車禁止: 終日 (重なり43%)</description><styleUrl>#coin</styleUrl><MultiGeometry><LineString><coordinates>139.718,35.63526,0 139.71678,35.63507,0</coordinates></LineString></MultiGeometry></Placemark><Placemark><name>コイン(メーター)｜禁止帯なし</name><description>09:00-19:00 / 60分 / 300円
日曜・休日を除く / １月１日〜３日を除く
対象: 普通車・貨物
駐停車禁止: 近傍に線なし (重なり0%)
駐車禁止: 終日 (重なり1%)</description><styleUrl>#coin</styleUrl><MultiGeometry><LineString><coordinates>139.788,35.70649,0 139.78807,35.70825,0 139.78819,35.71017,0</coordinates></LineString><LineString><coordinates>139.78831,35.71016,0 139.78818,35.70797,0 139.78811,35.7065,0</coordinates></LineString></MultiGeometry></Placemark><Placemark><name>コイン(メーター)｜駐停車禁止帯</name><description>09:00-19:00 / 60分 / 300円
１月１日〜３日を除く
対象: 普通車・貨物
駐停車禁止: 終日 (重なり99%)
駐車禁止: 終日 (重なり8%)</description><styleUrl>#coin</styleUrl><MultiGeometry><LineString><coordinates>139.79867,35.71565,0 139.79843,35.71477,0 139.79808,35.71334,0 139.79791,35.71275,0 139.79785,35.71191,0</coordinates></LineString></MultiGeometry></Placemark><Placemark><name>コイン(メーター)｜禁止帯なし</name><description>09:00-19:00 / 60分 / 300円
日曜・休日を除く / １月１日〜３日を除く
対象: 普通車・貨物
駐停車禁止: 近傍に線なし (重なり0%)
駐車禁止: 終日 (重なり11%)</description><styleUrl>#coin</styleUrl><MultiGeometry><LineString><coordinates>139.78738,35.68473,0 139.78793,35.68397,0 139.78817,35.68365,0 139.78864,35.68306,0</coordinates></LineString></MultiGeometry></Placemark><Placemark><name>コイン(メーター)｜禁止帯なし</name><description>09:00-19:00 / 60分 / 300円
日曜・休日を除く / １月１日〜３日を除く
対象: 普通車
駐停車禁止: 近傍に線なし (重なり0%)
駐車禁止: 終日 (重なり10%)</description><styleUrl>#coin</styleUrl><MultiGeometry><LineString><coordinates>139.78844,35.68298,0 139.7877,35.68391,0 139.78694,35.6849,0</coordinates></LineString></MultiGeometry></Placemark><Placemark><name>コイン(メーター)｜駐停車禁止帯</name><description>09:30-19:00 / 60分 / 300円
日曜・休日を除く / １月１日〜３日を除く
対象: 普通車・貨物
駐停車禁止: 07:30-09:30 (重なり50%)
駐車禁止: 終日 (重なり1%)</description><styleUrl>#coin</styleUrl><MultiGeometry><LineString><coordinates>139.77941,35.66064,0 139.78113,35.66185,0 139.78292,35.66314,0 139.78432,35.66414,0</coordinates></LineString><LineString><coordinates>139.78443,35.66398,0 139.78232,35.66248,0 139.78087,35.66143,0 139.77957,35.6605,0</coordinates></LineString></MultiGeometry></Placemark><Placemark><name>コイン(メーター)｜禁止帯なし</name><description>09:00-19:00 / 60分 / 300円
１月１日〜３日を除く
対象: 普通車・貨物
駐停車禁止: 近傍に線なし (重なり0%)
駐車禁止: 終日 (重なり4%)</description><styleUrl>#coin</styleUrl><MultiGeometry><LineString><coordinates>139.69966,35.73314,0 139.70065,35.73294,0 139.70116,35.73291,0 139.70343,35.73295,0 139.70375,35.73292,0 139.70407,35.73286,0 139.70446,35.73274,0 139.70482,35.73258,0 139.70582,35.73212,0 139.70608,35.73204,0 139.70631,35.73198,0 139.70688,35.73186,0</coordinates></LineString><LineString><coordinates>139.70677,35.73177,0 139.70612,35.73193,0</coordinates></LineString><LineString><coordinates>139.70562,35.73209,0 139.70452,35.73261,0 139.70426,35.7327,0 139.70389,35.7328,0 139.7035,35.73285,0 139.70305,35.73285,0 139.70254,35.73284,0 139.70131,35.73281,0 139.70082,35.73282,0 139.70049,35.73286,0 139.69962,35.73304,0</coordinates></LineString></MultiGeometry></Placemark><Placemark><name>コイン(メーター)｜禁止帯なし</name><description>09:00-19:00 / 60分 / 300円
土・日曜、休日を除く / １月１日〜３日を除く
対象: 普通車・貨物
駐停車禁止: 近傍に線なし (重なり0%)
駐車禁止: 終日 (重なり1%)</description><styleUrl>#coin</styleUrl><MultiGeometry><LineString><coordinates>139.79794,35.73263,0 139.79761,35.73387,0 139.79744,35.73445,0 139.79703,35.7359,0 139.79684,35.73653,0 139.79678,35.73656,0</coordinates></LineString><LineString><coordinates>139.79685,35.73663,0 139.79693,35.73656,0 139.79702,35.7363,0 139.79765,35.73409,0 139.79801,35.73271,0</coordinates></LineString></MultiGeometry></Placemark><Placemark><name>コイン(メーター)｜禁止帯なし</name><description>09:00-19:00 / 60分 / 300円
日曜・休日を除く / １月１日〜３日を除く
対象: 普通車
駐停車禁止: 近傍に線なし (重なり0%)
駐車禁止: 終日 (重なり11%)</description><styleUrl>#coin</styleUrl><MultiGeometry><LineString><coordinates>139.87291,35.66376,0 139.87163,35.66381,0</coordinates></LineString></MultiGeometry></Placemark><Placemark><name>コイン(メーター)｜禁止帯なし</name><description>09:00-19:00 / 60分 / 300円
日曜・休日を除く / １月１日〜３日を除く
対象: 普通車・貨物
駐停車禁止: 近傍に線なし (重なり0%)
駐車禁止: 終日 (重なり26%)</description><styleUrl>#coin</styleUrl><MultiGeometry><LineString><coordinates>139.73971,35.65587,0 139.74188,35.65528,0 139.74203,35.65524,0 139.74501,35.655,0</coordinates></LineString><LineString><coordinates>139.74499,35.65483,0 139.74304,35.65503,0 139.74187,35.65513,0 139.7397,35.65574,0</coordinates></LineString></MultiGeometry></Placemark><Placemark><name>コイン(メーター)｜駐停車禁止帯</name><description>09:30-19:00 / 60分 / 300円
日曜・休日を除く / １月１日〜３日を除く
対象: 普通車・貨物
駐停車禁止: 07:00-09:30 (重なり50%)
駐車禁止: 07:00-19:00,終日 (重なり1%)</description><styleUrl>#coin</styleUrl><MultiGeometry><LineString><coordinates>139.71027,35.69166,0 139.71077,35.6916,0 139.71341,35.69127,0 139.71373,35.69126,0 139.71389,35.69127,0 139.71445,35.69137,0</coordinates></LineString><LineString><coordinates>139.71451,35.69124,0 139.71425,35.69119,0 139.71384,35.69115,0 139.71369,35.69113,0 139.71312,35.69115,0 139.71244,35.69123,0 139.71075,35.69142,0 139.71026,35.69149,0</coordinates></LineString></MultiGeometry></Placemark><Placemark><name>コイン(メーター)｜駐車禁止帯</name><description>09:00-19:00 / 60分 / 300円
日曜・休日を除く / １月１日〜３日を除く
対象: 普通車・貨物
駐停車禁止: 近傍に線なし (重なり0%)
駐車禁止: 08:00-20:00,終日 (重なり46%)</description><styleUrl>#coin</styleUrl><MultiGeometry><LineString><coordinates>139.74911,35.65008,0 139.7495,35.65246,0</coordinates></LineString><LineString><coordinates>139.7497,35.65261,0 139.7494,35.65086,0 139.74928,35.65013,0</coordinates></LineString></MultiGeometry></Placemark><Placemark><name>コイン(メーター)｜禁止帯なし</name><description>09:00-20:00 / 60分 / 300円
１月１日〜３日を除く
対象: 普通車・貨物
駐停車禁止: 近傍に線なし (重なり0%)
駐車禁止: 09:00-19:00,20:00-09:00,終日 (重なり12%)</description><styleUrl>#coin</styleUrl><MultiGeometry><LineString><coordinates>139.7737,35.67867,0 139.77504,35.68081,0 139.77553,35.68161,0</coordinates></LineString><LineString><coordinates>139.7758,35.68146,0 139.77562,35.68118,0 139.77527,35.6806,0 139.77498,35.68015,0 139.77454,35.67941,0 139.77434,35.6791,0 139.77408,35.67869,0 139.77398,35.67851,0</coordinates></LineString></MultiGeometry></Placemark><Placemark><name>コイン(メーター)｜駐車禁止帯</name><description>09:00-20:00 / 60分 / 300円
１月１日〜３日を除く
対象: 普通車・貨物
駐停車禁止: 近傍に線なし (重なり0%)
駐車禁止: 08:00-20:00,09:00-19:00,20:00-09:00,終日 (重なり34%)</description><styleUrl>#coin</styleUrl><MultiGeometry><LineString><coordinates>139.77074,35.67392,0 139.77135,35.67485,0 139.77191,35.67576,0 139.77307,35.67764,0 139.77349,35.67832,0</coordinates></LineString><LineString><coordinates>139.77381,35.67822,0 139.77361,35.6779,0 139.77299,35.67691,0 139.77278,35.67659,0 139.77144,35.67443,0 139.77107,35.67383,0</coordinates></LineString></MultiGeometry></Placemark><Placemark><name>コイン(メーター)｜駐車禁止帯</name><description>09:00-21:00 / 60分 / 300円
１月１日〜３日を除く
対象: 普通車・貨物
駐停車禁止: 07:00-09:30 (重なり2%)
駐車禁止: 08:00-20:00,09:00-21:00,21:00-01:00,21:00-09:00,終日 (重なり33%)</description><styleUrl>#coin</styleUrl><MultiGeometry><LineString><coordinates>139.76266,35.66668,0 139.76292,35.66672,0 139.76301,35.66674,0 139.7632,35.66683,0 139.7638,35.66716,0 139.76421,35.66743,0 139.765,35.66807,0 139.76598,35.66885,0 139.76641,35.66922,0 139.76707,35.66982,0 139.76781,35.67064,0 139.76957,35.6726,0 139.77025,35.67335,0 139.77065,35.67381,0</coordinates></LineString><LineString><coordinates>139.77099,35.67373,0 139.76949,35.67207,0 139.7682,35.67061,0 139.76705,35.66937,0 139.76648,35.66889,0 139.76567,35.66823,0 139.76449,35.66727,0 139.76405,35.66697,0 139.76363,35.66674,0 139.76339,35.66663,0 139.76317,35.6665,0</coordinates></LineString></MultiGeometry></Placemark><Placemark><name>コイン(メーター)｜禁止帯なし</name><description>09:00-19:00 / 60分 / 300円
日曜・休日を除く / １月１日〜３日を除く
対象: 普通車
駐停車禁止: 近傍に線なし (重なり0%)
駐車禁止: 終日 (重なり5%)</description><styleUrl>#coin</styleUrl><MultiGeometry><LineString><coordinates>139.72326,35.71069,0 139.72419,35.71042,0 139.72436,35.71037,0 139.72472,35.71027,0 139.72485,35.71024,0 139.72521,35.71013,0 139.72544,35.71008,0 139.72593,35.70998,0 139.72637,35.70989,0</coordinates></LineString><LineString><coordinates>139.72643,35.70969,0 139.72612,35.70976,0 139.72595,35.70979,0 139.72535,35.70994,0 139.72521,35.70996,0 139.72492,35.71004,0 139.72473,35.71009,0 139.72436,35.7102,0 139.72427,35.71023,0 139.7241,35.71027,0 139.72363,35.7104,0 139.72336,35.71048,0</coordinates></LineString></MultiGeometry></Placemark><Placemark><name>コイン(メーター)｜禁止帯なし</name><description>09:00-19:00 / 60分 / 300円
日曜・休日を除く / １月１日〜３日を除く
対象: 普通車・貨物
駐停車禁止: 近傍に線なし (重なり0%)
駐車禁止: 終日 (重なり2%)</description><styleUrl>#coin</styleUrl><MultiGeometry><LineString><coordinates>139.72715,35.58489,0 139.72767,35.58475,0 139.72836,35.58473,0 139.73076,35.58479,0</coordinates></LineString><LineString><coordinates>139.7307,35.5847,0 139.72797,35.58464,0 139.72758,35.58467,0 139.72716,35.58478,0</coordinates></LineString></MultiGeometry></Placemark><Placemark><name>コイン(メーター)｜禁止帯なし</name><description>09:00-19:00 / 60分 / 300円
日曜・休日を除く / １月１日〜３日を除く
対象: 普通車・貨物
駐停車禁止: 近傍に線なし (重なり0%)
駐車禁止: 終日 (重なり2%)</description><styleUrl>#coin</styleUrl><MultiGeometry><LineString><coordinates>139.73108,35.58478,0 139.73299,35.5846,0 139.73459,35.58437,0 139.73505,35.58435,0</coordinates></LineString><LineString><coordinates>139.73506,35.58427,0 139.7345,35.58431,0 139.73281,35.58453,0 139.7309,35.58468,0</coordinates></LineString></MultiGeometry></Placemark><Placemark><name>コイン(メーター)｜駐車禁止帯</name><description>09:00-20:00 / 60分 / 300円
１月１日〜３日を除く
対象: 普通車・貨物
駐停車禁止: 終日 (重なり7%)
駐車禁止: 20:00-09:00,終日 (重なり49%)</description><styleUrl>#coin</styleUrl><MultiGeometry><LineString><coordinates>139.70556,35.6685,0 139.7106,35.66617,0</coordinates></LineString><LineString><coordinates>139.71047,35.66606,0 139.70827,35.66708,0 139.7055,35.66838,0</coordinates></LineString></MultiGeometry></Placemark><Placemark><name>コイン(メーター)｜禁止帯なし</name><description>09:00-19:00 / 60分 / 300円
日曜・休日を除く / １月１日〜３日を除く
対象: 普通車
駐停車禁止: 近傍に線なし (重なり0%)
駐車禁止: 終日 (重なり2%)</description><styleUrl>#coin</styleUrl><MultiGeometry><LineString><coordinates>139.71815,35.71696,0 139.72047,35.7178,0 139.72154,35.71818,0 139.72218,35.71843,0 139.72252,35.71853,0 139.72298,35.71871,0 139.72332,35.71887,0 139.72446,35.71941,0 139.72464,35.71951,0</coordinates></LineString><LineString><coordinates>139.72524,35.71923,0 139.72499,35.71932,0 139.72484,35.71937,0 139.72479,35.71937,0 139.72474,35.71937,0 139.72454,35.71929,0 139.72443,35.71925,0 139.72407,35.71909,0 139.72377,35.71895,0 139.72337,35.71874,0 139.72307,35.71861,0 139.72257,35.71842,0 139.72222,35.7183,0 139.72157,35.71806,0 139.72134,35.71798,0 139.71842,35.71692,0</coordinates></LineString></MultiGeometry></Placemark><Placemark><name>コイン(メーター)｜禁止帯なし</name><description>09:30-19:00 / 60分 / 300円
日曜・休日を除く / １月１日〜３日を除く
対象: 普通車・貨物
駐停車禁止: 近傍に線なし (重なり0%)
駐車禁止: 近傍に線なし (重なり0%)</description><styleUrl>#coin</styleUrl><MultiGeometry><LineString><coordinates>139.68886,35.71913,0 139.68609,35.7211,0 139.68417,35.72245,0</coordinates></LineString><LineString><coordinates>139.6844,35.72249,0 139.6867,35.72087,0 139.68889,35.7194,0</coordinates></LineString></MultiGeometry></Placemark><Placemark><name>コイン(メーター)｜駐車禁止帯</name><description>09:00-19:00 / 60分 / 300円
１月１日〜３日を除く
対象: 普通車・貨物
駐停車禁止: 近傍に線なし (重なり0%)
駐車禁止: 終日 (重なり50%)</description><styleUrl>#coin</styleUrl><MultiGeometry><LineString><coordinates>139.70905,35.73306,0 139.70915,35.73325,0 139.70924,35.73348,0 139.7093,35.73371,0 139.70938,35.73431,0 139.70955,35.73549,0 139.70967,35.73631,0 139.70969,35.73662,0 139.70978,35.73707,0 139.70981,35.73717,0 139.70988,35.73732,0 139.71004,35.73765,0 139.71029,35.73818,0 139.71051,35.7387,0</coordinates></LineString><LineString><coordinates>139.71062,35.7386,0 139.71019,35.73771,0 139.70994,35.73718,0 139.7099,35.73703,0 139.70983,35.73662,0 139.70967,35.73547,0 139.70956,35.7346,0 139.70952,35.73432,0 139.70942,35.73366,0 139.70933,35.73334,0 139.7092,35.73305,0</coordinates></LineString></MultiGeometry></Placemark><Placemark><name>コイン(メーター)｜禁止帯なし</name><description>09:00-19:00 / 60分 / 300円
日曜・休日を除く / １月１日〜３日を除く
対象: 普通車・貨物
駐停車禁止: 近傍に線なし (重なり0%)
駐車禁止: 09:00-19:00,終日 (重なり2%)</description><styleUrl>#coin</styleUrl><MultiGeometry><LineString><coordinates>139.78229,35.6864,0 139.7834,35.68712,0 139.78448,35.68784,0 139.78569,35.68865,0</coordinates></LineString><LineString><coordinates>139.78575,35.68856,0 139.78457,35.68776,0 139.78347,35.68702,0 139.78311,35.68681,0 139.78239,35.6863,0</coordinates></LineString></MultiGeometry></Placemark><Placemark><name>コイン(メーター)｜駐車禁止帯</name><description>09:00-19:00 / 60分 / 300円
日曜・休日を除く / １月１日〜３日を除く
対象: 普通車
駐停車禁止: 終日 (重なり5%)
駐車禁止: 08:00-20:00,09:00-19:00,終日 (重なり79%)</description><styleUrl>#coin</styleUrl><MultiGeometry><LineString><coordinates>139.7883,35.69017,0 139.78701,35.68938,0 139.78665,35.68915,0 139.78596,35.68868,0</coordinates></LineString></MultiGeometry></Placemark><Placemark><name>コイン(メーター)｜駐車禁止帯</name><description>09:00-19:00 / 60分 / 300円
日曜・休日を除く / １月１日〜３日を除く
対象: 普通車
駐停車禁止: 終日 (重なり15%)
駐車禁止: 09:00-19:00 (重なり50%)</description><styleUrl>#coin</styleUrl><MultiGeometry><LineString><coordinates>139.78589,35.68877,0 139.78685,35.68941,0</coordinates></LineString></MultiGeometry></Placemark><Placemark><name>コイン(メーター)｜禁止帯なし</name><description>09:00-19:00 / 60分 / 300円
日曜・休日を除く / １月１日〜３日を除く
対象: 普通車
駐停車禁止: 近傍に線なし (重なり0%)
駐車禁止: 終日 (重なり14%)</description><styleUrl>#coin</styleUrl><MultiGeometry><LineString><coordinates>139.69015,35.65546,0 139.69038,35.65598,0 139.69074,35.65678,0</coordinates></LineString><LineString><coordinates>139.69092,35.65652,0 139.69064,35.65594,0 139.69041,35.65545,0</coordinates></LineString></MultiGeometry></Placemark><Placemark><name>コイン(メーター)｜駐停車禁止帯・駐車禁止帯</name><description>09:00-19:00 / 60分 / 300円
１月１日〜３日を除く
対象: 普通車・貨物
駐停車禁止: 07:30-09:00 (重なり100%)
駐車禁止: 19:00-09:00,終日 (重なり100%)</description><styleUrl>#coin</styleUrl><MultiGeometry><LineString><coordinates>139.66866,35.7165,0 139.66852,35.71631,0 139.66627,35.71424,0 139.66545,35.71111,0</coordinates></LineString></MultiGeometry></Placemark><Placemark><name>コイン(メーター)｜禁止帯なし</name><description>09:00-19:00 / 60分 / 300円
日曜・休日を除く / １月１日〜３日を除く
対象: 普通車・貨物
駐停車禁止: 近傍に線なし (重なり0%)
駐車禁止: 終日 (重なり4%)</description><styleUrl>#coin</styleUrl><MultiGeometry><LineString><coordinates>139.72502,35.7293,0 139.72524,35.73017,0 139.7256,35.73162,0</coordinates></LineString><LineString><coordinates>139.72571,35.73165,0 139.72527,35.72991,0 139.72515,35.72944,0</coordinates></LineString></MultiGeometry></Placemark><Placemark><name>コイン(メーター)｜禁止帯なし</name><description>09:00-19:00 / 60分 / 300円
日曜・休日を除く / １月１日〜３日を除く
対象: 普通車
駐停車禁止: 近傍に線なし (重なり0%)
駐車禁止: 07:00-20:00,終日 (重なり1%)</description><styleUrl>#coin</styleUrl><MultiGeometry><LineString><coordinates>139.7999,35.70376,0 139.79975,35.70638,0 139.79865,35.70743,0</coordinates></LineString><LineString><coordinates>139.79877,35.70751,0 139.79988,35.70645,0 139.80005,35.70377,0</coordinates></LineString></MultiGeometry></Placemark><Placemark><name>コイン(メーター)｜駐停車禁止帯</name><description>09:30-19:00 / 60分 / 300円
日曜・休日を除く / １月１日〜３日を除く
対象: 普通車・貨物
駐停車禁止: 07:30-09:30 (重なり100%)
駐車禁止: 終日 (重なり4%)</description><styleUrl>#coin</styleUrl><MultiGeometry><LineString><coordinates>139.79622,35.67495,0 139.79611,35.67425,0</coordinates></LineString></MultiGeometry></Placemark><Placemark><name>コイン(メーター)｜駐停車禁止帯</name><description>09:30-19:00 / 60分 / 300円
日曜・休日を除く / １月１日〜３日を除く
対象: 普通車
駐停車禁止: 07:30-09:30 (重なり49%)
駐車禁止: 終日 (重なり6%)</description><styleUrl>#coin</styleUrl><MultiGeometry><LineString><coordinates>139.79689,35.67695,0 139.79688,35.67695,0 139.79888,35.67943,0</coordinates></LineString><LineString><coordinates>139.79903,35.67936,0 139.7972,35.6771,0 139.7972,35.6771,0 139.7972,35.6771,0</coordinates></LineString></MultiGeometry></Placemark><Placemark><name>コイン(メーター)｜禁止帯なし</name><description>09:00-19:00 / 60分 / 300円
１月１日〜３日を除く
対象: 普通車
駐停車禁止: 近傍に線なし (重なり0%)
駐車禁止: 終日 (重なり4%)</description><styleUrl>#coin</styleUrl><MultiGeometry><LineString><coordinates>139.5789,35.63041,0 139.57875,35.63053,0 139.57743,35.63142,0</coordinates></LineString><LineString><coordinates>139.57746,35.63145,0 139.57795,35.63113,0 139.57864,35.63068,0 139.57898,35.63045,0</coordinates></LineString></MultiGeometry></Placemark><Placemark><name>コイン(メーター)｜禁止帯なし</name><description>09:00-19:00 / 60分 / 300円
日曜・休日を除く / １月１日〜３日を除く
対象: 普通車
駐停車禁止: 近傍に線なし (重なり0%)
駐車禁止: 終日 (重なり1%)</description><styleUrl>#coin</styleUrl><MultiGeometry><LineString><coordinates>139.7303,35.75308,0 139.73328,35.7538,0</coordinates></LineString><LineString><coordinates>139.73334,35.75375,0 139.73258,35.75355,0 139.73035,35.75302,0</coordinates></LineString></MultiGeometry></Placemark><Placemark><name>コイン(メーター)｜禁止帯なし</name><description>09:00-19:00 / 60分 / 300円
日曜・休日を除く / １月１日〜３日を除く
対象: 普通車
駐停車禁止: 近傍に線なし (重なり0%)
駐車禁止: 終日 (重なり10%)</description><styleUrl>#coin</styleUrl><MultiGeometry><LineString><coordinates>139.78333,35.66344,0 139.78161,35.66504,0</coordinates></LineString></MultiGeometry></Placemark><Placemark><name>コイン(メーター)｜禁止帯なし</name><description>09:00-19:00 / 60分 / 300円
日曜・休日を除く / １月１日〜３日を除く
対象: 普通車・標章車専用
駐停車禁止: 近傍に線なし (重なり0%)
駐車禁止: 終日 (重なり10%)</description><styleUrl>#coin</styleUrl><MultiGeometry><LineString><coordinates>139.78252,35.66261,0 139.78427,35.66097,0</coordinates></LineString></MultiGeometry></Placemark><Placemark><name>コイン(メーター)｜禁止帯なし</name><description>09:00-19:00 / 60分 / 300円
日曜・休日を除く / １月１日〜３日を除く
対象: 普通車・標章車専用
駐停車禁止: 近傍に線なし (重なり0%)
駐車禁止: 近傍に線なし (重なり0%)</description><styleUrl>#coin</styleUrl><MultiGeometry><LineString><coordinates>139.78153,35.66189,0 139.78238,35.6611,0</coordinates></LineString></MultiGeometry></Placemark><Placemark><name>コイン(メーター)｜禁止帯なし</name><description>09:00-19:00 / 60分 / 300円
日曜・休日を除く / １月１日〜３日を除く
対象: 普通車
駐停車禁止: 近傍に線なし (重なり0%)
駐車禁止: 終日 (重なり10%)</description><styleUrl>#coin</styleUrl><MultiGeometry><LineString><coordinates>139.78133,35.66201,0 139.77963,35.6636,0</coordinates></LineString></MultiGeometry></Placemark><Placemark><name>コイン(メーター)｜禁止帯なし</name><description>09:00-19:00 / 60分 / 300円
日曜・休日を除く / １月１日〜３日を除く
対象: 普通車
駐停車禁止: 近傍に線なし (重なり0%)
駐車禁止: 終日 (重なり4%)</description><styleUrl>#coin</styleUrl><MultiGeometry><LineString><coordinates>139.77865,35.66293,0 139.78037,35.66133,0</coordinates></LineString></MultiGeometry></Placemark><Placemark><name>コイン(メーター)｜禁止帯なし</name><description>09:00-19:00 / 60分 / 300円
日曜・休日を除く / １月１日〜３日を除く
対象: 普通車・貨物
駐停車禁止: 近傍に線なし (重なり0%)
駐車禁止: 08:00-20:00 (重なり1%)</description><styleUrl>#coin</styleUrl><MultiGeometry><LineString><coordinates>139.74932,35.65011,0 139.75048,35.65001,0 139.7522,35.64942,0 139.75289,35.64924,0</coordinates></LineString><LineString><coordinates>139.75273,35.64914,0 139.75206,35.64933,0 139.75052,35.64987,0 139.75016,35.64993,0 139.7493,35.64999,0</coordinates></LineString></MultiGeometry></Placemark><Placemark><name>コイン(メーター)｜禁止帯なし</name><description>09:00-19:00 / 60分 / 300円
日曜・休日を除く / １月１日〜３日を除く
対象: 普通車・貨物
駐停車禁止: 近傍に線なし (重なり0%)
駐車禁止: 08:00-20:00,終日 (重なり1%)</description><styleUrl>#coin</styleUrl><MultiGeometry><LineString><coordinates>139.74977,35.65275,0 139.75065,35.6531,0 139.75089,35.65317,0 139.75103,35.65318,0 139.75228,35.65312,0 139.75238,35.65311,0 139.7526,35.65301,0 139.75288,35.6529,0 139.75392,35.6528,0</coordinates></LineString><LineString><coordinates>139.75389,35.65272,0 139.75287,35.65282,0 139.75268,35.65289,0 139.75253,35.65295,0 139.75242,35.653,0 139.7523,35.65304,0 139.75101,35.6531,0 139.75084,35.65309,0 139.75015,35.65281,0 139.74976,35.65266,0</coordinates></LineString></MultiGeometry></Placemark><Placemark><name>コイン(メーター)｜禁止帯なし</name><description>09:00-19:00 / 60分 / 300円
日曜・休日を除く / １月１日〜３日を除く
対象: 普通車・貨物
駐停車禁止: 近傍に線なし (重なり0%)
駐車禁止: 終日 (重なり5%)</description><styleUrl>#coin</styleUrl><MultiGeometry><LineString><coordinates>139.74546,35.6398,0 139.74874,35.63913,0</coordinates></LineString><LineString><coordinates>139.74875,35.63906,0 139.74544,35.63974,0</coordinates></LineString></MultiGeometry></Placemark><Placemark><name>コイン(メーター)｜禁止帯なし</name><description>09:00-19:00 / 60分 / 300円
日曜・休日を除く / １月１日〜３日を除く
対象: 普通車
駐停車禁止: 近傍に線なし (重なり0%)
駐車禁止: 09:00-19:00,終日 (重なり1%)</description><styleUrl>#coin</styleUrl><MultiGeometry><LineString><coordinates>139.73323,35.59061,0 139.73345,35.59137,0 139.73458,35.59512,0</coordinates></LineString><LineString><coordinates>139.73468,35.59509,0 139.73445,35.59432,0 139.73418,35.59348,0 139.73352,35.59132,0 139.7333,35.59059,0</coordinates></LineString></MultiGeometry></Placemark><Placemark><name>コイン(メーター)｜禁止帯なし</name><description>09:00-19:00 / 60分 / 300円
日曜・休日を除く / １月１日〜３日を除く
対象: 普通車・貨物
駐停車禁止: 近傍に線なし (重なり0%)
駐車禁止: 終日 (重なり2%)</description><styleUrl>#coin</styleUrl><MultiGeometry><LineString><coordinates>139.73161,35.59346,0 139.73231,35.59329,0 139.73259,35.59323,0 139.73298,35.59318,0 139.73522,35.59273,0 139.73539,35.5927,0 139.73583,35.59264,0 139.7359,35.59264,0</coordinates></LineString><LineString><coordinates>139.73586,35.59256,0 139.73537,35.59262,0 139.7352,35.59265,0 139.73297,35.5931,0 139.73261,35.59319,0 139.7323,35.59326,0 139.73159,35.59344,0</coordinates></LineString></MultiGeometry></Placemark><Placemark><name>コイン(メーター)｜駐車禁止帯</name><description>09:00-19:00 / 60分 / 300円
日曜・休日を除く / １月１日〜３日を除く
対象: 普通車・貨物
駐停車禁止: 近傍に線なし (重なり0%)
駐車禁止: 終日 (重なり51%)</description><styleUrl>#coin</styleUrl><MultiGeometry><LineString><coordinates>139.59967,35.72557,0 139.6002,35.72556,0 139.60142,35.7257,0 139.60221,35.72593,0 139.60354,35.7265,0 139.60416,35.72682,0 139.605,35.72708,0 139.60749,35.72769,0 139.60833,35.728,0</coordinates></LineString><LineString><coordinates>139.60864,35.72803,0 139.60745,35.7276,0 139.60455,35.72689,0 139.60411,35.72671,0 139.60261,35.72601,0 139.60177,35.72572,0 139.60112,35.72557,0 139.60012,35.7255,0 139.59967,35.7255,0</coordinates></LineString></MultiGeometry></Placemark><Placemark><name>コイン(メーター)｜禁止帯なし</name><description>09:00-19:00 / 60分 / 300円
１月１日〜３日を除く
対象: 普通車
駐停車禁止: 近傍に線なし (重なり0%)
駐車禁止: 06:00-22:00,終日 (重なり1%)</description><styleUrl>#coin</styleUrl><MultiGeometry><LineString><coordinates>139.80388,35.71776,0 139.80401,35.71874,0 139.80414,35.7197,0 139.80426,35.7206,0 139.8043,35.72083,0 139.80446,35.72277,0 139.80452,35.72303,0 139.80462,35.72407,0 139.80486,35.72511,0 139.80495,35.72618,0</coordinates></LineString></MultiGeometry></Placemark><Placemark><name>コイン(メーター)｜禁止帯なし</name><description>09:00-19:00 / 60分 / 300円
１月１日〜３日を除く
対象: 普通車・貨物
駐停車禁止: 近傍に線なし (重なり0%)
駐車禁止: 06:00-22:00,終日 (重なり1%)</description><styleUrl>#coin</styleUrl><MultiGeometry><LineString><coordinates>139.80853,35.72799,0 139.80857,35.72771,0 139.80847,35.7272,0 139.8084,35.72686,0 139.80796,35.72554,0 139.80776,35.72477,0 139.80745,35.72317,0 139.80692,35.72111,0 139.80671,35.72076,0 139.80657,35.72058,0 139.80532,35.7194,0 139.80412,35.71779,0 139.80391,35.71746,0</coordinates></LineString></MultiGeometry></Placemark><Placemark><name>コイン(メーター)｜禁止帯なし</name><description>09:00-19:00 / 60分 / 300円
日曜・休日を除く / １月１日〜３日を除く
対象: 普通車・貨物
駐停車禁止: 近傍に線なし (重なり0%)
駐車禁止: 近傍に線なし (重なり0%)</description><styleUrl>#coin</styleUrl><MultiGeometry><LineString><coordinates>139.70561,35.57334,0 139.70543,35.57375,0 139.70515,35.57437,0 139.70488,35.57486,0 139.70483,35.57498,0 139.70481,35.57511,0</coordinates></LineString><LineString><coordinates>139.70489,35.57513,0 139.70491,35.57499,0 139.70497,35.57485,0 139.70517,35.57449,0 139.70522,35.5744,0 139.70569,35.57336,0</coordinates></LineString></MultiGeometry></Placemark><Placemark><name>コイン(メーター)｜禁止帯なし</name><description>09:00-19:00 / 60分 / 300円
日曜・休日を除く / １月１日〜３日を除く
対象: 普通車
駐停車禁止: 近傍に線なし (重なり0%)
駐車禁止: 終日 (重なり3%)</description><styleUrl>#coin</styleUrl><MultiGeometry><LineString><coordinates>139.69138,35.64919,0 139.69101,35.64946,0 139.69056,35.64988,0 139.69036,35.65007,0 139.68987,35.65054,0 139.68959,35.6509,0 139.68954,35.65158,0 139.6895,35.65227,0</coordinates></LineString></MultiGeometry></Placemark><Placemark><name>コイン(メーター)｜禁止帯なし</name><description>09:00-19:00 / 60分 / 300円
日曜・休日を除く / １月１日〜３日を除く
対象: 普通車
駐停車禁止: 近傍に線なし (重なり0%)
駐車禁止: 終日 (重なり5%)</description><styleUrl>#coin</styleUrl><MultiGeometry><LineString><coordinates>139.68974,35.65214,0 139.6898,35.65125,0 139.68986,35.65102,0 139.69004,35.65071,0 139.69032,35.6504,0 139.6907,35.65004,0 139.69118,35.6496,0 139.69151,35.64933,0</coordinates></LineString></MultiGeometry></Placemark><Placemark><name>コイン(メーター)｜駐車禁止帯</name><description>09:00-19:00 / 60分 / 300円
１月１日〜３日を除く
対象: 普通車・貨物
駐停車禁止: 近傍に線なし (重なり0%)
駐車禁止: 19:00-09:00,終日 (重なり50%)</description><styleUrl>#coin</styleUrl><MultiGeometry><LineString><coordinates>139.66931,35.71766,0 139.67016,35.71894,0 139.67058,35.71998,0 139.67069,35.72017,0 139.67142,35.72088,0 139.67217,35.72193,0 139.67361,35.72338,0</coordinates></LineString><LineString><coordinates>139.67373,35.7234,0 139.67228,35.72191,0 139.67155,35.7209,0 139.67071,35.72003,0 139.67029,35.71895,0 139.66937,35.71757,0</coordinates></LineString></MultiGeometry></Placemark><Placemark><name>コイン(メーター)｜禁止帯なし</name><description>09:00-19:00 / 60分 / 300円
日曜・休日を除く / １月１日〜３日を除く
対象: 普通車
駐停車禁止: 近傍に線なし (重なり0%)
駐車禁止: 終日 (重なり2%)</description><styleUrl>#coin</styleUrl><MultiGeometry><LineString><coordinates>139.63703,35.68035,0 139.64019,35.68115,0</coordinates></LineString><LineString><coordinates>139.64021,35.68107,0 139.6371,35.68027,0</coordinates></LineString></MultiGeometry></Placemark><Placemark><name>コイン(メーター)｜禁止帯なし</name><description>09:00-19:00 / 60分 / 300円
日曜・休日を除く / １月１日〜３日を除く
対象: 普通車・貨物
駐停車禁止: 近傍に線なし (重なり0%)
駐車禁止: 近傍に線なし (重なり0%)</description><styleUrl>#coin</styleUrl><MultiGeometry><LineString><coordinates>139.74643,35.71066,0 139.7465,35.71094,0 139.7465,35.71106,0 139.7465,35.71115,0 139.74666,35.71181,0</coordinates></LineString><LineString><coordinates>139.74678,35.71177,0 139.7465,35.71062,0</coordinates></LineString></MultiGeometry></Placemark><Placemark><name>コイン(メーター)｜禁止帯なし</name><description>09:00-19:00 / 60分 / 300円
日曜・休日を除く / １月１日〜３日を除く
対象: 普通車・貨物
駐停車禁止: 近傍に線なし (重なり0%)
駐車禁止: 07:00-20:00 (重なり2%)</description><styleUrl>#coin</styleUrl><MultiGeometry><LineString><coordinates>139.73487,35.71929,0 139.7347,35.71958,0 139.73461,35.7198,0 139.73441,35.72042,0 139.73416,35.72116,0 139.73402,35.72166,0</coordinates></LineString><LineString><coordinates>139.73411,35.72168,0 139.73424,35.72127,0 139.73436,35.72088,0 139.73458,35.72021,0</coordinates></LineString></MultiGeometry></Placemark><Placemark><name>コイン(メーター)｜禁止帯なし</name><description>09:00-19:00 / 60分 / 300円
日曜・休日を除く / １月１日〜３日を除く
対象: 普通車
駐停車禁止: 近傍に線なし (重なり0%)
駐車禁止: 終日 (重なり3%)</description><styleUrl>#coin</styleUrl><MultiGeometry><LineString><coordinates>139.68027,35.73307,0 139.68048,35.73327,0 139.68053,35.73337,0 139.68131,35.73398,0 139.68238,35.73485,0 139.68376,35.73603,0 139.6841,35.73622,0 139.68444,35.73637,0</coordinates></LineString><LineString><coordinates>139.68446,35.73629,0 139.68383,35.73596,0 139.68301,35.73528,0 139.6817,35.73417,0 139.68069,35.73335,0 139.6803,35.73302,0</coordinates></LineString></MultiGeometry></Placemark><Placemark><name>コイン(メーター)｜禁止帯なし</name><description>09:00-19:00 / 60分 / 300円
日曜・休日を除く / １月１日〜３日を除く
対象: 普通車
駐停車禁止: 近傍に線なし (重なり0%)
駐車禁止: 終日 (重なり2%)</description><styleUrl>#coin</styleUrl><MultiGeometry><LineString><coordinates>139.65299,35.79066,0 139.65354,35.79246,0</coordinates></LineString><LineString><coordinates>139.65374,35.79272,0 139.65314,35.79062,0</coordinates></LineString></MultiGeometry></Placemark><Placemark><name>コイン(メーター)｜禁止帯なし</name><description>09:00-19:00 / 60分 / 300円
日曜・休日を除く / １月１日〜３日を除く
対象: 普通車
駐停車禁止: 近傍に線なし (重なり0%)
駐車禁止: 終日 (重なり3%)</description><styleUrl>#coin</styleUrl><MultiGeometry><LineString><coordinates>139.67365,35.78686,0 139.67245,35.78697,0 139.67064,35.78713,0</coordinates></LineString></MultiGeometry></Placemark><Placemark><name>コイン(メーター)｜禁止帯なし</name><description>09:00-19:00 / 60分 / 300円
１月１日〜３日を除く
対象: 普通車
駐停車禁止: 近傍に線なし (重なり0%)
駐車禁止: 終日 (重なり17%)</description><styleUrl>#coin</styleUrl><MultiGeometry><LineString><coordinates>139.47432,35.53551,0 139.47437,35.53566,0 139.4744,35.53588,0 139.47442,35.53614,0 139.4744,35.53634,0 139.47436,35.53659,0 139.47425,35.53696,0</coordinates></LineString><LineString><coordinates>139.47434,35.53697,0 139.47445,35.53663,0 139.4745,35.53634,0 139.47451,35.53615,0 139.4745,35.5359,0 139.47446,35.53564,0 139.47441,35.53549,0</coordinates></LineString></MultiGeometry></Placemark><Placemark><name>コイン(メーター)｜禁止帯なし</name><description>09:00-21:00 / 60分 / 300円
１月１日〜３日を除く
対象: 普通車・貨物
駐停車禁止: 近傍に線なし (重なり0%)
駐車禁止: 09:00-21:00 (重なり2%)</description><styleUrl>#coin</styleUrl><MultiGeometry><LineString><coordinates>139.76842,35.66859,0 139.77055,35.67036,0 139.77114,35.67088,0 139.77147,35.67121,0 139.77152,35.6713,0 139.77153,35.67136,0</coordinates></LineString></MultiGeometry></Placemark><Placemark><name>コイン(メーター)｜禁止帯なし</name><description>09:00-19:00 / 60分 / 300円
日曜・休日を除く / １月１日〜３日を除く
対象: 普通車・貨物
駐停車禁止: 近傍に線なし (重なり0%)
駐車禁止: 07:00-20:00,終日 (重なり2%)</description><styleUrl>#coin</styleUrl><MultiGeometry><LineString><coordinates>139.80846,35.71158,0 139.81122,35.7132,0 139.81142,35.71333,0 139.81354,35.71513,0 139.81447,35.71589,0</coordinates></LineString><LineString><coordinates>139.81448,35.71582,0 139.8115,35.71328,0 139.80856,35.71157,0</coordinates></LineString></MultiGeometry></Placemark><Placemark><name>コイン(メーター)｜禁止帯なし</name><description>09:00-19:00 / 60分 / 300円
日曜・休日を除く / １月１日〜３日を除く
対象: 普通車
駐停車禁止: 近傍に線なし (重なり0%)
駐車禁止: 近傍に線なし (重なり0%)</description><styleUrl>#coin</styleUrl><MultiGeometry><LineString><coordinates>139.79621,35.70017,0 139.79618,35.6998,0 139.79534,35.69926,0 139.79492,35.69883,0</coordinates></LineString></MultiGeometry></Placemark><Placemark><name>コイン(メーター)｜駐停車禁止帯</name><description>09:30-19:00 / 60分 / 300円
日曜・休日を除く / １月１日〜３日を除く
対象: 普通車
駐停車禁止: 07:30-09:30 (重なり50%)
駐車禁止: 07:00-20:00,終日 (重なり4%)</description><styleUrl>#coin</styleUrl><MultiGeometry><LineString><coordinates>139.79807,35.68942,0 139.79772,35.6931,0 139.79766,35.69397,0</coordinates></LineString><LineString><coordinates>139.79778,35.694,0 139.798,35.69174,0 139.79821,35.68949,0</coordinates></LineString></MultiGeometry></Placemark><Placemark><name>コイン(メーター)｜駐停車禁止帯</name><description>09:30-19:00 / 60分 / 300円
日曜・休日を除く / １月１日〜３日を除く
対象: 普通車・貨物
駐停車禁止: 07:30-09:30,終日 (重なり50%)
駐車禁止: 07:00-20:00,終日 (重なり1%)</description><styleUrl>#coin</styleUrl><MultiGeometry><LineString><coordinates>139.79705,35.70034,0 139.79682,35.70361,0 139.79793,35.7063,0</coordinates></LineString><LineString><coordinates>139.79807,35.70628,0 139.79695,35.70352,0 139.79718,35.70037,0</coordinates></LineString></MultiGeometry></Placemark><Placemark><name>コイン(メーター)｜禁止帯なし</name><description>09:00-19:00 / 60分 / 300円
日曜・休日を除く / １月１日〜３日を除く
対象: 普通車・貨物
駐停車禁止: 近傍に線なし (重なり0%)
駐車禁止: 終日 (重なり9%)</description><styleUrl>#coin</styleUrl><MultiGeometry><LineString><coordinates>139.7733,35.67095,0 139.77379,35.67074,0 139.7745,35.67043,0</coordinates></LineString></MultiGeometry></Placemark><Placemark><name>コイン(メーター)｜禁止帯なし</name><description>09:00-19:00 / 60分 / 300円
日曜・休日を除く / １月１日〜３日を除く
対象: 普通車
駐停車禁止: 近傍に線なし (重なり0%)
駐車禁止: 08:00-20:00,終日 (重なり3%)</description><styleUrl>#coin</styleUrl><MultiGeometry><LineString><coordinates>139.74508,35.60494,0 139.7453,35.60662,0 139.7453,35.60695,0 139.74496,35.61077,0</coordinates></LineString><LineString><coordinates>139.74505,35.61077,0 139.74541,35.60681,0 139.74518,35.60496,0</coordinates></LineString></MultiGeometry></Placemark><Placemark><name>コイン(メーター)｜禁止帯なし</name><description>09:00-19:00 / 60分 / 300円
日曜・休日を除く / １月１日〜３日を除く
対象: 普通車
駐停車禁止: 近傍に線なし (重なり0%)
駐車禁止: 近傍に線なし (重なり0%)</description><styleUrl>#coin</styleUrl><MultiGeometry><LineString><coordinates>139.74499,35.61463,0 139.74514,35.61505,0 139.74562,35.61625,0 139.74564,35.61641,0 139.74564,35.61654,0</coordinates></LineString><LineString><coordinates>139.74578,35.61643,0 139.74524,35.61505,0 139.74514,35.61477,0</coordinates></LineString></MultiGeometry></Placemark><Placemark><name>コイン(メーター)｜駐車禁止帯</name><description>09:00-19:00 / 60分 / 300円
日曜・休日を除く / １月１日〜３日を除く
対象: 普通車
駐停車禁止: 近傍に線なし (重なり0%)
駐車禁止: 09:00-19:00 (重なり100%)</description><styleUrl>#coin</styleUrl><MultiGeometry><LineString><coordinates>139.74489,35.61285,0 139.74502,35.611,0</coordinates></LineString></MultiGeometry></Placemark><Placemark><name>コイン(メーター)｜禁止帯なし</name><description>09:00-19:00 / 60分 / 300円
日曜・休日を除く / １月１日〜３日を除く
対象: 普通車
駐停車禁止: 近傍に線なし (重なり0%)
駐車禁止: 終日 (重なり1%)</description><styleUrl>#coin</styleUrl><MultiGeometry><LineString><coordinates>139.7447,35.61916,0 139.74423,35.61946,0 139.74372,35.61968,0 139.74347,35.61984,0 139.74315,35.62006,0 139.74287,35.62028,0 139.74251,35.62061,0 139.74137,35.62173,0</coordinates></LineString><LineString><coordinates>139.74138,35.62188,0 139.74279,35.62051,0 139.74304,35.62028,0 139.74348,35.61996,0 139.74371,35.61981,0 139.74438,35.61946,0 139.74477,35.61919,0</coordinates></LineString></MultiGeometry></Placemark><Placemark><name>コイン(メーター)｜禁止帯なし</name><description>09:00-19:00 / 60分 / 300円
土・日曜、休日を除く / １月１日〜３日を除く
対象: 普通車・貨物
駐停車禁止: 近傍に線なし (重なり0%)
駐車禁止: 終日 (重なり9%)</description><styleUrl>#coin</styleUrl><MultiGeometry><LineString><coordinates>139.88894,35.72491,0 139.8881,35.72723,0 139.88754,35.7287,0</coordinates></LineString><LineString><coordinates>139.8876,35.72876,0 139.88817,35.72727,0 139.88871,35.72578,0 139.88901,35.72493,0</coordinates></LineString></MultiGeometry></Placemark><Placemark><name>コイン(メーター)｜禁止帯なし</name><description>09:00-19:00 / 60分 / 300円
日曜・休日を除く / １月１日〜３日を除く
対象: 普通車
駐停車禁止: 近傍に線なし (重なり0%)
駐車禁止: 終日 (重なり9%)</description><styleUrl>#coin</styleUrl><MultiGeometry><LineString><coordinates>139.78486,35.70475,0 139.78681,35.70477,0 139.78791,35.70477,0</coordinates></LineString></MultiGeometry></Placemark><Placemark><name>コイン(メーター)｜禁止帯なし</name><description>09:00-19:00 / 60分 / 300円
日曜・休日を除く / １月１日〜３日を除く
対象: 普通車
駐停車禁止: 近傍に線なし (重なり0%)
駐車禁止: 08:00-20:00 (重なり3%)</description><styleUrl>#coin</styleUrl><MultiGeometry><LineString><coordinates>139.78202,35.6733,0 139.78078,35.67465,0</coordinates></LineString><LineString><coordinates>139.78087,35.67468,0 139.78212,35.67331,0</coordinates></LineString></MultiGeometry></Placemark><Placemark><name>コイン(メーター)｜駐車禁止帯</name><description>09:00-19:00 / 60分 / 300円
日曜・休日を除く / １月１日〜３日を除く
対象: 普通車
駐停車禁止: 近傍に線なし (重なり0%)
駐車禁止: 08:00-20:00,09:00-19:00 (重なり98%)</description><styleUrl>#coin</styleUrl><MultiGeometry><LineString><coordinates>139.78299,35.67226,0 139.78214,35.67318,0</coordinates></LineString></MultiGeometry></Placemark><Placemark><name>コイン(メーター)｜禁止帯なし</name><description>09:00-19:00 / 60分 / 300円
日曜・休日を除く / １月１日〜３日を除く
対象: 普通車・貨物
駐停車禁止: 近傍に線なし (重なり0%)
駐車禁止: 終日 (重なり15%)</description><styleUrl>#coin</styleUrl><MultiGeometry><LineString><coordinates>139.77693,35.66525,0 139.77716,35.66544,0 139.77739,35.66557,0 139.77748,35.66564,0 139.77785,35.66596,0 139.77788,35.66601,0 139.77789,35.66604,0 139.77789,35.66611,0 139.77787,35.66619,0</coordinates></LineString><LineString><coordinates>139.77792,35.66619,0 139.77794,35.66614,0 139.77795,35.66607,0 139.77793,35.666,0 139.77789,35.66593,0 139.77756,35.66565,0 139.7774,35.66552,0 139.77727,35.66545,0 139.7772,35.66541,0 139.77699,35.66524,0</coordinates></LineString></MultiGeometry></Placemark><Placemark><name>コイン(メーター)｜駐車禁止帯</name><description>09:00-19:00 / 60分 / 300円
日曜・休日を除く / １月１日〜３日を除く
対象: 普通車
駐停車禁止: 近傍に線なし (重なり0%)
駐車禁止: 終日 (重なり43%)</description><styleUrl>#coin</styleUrl><MultiGeometry><LineString><coordinates>139.72277,35.6613,0 139.72262,35.66144,0 139.72207,35.6618,0 139.7213,35.66226,0 139.72106,35.66252,0 139.72088,35.66298,0 139.72065,35.66368,0 139.72039,35.66423,0</coordinates></LineString></MultiGeometry></Placemark><Placemark><name>コイン(メーター)｜禁止帯なし</name><description>09:00-19:00 / 60分 / 300円
日曜・休日を除く / １月１日〜３日を除く
対象: 普通車・貨物
駐停車禁止: 近傍に線なし (重なり0%)
駐車禁止: 終日 (重なり5%)</description><styleUrl>#coin</styleUrl><MultiGeometry><LineString><coordinates>139.73062,35.58606,0 139.73002,35.58704,0 139.72998,35.58716,0</coordinates></LineString><LineString><coordinates>139.73001,35.58716,0 139.73013,35.58698,0 139.73073,35.58604,0</coordinates></LineString></MultiGeometry></Placemark><Placemark><name>コイン(メーター)｜禁止帯なし</name><description>09:00-19:00 / 60分 / 300円
日曜・休日を除く / １月１日〜３日を除く
対象: 普通車
駐停車禁止: 近傍に線なし (重なり0%)
駐車禁止: 近傍に線なし (重なり0%)</description><styleUrl>#coin</styleUrl><MultiGeometry><LineString><coordinates>139.71383,35.70133,0 139.71292,35.7013,0</coordinates></LineString><LineString><coordinates>139.71294,35.70142,0 139.71395,35.70144,0</coordinates></LineString></MultiGeometry></Placemark><Placemark><name>コイン(メーター)｜禁止帯なし</name><description>09:00-19:00 / 60分 / 300円
日曜・休日を除く / １月１日〜３日を除く
対象: 普通車
駐停車禁止: 近傍に線なし (重なり0%)
駐車禁止: 09:00-19:00,終日 (重なり19%)</description><styleUrl>#coin</styleUrl><MultiGeometry><LineString><coordinates>139.71409,35.70144,0 139.71455,35.70143,0 139.71656,35.70123,0</coordinates></LineString></MultiGeometry></Placemark><Placemark><name>コイン(メーター)｜禁止帯なし</name><description>09:00-19:00 / 60分 / 300円
日曜・休日を除く / １月１日〜３日を除く
対象: 普通車・貨物
駐停車禁止: 近傍に線なし (重なり0%)
駐車禁止: 終日 (重なり1%)</description><styleUrl>#coin</styleUrl><MultiGeometry><LineString><coordinates>139.72385,35.77454,0 139.72416,35.77471,0 139.72461,35.77488,0 139.72506,35.77498,0 139.72544,35.77503,0 139.726,35.77505,0</coordinates></LineString><LineString><coordinates>139.72601,35.77499,0 139.72538,35.77497,0 139.72488,35.77489,0 139.72445,35.77475,0 139.72431,35.7747,0 139.72387,35.77448,0</coordinates></LineString></MultiGeometry></Placemark><Placemark><name>コイン(メーター)｜禁止帯なし</name><description>09:00-19:00 / 60分 / 300円
日曜・休日を除く / １月１日〜３日を除く
対象: 普通車・貨物
駐停車禁止: 近傍に線なし (重なり0%)
駐車禁止: 近傍に線なし (重なり0%)</description><styleUrl>#coin</styleUrl><MultiGeometry><LineString><coordinates>139.72275,35.77345,0 139.72288,35.77369,0 139.72314,35.77402,0 139.72349,35.77431,0 139.72374,35.77448,0</coordinates></LineString><LineString><coordinates>139.72377,35.7744,0 139.72349,35.77423,0 139.72323,35.77399,0 139.72302,35.77376,0 139.72285,35.77349,0</coordinates></LineString></MultiGeometry></Placemark><Placemark><name>コイン(メーター)｜禁止帯なし</name><description>09:00-19:00 / 60分 / 300円
日曜・休日を除く / １月１日〜３日を除く
対象: 普通車・貨物
駐停車禁止: 近傍に線なし (重なり0%)
駐車禁止: 終日 (重なり2%)</description><styleUrl>#coin</styleUrl><MultiGeometry><LineString><coordinates>139.72243,35.77941,0 139.72243,35.78007,0 139.72245,35.78042,0 139.72243,35.78162,0</coordinates></LineString><LineString><coordinates>139.7226,35.78161,0 139.72261,35.77997,0 139.72259,35.77943,0</coordinates></LineString></MultiGeometry></Placemark><Placemark><name>コイン(メーター)｜禁止帯なし</name><description>09:00-19:00 / 60分 / 300円
日曜・休日を除く / １月１日〜３日を除く
対象: 普通車・貨物
駐停車禁止: 近傍に線なし (重なり0%)
駐車禁止: 近傍に線なし (重なり0%)</description><styleUrl>#coin</styleUrl><MultiGeometry><LineString><coordinates>139.78148,35.72089,0 139.78252,35.72201,0</coordinates></LineString></MultiGeometry></Placemark><Placemark><name>コイン(メーター)｜禁止帯なし</name><description>09:00-19:00 / 60分 / 300円
日曜・休日を除く / １月１日〜３日を除く
対象: 普通車
駐停車禁止: 近傍に線なし (重なり0%)
駐車禁止: 近傍に線なし (重なり0%)</description><styleUrl>#coin</styleUrl><MultiGeometry><LineString><coordinates>139.79839,35.70797,0 139.79964,35.70956,0</coordinates></LineString></MultiGeometry></Placemark><Placemark><name>コイン(メーター)｜禁止帯なし</name><description>09:00-19:00 / 60分 / 300円
１月１日〜３日を除く
対象: 普通車・貨物
駐停車禁止: 近傍に線なし (重なり0%)
駐車禁止: 終日 (重なり1%)</description><styleUrl>#coin</styleUrl><MultiGeometry><LineString><coordinates>139.42545,35.69166,0 139.42552,35.69188,0 139.42558,35.69226,0 139.426,35.69465,0 139.42627,35.69612,0</coordinates></LineString><LineString><coordinates>139.42636,35.69612,0 139.42609,35.69461,0 139.42568,35.69224,0 139.42562,35.69188,0 139.42555,35.69165,0</coordinates></LineString></MultiGeometry></Placemark><Placemark><name>コイン(メーター)｜禁止帯なし</name><description>09:00-19:00 / 60分 / 300円
１月１日〜３日を除く
対象: 普通車・貨物
駐停車禁止: 近傍に線なし (重なり0%)
駐車禁止: 終日 (重なり2%)</description><styleUrl>#coin</styleUrl><MultiGeometry><LineString><coordinates>139.48386,35.70168,0 139.48411,35.70204,0 139.48441,35.7025,0 139.48476,35.70312,0 139.48515,35.70389,0 139.48547,35.70452,0</coordinates></LineString><LineString><coordinates>139.48556,35.70449,0 139.48524,35.70388,0 139.48485,35.70312,0 139.4845,35.70249,0 139.4842,35.70202,0 139.48394,35.70164,0</coordinates></LineString></MultiGeometry></Placemark><Placemark><name>コイン(メーター)｜禁止帯なし</name><description>09:00-19:00 / 60分 / 300円
１月１日〜３日を除く
対象: 普通車
駐停車禁止: 近傍に線なし (重なり0%)
駐車禁止: 終日 (重なり10%)</description><styleUrl>#coin</styleUrl><MultiGeometry><LineString><coordinates>139.47403,35.53704,0 139.4719,35.53686,0 139.47156,35.53686,0 139.47137,35.53688,0 139.47071,35.53703,0 139.46973,35.53728,0 139.46881,35.5375,0 139.46853,35.53755,0</coordinates></LineString><LineString><coordinates>139.46853,35.53763,0 139.46888,35.53756,0 139.46987,35.53733,0 139.47074,35.5371,0 139.47138,35.53696,0 139.47155,35.53693,0 139.47189,35.53694,0 139.47405,35.53712,0</coordinates></LineString></MultiGeometry></Placemark><Placemark><name>コイン(メーター)｜禁止帯なし</name><description>09:00-19:00 / 60分 / 300円
日曜・休日を除く / １月１日〜３日を除く
対象: 普通車
駐停車禁止: 近傍に線なし (重なり0%)
駐車禁止: 終日 (重なり3%)</description><styleUrl>#coin</styleUrl><MultiGeometry><LineString><coordinates>139.78492,35.70832,0 139.78228,35.70855,0</coordinates></LineString></MultiGeometry></Placemark><Placemark><name>コイン(メーター)｜禁止帯なし</name><description>09:00-19:00 / 60分 / 300円
日曜・休日を除く / １月１日〜３日を除く
対象: 普通車
駐停車禁止: 近傍に線なし (重なり0%)
駐車禁止: 終日 (重なり3%)</description><styleUrl>#coin</styleUrl><MultiGeometry><LineString><coordinates>139.73051,35.59176,0 139.73109,35.59145,0 139.73136,35.59126,0 139.73164,35.5911,0 139.7318,35.59102,0 139.73201,35.59092,0 139.73423,35.59034,0 139.73462,35.59025,0 139.73548,35.59013,0</coordinates></LineString><LineString><coordinates>139.73545,35.59004,0 139.73459,35.59016,0 139.73437,35.59021,0 139.7336,35.59042,0 139.73203,35.59085,0 139.73169,35.591,0 139.73113,35.5913,0 139.73049,35.59162,0</coordinates></LineString></MultiGeometry></Placemark><Placemark><name>コイン(メーター)｜禁止帯なし</name><description>09:00-19:00 / 60分 / 300円
日曜・休日を除く / １月１日〜３日を除く
対象: 普通車・貨物
駐停車禁止: 近傍に線なし (重なり0%)
駐車禁止: 07:00-20:00 (重なり1%)</description><styleUrl>#coin</styleUrl><MultiGeometry><LineString><coordinates>139.8199,35.69415,0 139.81979,35.69576,0</coordinates></LineString><LineString><coordinates>139.8199,35.69577,0 139.82002,35.69415,0</coordinates></LineString></MultiGeometry></Placemark><Placemark><name>コイン(メーター)｜禁止帯なし</name><description>09:00-19:00 / 60分 / 300円
土・日曜、休日を除く / １月１日〜３日を除く
対象: 普通車・貨物
駐停車禁止: 近傍に線なし (重なり0%)
駐車禁止: 近傍に線なし (重なり0%)</description><styleUrl>#coin</styleUrl><MultiGeometry><LineString><coordinates>139.75488,35.73976,0 139.75528,35.73933,0 139.75549,35.73898,0 139.75577,35.73832,0</coordinates></LineString><LineString><coordinates>139.7557,35.73821,0 139.75534,35.73908,0 139.75522,35.73925,0 139.75479,35.73971,0</coordinates></LineString></MultiGeometry></Placemark><Placemark><name>コイン(メーター)｜禁止帯なし</name><description>09:00-19:00 / 60分 / 300円
日曜・休日を除く / １月１日〜３日を除く
対象: 普通車
駐停車禁止: 07:00-20:00 (重なり1%)
駐車禁止: 終日 (重なり1%)</description><styleUrl>#coin</styleUrl><MultiGeometry><LineString><coordinates>139.77649,35.70264,0 139.77709,35.7026,0 139.77725,35.70258,0 139.77847,35.7025,0 139.77861,35.70249,0 139.7809,35.7023,0</coordinates></LineString><LineString><coordinates>139.78085,35.70217,0 139.77979,35.70226,0 139.77845,35.70237,0 139.77777,35.70241,0 139.77647,35.7025,0</coordinates></LineString></MultiGeometry></Placemark><Placemark><name>コイン(メーター)｜禁止帯なし</name><description>09:00-19:00 / 60分 / 300円
日曜・休日を除く / １月１日〜３日を除く
対象: 普通車・貨物
駐停車禁止: 終日 (重なり0%)
駐車禁止: 終日 (重なり3%)</description><styleUrl>#coin</styleUrl><MultiGeometry><LineString><coordinates>139.73068,35.68974,0 139.73078,35.68981,0 139.73095,35.68987,0 139.73141,35.69003,0 139.73232,35.69027,0 139.73312,35.69094,0 139.73377,35.69144,0 139.73384,35.69153,0</coordinates></LineString></MultiGeometry></Placemark><Placemark><name>コイン(メーター)｜禁止帯なし</name><description>09:00-19:00 / 60分 / 300円
日曜・休日を除く / １月１日〜３日を除く
対象: 普通車・貨物
駐停車禁止: 近傍に線なし (重なり0%)
駐車禁止: 終日 (重なり0%)</description><styleUrl>#coin</styleUrl><MultiGeometry><LineString><coordinates>139.8196,35.69822,0 139.81937,35.70133,0</coordinates></LineString><LineString><coordinates>139.81945,35.70132,0 139.81969,35.69823,0</coordinates></LineString></MultiGeometry></Placemark><Placemark><name>コイン(メーター)｜禁止帯なし</name><description>09:00-19:00 / 60分 / 300円
日曜・休日を除く / １月１日〜３日を除く
対象: 普通車・貨物
駐停車禁止: 近傍に線なし (重なり0%)
駐車禁止: 08:00-20:00,09:00-19:00,終日 (重なり1%)</description><styleUrl>#coin</styleUrl><MultiGeometry><LineString><coordinates>139.77681,35.67474,0 139.77722,35.67542,0 139.77997,35.67983,0</coordinates></LineString><LineString><coordinates>139.78014,35.67971,0 139.77744,35.67539,0 139.77704,35.67474,0</coordinates></LineString></MultiGeometry></Placemark><Placemark><name>コイン(メーター)｜禁止帯なし</name><description>09:00-19:00 / 60分 / 300円
日曜・休日を除く / １月１日〜３日を除く
対象: 普通車
駐停車禁止: 近傍に線なし (重なり0%)
駐車禁止: 近傍に線なし (重なり0%)</description><styleUrl>#coin</styleUrl><MultiGeometry><LineString><coordinates>139.81491,35.67081,0 139.81624,35.67086,0</coordinates></LineString></MultiGeometry></Placemark><Placemark><name>コイン(メーター)｜禁止帯なし</name><description>09:00-19:00 / 60分 / 300円
日曜・休日を除く / １月１日〜３日を除く
対象: 普通車・貨物
駐停車禁止: 近傍に線なし (重なり0%)
駐車禁止: 終日 (重なり3%)</description><styleUrl>#coin</styleUrl><MultiGeometry><LineString><coordinates>139.8165,35.67087,0 139.81957,35.67099,0</coordinates></LineString></MultiGeometry></Placemark><Placemark><name>コイン(メーター)｜禁止帯なし</name><description>09:00-19:00 / 60分 / 300円
日曜・休日を除く / １月１日〜３日を除く
対象: 普通車
駐停車禁止: 近傍に線なし (重なり0%)
駐車禁止: 終日 (重なり4%)</description><styleUrl>#coin</styleUrl><MultiGeometry><LineString><coordinates>139.67789,35.64736,0 139.67775,35.64765,0 139.67768,35.64794,0 139.67767,35.64817,0 139.67768,35.64841,0</coordinates></LineString><LineString><coordinates>139.67778,35.6484,0 139.67777,35.64817,0 139.67777,35.64796,0 139.67784,35.64767,0 139.67796,35.64741,0</coordinates></LineString></MultiGeometry></Placemark><Placemark><name>コイン(メーター)｜禁止帯なし</name><description>09:00-19:00 / 60分 / 300円
日曜・休日を除く / １月１日〜３日を除く
対象: 普通車
駐停車禁止: 近傍に線なし (重なり0%)
駐車禁止: 終日 (重なり2%)</description><styleUrl>#coin</styleUrl><MultiGeometry><LineString><coordinates>139.74527,35.61468,0 139.74765,35.61547,0</coordinates></LineString><LineString><coordinates>139.74764,35.61538,0 139.74512,35.61456,0</coordinates></LineString></MultiGeometry></Placemark><Placemark><name>コイン(メーター)｜禁止帯なし</name><description>09:00-19:00 / 60分 / 300円
日曜・休日を除く / １月１日〜３日を除く
対象: 普通車
駐停車禁止: 近傍に線なし (重なり0%)
駐車禁止: 近傍に線なし (重なり0%)</description><styleUrl>#coin</styleUrl><MultiGeometry><LineString><coordinates>139.74596,35.61657,0 139.74757,35.61698,0</coordinates></LineString><LineString><coordinates>139.7476,35.6169,0 139.74578,35.61643,0</coordinates></LineString></MultiGeometry></Placemark><Placemark><name>コイン(メーター)｜禁止帯なし</name><description>09:00-19:00 / 60分 / 300円
日曜・休日を除く / １月１日〜３日を除く
対象: 普通車
駐停車禁止: 近傍に線なし (重なり0%)
駐車禁止: 終日 (重なり11%)</description><styleUrl>#coin</styleUrl><MultiGeometry><LineString><coordinates>139.7158,35.68778,0 139.7156,35.68835,0 139.71559,35.68941,0 139.71548,35.68975,0 139.71482,35.69081,0 139.71452,35.69124,0</coordinates></LineString><LineString><coordinates>139.71468,35.69126,0 139.71538,35.69022,0 139.71567,35.6897,0 139.71576,35.68936,0 139.71575,35.68877,0 139.71578,35.68838,0 139.71599,35.6877,0</coordinates></LineString></MultiGeometry></Placemark><Placemark><name>コイン(メーター)｜禁止帯なし</name><description>09:00-19:00 / 60分 / 300円
日曜・休日を除く / １月１日〜３日を除く
対象: 普通車
駐停車禁止: 近傍に線なし (重なり0%)
駐車禁止: 終日 (重なり8%)</description><styleUrl>#coin</styleUrl><MultiGeometry><LineString><coordinates>139.63362,35.73552,0 139.63499,35.73573,0 139.63824,35.73619,0</coordinates></LineString><LineString><coordinates>139.63829,35.7361,0 139.63594,35.73579,0 139.6335,35.73541,0</coordinates></LineString></MultiGeometry></Placemark><Placemark><name>コイン(メーター)｜禁止帯なし</name><description>09:00-19:00 / 60分 / 300円
日曜・休日を除く / １月１日〜３日を除く
対象: 普通車・貨物
駐停車禁止: 近傍に線なし (重なり0%)
駐車禁止: 終日 (重なり1%)</description><styleUrl>#coin</styleUrl><MultiGeometry><LineString><coordinates>139.77205,35.66776,0 139.77423,35.66952,0 139.77506,35.67047,0 139.77603,35.67292,0</coordinates></LineString><LineString><coordinates>139.77626,35.67293,0 139.77573,35.67158,0 139.77527,35.6704,0 139.77443,35.66949,0 139.77416,35.66924,0 139.77217,35.66762,0</coordinates></LineString></MultiGeometry></Placemark><Placemark><name>コイン(メーター)｜禁止帯なし</name><description>09:00-19:00 / 60分 / 300円
日曜・休日を除く / １月１日〜３日を除く
対象: 普通車
駐停車禁止: 近傍に線なし (重なり0%)
駐車禁止: 終日 (重なり2%)</description><styleUrl>#coin</styleUrl><MultiGeometry><LineString><coordinates>139.86882,35.66825,0 139.86868,35.66782,0 139.86814,35.66605,0</coordinates></LineString><LineString><coordinates>139.86805,35.66605,0 139.86861,35.66788,0 139.8687,35.66827,0</coordinates></LineString></MultiGeometry></Placemark><Placemark><name>コイン(メーター)｜禁止帯なし</name><description>09:00-19:00 / 60分 / 300円
日曜・休日を除く / １月１日〜３日を除く
対象: 普通車・貨物
駐停車禁止: 近傍に線なし (重なり0%)
駐車禁止: 終日 (重なり3%)</description><styleUrl>#coin</styleUrl><MultiGeometry><LineString><coordinates>139.86739,35.66347,0 139.86767,35.66465,0 139.86782,35.66527,0 139.86803,35.66597,0</coordinates></LineString><LineString><coordinates>139.86812,35.66598,0 139.86792,35.66532,0 139.86776,35.66467,0 139.86763,35.66413,0 139.86746,35.66335,0</coordinates></LineString></MultiGeometry></Placemark><Placemark><name>コイン(メーター)｜禁止帯なし</name><description>09:00-19:00 / 60分 / 300円
日曜・休日を除く / １月１日〜３日を除く
対象: 普通車・貨物
駐停車禁止: 近傍に線なし (重なり0%)
駐車禁止: 終日 (重なり3%)</description><styleUrl>#coin</styleUrl><MultiGeometry><LineString><coordinates>139.86693,35.66138,0 139.86735,35.66327,0</coordinates></LineString><LineString><coordinates>139.86743,35.66325,0 139.86701,35.66139,0</coordinates></LineString></MultiGeometry></Placemark><Placemark><name>コイン(メーター)｜禁止帯なし</name><description>09:00-19:00 / 60分 / 300円
日曜・休日を除く / １月１日〜３日を除く
対象: 普通車
駐停車禁止: 近傍に線なし (重なり0%)
駐車禁止: 08:00-20:00 (重なり2%)</description><styleUrl>#coin</styleUrl><MultiGeometry><LineString><coordinates>139.74795,35.61555,0 139.74874,35.61577,0 139.75034,35.61626,0</coordinates></LineString><LineString><coordinates>139.75031,35.61616,0 139.74877,35.6157,0 139.748,35.61548,0</coordinates></LineString></MultiGeometry></Placemark><Placemark><name>コイン(メーター)｜禁止帯なし</name><description>09:00-19:00 / 60分 / 300円
日曜・休日を除く / １月１日〜３日を除く
対象: 普通車・貨物
駐停車禁止: 近傍に線なし (重なり0%)
駐車禁止: 終日 (重なり2%)</description><styleUrl>#coin</styleUrl><MultiGeometry><LineString><coordinates>139.74734,35.61776,0 139.74675,35.61936,0 139.7463,35.62027,0</coordinates></LineString><LineString><coordinates>139.74642,35.62041,0 139.74702,35.61917,0 139.7475,35.61784,0</coordinates></LineString></MultiGeometry></Placemark><Placemark><name>コイン(メーター)｜禁止帯なし</name><description>09:00-19:00 / 60分 / 300円
日曜・休日を除く / １月１日〜３日を除く
対象: 普通車・貨物
駐停車禁止: 近傍に線なし (重なり0%)
駐車禁止: 終日 (重なり1%)</description><styleUrl>#coin</styleUrl><MultiGeometry><LineString><coordinates>139.78944,35.7265,0 139.78947,35.72474,0 139.78944,35.72298,0 139.7894,35.72139,0</coordinates></LineString><LineString><coordinates>139.78934,35.7214,0 139.78938,35.7233,0 139.78939,35.72565,0 139.78935,35.72652,0</coordinates></LineString></MultiGeometry></Placemark><Placemark><name>コイン(メーター)｜駐車禁止帯</name><description>09:00-19:00 / 60分 / 300円
日曜・休日を除く / １月１日〜３日を除く
対象: 普通車
駐停車禁止: 近傍に線なし (重なり0%)
駐車禁止: 09:00-19:00 (重なり96%)</description><styleUrl>#coin</styleUrl><MultiGeometry><LineString><coordinates>139.78956,35.71903,0 139.78943,35.71826,0</coordinates></LineString></MultiGeometry></Placemark><Placemark><name>コイン(メーター)｜禁止帯なし</name><description>09:00-19:00 / 60分 / 300円
日曜・休日を除く / １月１日〜３日を除く
対象: 普通車
駐停車禁止: 近傍に線なし (重なり0%)
駐車禁止: 終日 (重なり1%)</description><styleUrl>#coin</styleUrl><MultiGeometry><LineString><coordinates>139.78008,35.69786,0 139.7802,35.6986,0 139.78029,35.69908,0 139.78047,35.70006,0 139.78065,35.70106,0 139.78075,35.70155,0 139.78087,35.70216,0</coordinates></LineString><LineString><coordinates>139.781,35.70206,0 139.78078,35.70104,0 139.78063,35.70016,0 139.78048,35.69924,0 139.78025,35.6979,0</coordinates></LineString></MultiGeometry></Placemark><Placemark><name>コイン(メーター)｜禁止帯なし</name><description>09:00-19:00 / 60分 / 300円
日曜・休日を除く / １月１日〜３日を除く
対象: 普通車
駐停車禁止: 近傍に線なし (重なり0%)
駐車禁止: 終日 (重なり2%)</description><styleUrl>#coin</styleUrl><MultiGeometry><LineString><coordinates>139.78686,35.7107,0 139.7869,35.71108,0 139.78701,35.71233,0 139.78723,35.71473,0</coordinates></LineString></MultiGeometry></Placemark><Placemark><name>コイン(メーター)｜禁止帯なし</name><description>09:00-19:00 / 60分 / 300円
１月１日〜３日を除く
対象: 普通車
駐停車禁止: 近傍に線なし (重なり0%)
駐車禁止: 終日 (重なり1%)</description><styleUrl>#coin</styleUrl><MultiGeometry><LineString><coordinates>139.53266,35.6577,0 139.5332,35.65764,0 139.5371,35.65734,0</coordinates></LineString><LineString><coordinates>139.53708,35.65727,0 139.53434,35.65749,0 139.53316,35.65757,0 139.53279,35.6576,0</coordinates></LineString></MultiGeometry></Placemark><Placemark><name>コイン(メーター)｜禁止帯なし</name><description>09:00-19:00 / 60分 / 300円
１月１日〜３日を除く
対象: 普通車・貨物
駐停車禁止: 07:00-20:00 (重なり10%)
駐車禁止: 終日 (重なり3%)</description><styleUrl>#coin</styleUrl><MultiGeometry><LineString><coordinates>139.76974,35.70305,0 139.77159,35.70303,0</coordinates></LineString><LineString><coordinates>139.77155,35.70287,0 139.76974,35.70291,0</coordinates></LineString></MultiGeometry></Placemark><Placemark><name>コイン(メーター)｜禁止帯なし</name><description>09:00-19:00 / 60分 / 300円
１月１日〜３日を除く
対象: 普通車・貨物
駐停車禁止: 07:00-20:00 (重なり7%)
駐車禁止: 07:00-20:00,07:00-21:00,終日 (重なり2%)</description><styleUrl>#coin</styleUrl><MultiGeometry><LineString><coordinates>139.77189,35.70302,0 139.77222,35.70299,0 139.77366,35.70287,0 139.77515,35.70276,0</coordinates></LineString><LineString><coordinates>139.77513,35.70262,0 139.77362,35.70273,0 139.7722,35.70285,0 139.77214,35.70286,0 139.77194,35.70287,0</coordinates></LineString></MultiGeometry></Placemark><Placemark><name>コイン(メーター)｜禁止帯なし</name><description>09:00-19:00 / 60分 / 300円
日曜・休日を除く / １月１日〜３日を除く
対象: 普通車・貨物
駐停車禁止: 近傍に線なし (重なり0%)
駐車禁止: 終日 (重なり22%)</description><styleUrl>#coin</styleUrl><MultiGeometry><LineString><coordinates>139.78098,35.67168,0 139.77992,35.67169,0 139.77932,35.67172,0 139.77816,35.67203,0 139.77622,35.67257,0</coordinates></LineString></MultiGeometry></Placemark><Placemark><name>コイン(メーター)｜禁止帯なし</name><description>09:00-20:00 / 60分 / 300円
日曜・休日を除く / １月１日〜３日を除く
対象: 普通車・貨物
駐停車禁止: 近傍に線なし (重なり0%)
駐車禁止: 09:00-20:00 (重なり10%)</description><styleUrl>#coin</styleUrl><MultiGeometry><LineString><coordinates>139.69429,35.66513,0 139.69427,35.66489,0 139.6943,35.66479,0 139.69434,35.66472,0 139.69438,35.66466,0 139.69446,35.66458,0 139.69453,35.66455,0 139.69476,35.66445,0</coordinates></LineString></MultiGeometry></Placemark><Placemark><name>コイン(メーター)｜駐車禁止帯</name><description>09:00-20:00 / 60分 / 300円
日曜・休日を除く / １月１日〜３日を除く
対象: 普通車・貨物
駐停車禁止: 近傍に線なし (重なり0%)
駐車禁止: 09:00-20:00,終日 (重なり43%)</description><styleUrl>#coin</styleUrl><MultiGeometry><LineString><coordinates>139.69197,35.66778,0 139.69239,35.66721,0 139.6928,35.66671,0 139.69295,35.6666,0 139.69304,35.66654,0 139.69344,35.66635,0 139.69356,35.66627,0 139.69365,35.6662,0 139.69378,35.66608,0 139.694,35.66578,0 139.69542,35.6638,0</coordinates></LineString></MultiGeometry></Placemark><Placemark><name>コイン(メーター)｜禁止帯なし</name><description>09:00-19:00 / 60分 / 300円
日曜・休日を除く / １月１日〜３日を除く
対象: 普通車
駐停車禁止: 近傍に線なし (重なり0%)
駐車禁止: 近傍に線なし (重なり0%)</description><styleUrl>#coin</styleUrl><MultiGeometry><LineString><coordinates>139.62525,35.75837,0 139.62258,35.75835,0 139.62197,35.75842,0 139.62133,35.75863,0 139.62068,35.75889,0</coordinates></LineString></MultiGeometry></Placemark><Placemark><name>コイン(メーター)｜禁止帯なし</name><description>09:00-19:00 / 60分 / 300円
日曜・休日を除く / １月１日〜３日を除く
対象: 普通車・貨物
駐停車禁止: 近傍に線なし (重なり0%)
駐車禁止: 近傍に線なし (重なり0%)</description><styleUrl>#coin</styleUrl><MultiGeometry><LineString><coordinates>139.62069,35.75906,0 139.62194,35.75869,0 139.62261,35.75861,0 139.62527,35.75863,0</coordinates></LineString></MultiGeometry></Placemark><Placemark><name>コイン(メーター)｜禁止帯なし</name><description>09:00-19:00 / 60分 / 300円
日曜・休日を除く / １月１日〜３日を除く
対象: 普通車・貨物
駐停車禁止: 近傍に線なし (重なり0%)
駐車禁止: 終日 (重なり2%)</description><styleUrl>#coin</styleUrl><MultiGeometry><LineString><coordinates>139.78951,35.71928,0 139.78938,35.72005,0 139.78932,35.72067,0 139.78933,35.72116,0</coordinates></LineString><LineString><coordinates>139.78941,35.72115,0 139.78939,35.72067,0 139.7895,35.71979,0 139.78957,35.7193,0</coordinates></LineString></MultiGeometry></Placemark><Placemark><name>コイン(メーター)｜禁止帯なし</name><description>09:00-19:00 / 60分 / 300円
日曜・休日を除く / １月１日〜３日を除く
対象: 普通車・貨物
駐停車禁止: 近傍に線なし (重なり0%)
駐車禁止: 終日 (重なり1%)</description><styleUrl>#coin</styleUrl><MultiGeometry><LineString><coordinates>139.80297,35.67615,0 139.80342,35.67769,0 139.80379,35.68015,0 139.8037,35.6822,0</coordinates></LineString></MultiGeometry></Placemark><Placemark><name>コイン(メーター)｜禁止帯なし</name><description>09:00-19:00 / 60分 / 300円
日曜・休日を除く / １月１日〜３日を除く
対象: 普通車・貨物
駐停車禁止: 近傍に線なし (重なり0%)
駐車禁止: 終日 (重なり4%)</description><styleUrl>#coin</styleUrl><MultiGeometry><LineString><coordinates>139.8037,35.68241,0 139.80357,35.68557,0 139.80337,35.68801,0</coordinates></LineString></MultiGeometry></Placemark><Placemark><name>コイン(メーター)｜禁止帯なし</name><description>09:00-19:00 / 60分 / 300円
日曜・休日を除く / １月１日〜３日を除く
対象: 普通車
駐停車禁止: 近傍に線なし (重なり0%)
駐車禁止: 07:00-20:00,終日 (重なり2%)</description><styleUrl>#coin</styleUrl><MultiGeometry><LineString><coordinates>139.80625,35.70081,0 139.80587,35.70522,0 139.80556,35.70851,0</coordinates></LineString></MultiGeometry></Placemark><Placemark><name>コイン(メーター)｜禁止帯なし</name><description>09:00-19:00 / 60分 / 300円
日曜・休日を除く / １月１日〜３日を除く
対象: 普通車
駐停車禁止: 近傍に線なし (重なり0%)
駐車禁止: 07:00-20:00,終日 (重なり3%)</description><styleUrl>#coin</styleUrl><MultiGeometry><LineString><coordinates>139.80649,35.69747,0 139.80625,35.70062,0</coordinates></LineString></MultiGeometry></Placemark><Placemark><name>コイン(メーター)｜禁止帯なし</name><description>09:00-19:00 / 60分 / 300円
日曜・休日を除く / １月１日〜３日を除く
対象: 普通車
駐停車禁止: 終日 (重なり3%)
駐車禁止: 07:00-20:00,終日 (重なり3%)</description><styleUrl>#coin</styleUrl><MultiGeometry><LineString><coordinates>139.80612,35.68682,0 139.80572,35.69145,0 139.80565,35.69214,0</coordinates></LineString><LineString><coordinates>139.8058,35.69213,0 139.80601,35.68969,0 139.80626,35.68681,0</coordinates></LineString></MultiGeometry></Placemark><Placemark><name>コイン(メーター)｜禁止帯なし</name><description>09:00-19:00 / 60分 / 300円
日曜・休日を除く / １月１日〜３日を除く
対象: 普通車・貨物
駐停車禁止: 近傍に線なし (重なり0%)
駐車禁止: 終日 (重なり20%)</description><styleUrl>#coin</styleUrl><MultiGeometry><LineString><coordinates>139.77778,35.67108,0 139.7765,35.67139,0</coordinates></LineString></MultiGeometry></Placemark><Placemark><name>コイン(メーター)｜禁止帯なし</name><description>09:00-19:00 / 60分 / 300円
日曜・休日を除く / １月１日〜３日を除く
対象: 普通車・貨物
駐停車禁止: 近傍に線なし (重なり0%)
駐車禁止: 終日 (重なり10%)</description><styleUrl>#coin</styleUrl><MultiGeometry><LineString><coordinates>139.77603,35.67207,0 139.77653,35.67195,0 139.77864,35.67143,0</coordinates></LineString></MultiGeometry></Placemark><Placemark><name>コイン(メーター)｜禁止帯なし</name><description>09:00-19:00 / 60分 / 300円
日曜・休日を除く / １月１日〜３日を除く
対象: 普通車
駐停車禁止: 近傍に線なし (重なり0%)
駐車禁止: 終日 (重なり8%)</description><styleUrl>#coin</styleUrl><MultiGeometry><LineString><coordinates>139.75219,35.65918,0 139.75118,35.65932,0</coordinates></LineString></MultiGeometry></Placemark><Placemark><name>コイン(メーター)｜禁止帯なし</name><description>09:00-19:00 / 60分 / 300円
日曜・休日を除く / １月１日〜３日を除く
対象: 普通車
駐停車禁止: 近傍に線なし (重なり0%)
駐車禁止: 終日 (重なり10%)</description><styleUrl>#coin</styleUrl><MultiGeometry><LineString><coordinates>139.75093,35.65496,0 139.75009,35.65499,0</coordinates></LineString></MultiGeometry></Placemark><Placemark><name>コイン(メーター)｜駐車禁止帯</name><description>09:00-20:00 / 60分 / 300円
日曜・休日を除く / １月１日〜３日を除く
対象: 普通車・貨物
駐停車禁止: 近傍に線なし (重なり0%)
駐車禁止: 終日 (重なり30%)</description><styleUrl>#coin</styleUrl><MultiGeometry><LineString><coordinates>139.70173,35.6668,0 139.70188,35.66843,0 139.70191,35.66863,0 139.70194,35.66883,0</coordinates></LineString><LineString><coordinates>139.70206,35.66886,0 139.70202,35.66866,0 139.70199,35.6684,0 139.70184,35.66679,0</coordinates></LineString></MultiGeometry></Placemark><Placemark><name>コイン(メーター)｜駐停車禁止帯</name><description>09:00-19:00 / 60分 / 300円
日曜・休日を除く / １月１日〜３日を除く
対象: 普通車・貨物
駐停車禁止: 終日 (重なり100%)
駐車禁止: 終日 (重なり5%)</description><styleUrl>#coin</styleUrl><MultiGeometry><LineString><coordinates>139.70942,35.71487,0 139.70454,35.71607,0</coordinates></LineString></MultiGeometry></Placemark><Placemark><name>コイン(メーター)｜禁止帯なし</name><description>09:00-19:00 / 60分 / 300円
日曜・休日を除く / １月１日〜３日を除く
対象: 普通車
駐停車禁止: 近傍に線なし (重なり0%)
駐車禁止: 終日 (重なり1%)</description><styleUrl>#coin</styleUrl><MultiGeometry><LineString><coordinates>139.66602,35.78323,0 139.6663,35.78413,0</coordinates></LineString><LineString><coordinates>139.66639,35.78417,0 139.66612,35.78321,0</coordinates></LineString></MultiGeometry></Placemark><Placemark><name>コイン(メーター)｜禁止帯なし</name><description>09:00-19:00 / 60分 / 300円
日曜・休日を除く / １月１日〜３日を除く
対象: 普通車・貨物
駐停車禁止: 近傍に線なし (重なり0%)
駐車禁止: 07:00-20:00,終日 (重なり0%)</description><styleUrl>#coin</styleUrl><MultiGeometry><LineString><coordinates>139.67347,35.78113,0 139.67352,35.78188,0 139.67365,35.78293,0 139.67402,35.7857,0</coordinates></LineString><LineString><coordinates>139.67419,35.78569,0 139.67403,35.78444,0 139.6738,35.78282,0 139.67365,35.78167,0 139.67362,35.78111,0</coordinates></LineString></MultiGeometry></Placemark><Placemark><name>コイン(メーター)｜禁止帯なし</name><description>09:00-19:00 / 60分 / 300円
日曜・休日を除く / １月１日〜３日を除く
対象: 普通車
駐停車禁止: 近傍に線なし (重なり0%)
駐車禁止: 07:00-20:00,終日 (重なり12%)</description><styleUrl>#coin</styleUrl><MultiGeometry><LineString><coordinates>139.63835,35.73621,0 139.63923,35.73632,0 139.6414,35.73676,0 139.64158,35.73678,0 139.64395,35.7368,0 139.6452,35.73642,0 139.64552,35.73641,0 139.6474,35.73648,0</coordinates></LineString><LineString><coordinates>139.64738,35.73638,0 139.64532,35.73634,0 139.64505,35.73637,0 139.64402,35.73671,0 139.64154,35.7367,0 139.64057,35.73652,0 139.63968,35.73631,0 139.63843,35.73611,0</coordinates></LineString></MultiGeometry></Placemark><Placemark><name>コイン(メーター)｜禁止帯なし</name><description>09:00-19:00 / 60分 / 300円
日曜・休日を除く / １月１日〜３日を除く
対象: 普通車
駐停車禁止: 近傍に線なし (重なり0%)
駐車禁止: 07:00-20:00,終日 (重なり5%)</description><styleUrl>#coin</styleUrl><MultiGeometry><LineString><coordinates>139.8126,35.70853,0 139.81273,35.70663,0</coordinates></LineString></MultiGeometry></Placemark><Placemark><name>コイン(メーター)｜禁止帯なし</name><description>09:00-19:00 / 60分 / 300円
日曜・休日を除く / １月１日〜３日を除く
対象: 普通車
駐停車禁止: 近傍に線なし (重なり0%)
駐車禁止: 08:00-20:00,09:00-19:00,終日 (重なり10%)</description><styleUrl>#coin</styleUrl><MultiGeometry><LineString><coordinates>139.74159,35.62209,0 139.74242,35.62253,0 139.74529,35.62215,0</coordinates></LineString></MultiGeometry></Placemark><Placemark><name>コイン(メーター)｜禁止帯なし</name><description>09:00-19:00 / 60分 / 300円
日曜・休日を除く / １月１日〜３日を除く
対象: 普通車
駐停車禁止: 終日 (重なり13%)
駐車禁止: 終日 (重なり3%)</description><styleUrl>#coin</styleUrl><MultiGeometry><LineString><coordinates>139.62183,35.62813,0 139.6235,35.62787,0 139.62464,35.62772,0</coordinates></LineString></MultiGeometry></Placemark><Placemark><name>コイン(メーター)｜駐車禁止帯</name><description>09:00-19:00 / 60分 / 300円
日曜・休日を除く / １月１日〜３日を除く
対象: 普通車・貨物
駐停車禁止: 近傍に線なし (重なり0%)
駐車禁止: 09:00-19:00 (重なり100%)</description><styleUrl>#coin</styleUrl><MultiGeometry><LineString><coordinates>139.83391,35.68979,0 139.83385,35.69057,0</coordinates></LineString></MultiGeometry></Placemark><Placemark><name>コイン(メーター)｜駐車禁止帯</name><description>09:00-19:00 / 60分 / 300円
日曜・休日を除く / １月１日〜３日を除く
対象: 普通車
駐停車禁止: 近傍に線なし (重なり0%)
駐車禁止: 終日 (重なり98%)</description><styleUrl>#coin</styleUrl><MultiGeometry><LineString><coordinates>139.79594,35.67552,0 139.79569,35.67522,0</coordinates></LineString></MultiGeometry></Placemark><Placemark><name>コイン(メーター)｜禁止帯なし</name><description>08:00-20:00 / 60分 / 300円
１月１日〜３日を除く
対象: 普通車
駐停車禁止: 近傍に線なし (重なり0%)
駐車禁止: 終日 (重なり3%)</description><styleUrl>#coin</styleUrl><MultiGeometry><LineString><coordinates>139.76863,35.6892,0 139.7687,35.68909,0 139.76883,35.68897,0 139.76921,35.68854,0 139.76997,35.68769,0</coordinates></LineString><LineString><coordinates>139.76987,35.68759,0 139.76925,35.68823,0 139.76893,35.68859,0 139.76845,35.68919,0</coordinates></LineString></MultiGeometry></Placemark><Placemark><name>コイン(メーター)｜禁止帯なし</name><description>07:00-20:00 / 60分 / 300円
１月１日〜３日を除く
対象: 普通車
駐停車禁止: 近傍に線なし (重なり0%)
駐車禁止: 終日 (重なり5%)</description><styleUrl>#coin</styleUrl><MultiGeometry><LineString><coordinates>139.76999,35.6877,0 139.77052,35.6879,0 139.77285,35.68866,0</coordinates></LineString></MultiGeometry></Placemark><Placemark><name>コイン(メーター)｜禁止帯なし</name><description>09:00-19:00 / 60分 / 300円
日曜・休日を除く / １月１日〜３日を除く
対象: 普通車
駐停車禁止: 近傍に線なし (重なり0%)
駐車禁止: 終日 (重なり13%)</description><styleUrl>#coin</styleUrl><MultiGeometry><LineString><coordinates>139.78707,35.69176,0 139.78769,35.6922,0</coordinates></LineString></MultiGeometry></Placemark><Placemark><name>コイン(メーター)｜禁止帯なし</name><description>09:00-19:00 / 60分 / 300円
日曜・休日を除く / １月１日〜３日を除く
対象: 普通車
駐停車禁止: 近傍に線なし (重なり0%)
駐車禁止: 近傍に線なし (重なり0%)</description><styleUrl>#coin</styleUrl><MultiGeometry><LineString><coordinates>139.67762,35.65052,0 139.67734,35.65144,0</coordinates></LineString><LineString><coordinates>139.67743,35.65152,0 139.67777,35.65046,0</coordinates></LineString></MultiGeometry></Placemark><Placemark><name>コイン(メーター)｜禁止帯なし</name><description>09:00-19:00 / 60分 / 300円
日曜・休日を除く / １月１日〜３日を除く
対象: 普通車
駐停車禁止: 近傍に線なし (重なり0%)
駐車禁止: 終日 (重なり20%)</description><styleUrl>#coin</styleUrl><MultiGeometry><LineString><coordinates>139.77951,35.71288,0 139.78074,35.71269,0</coordinates></LineString></MultiGeometry></Placemark><Placemark><name>コイン(メーター)｜駐車禁止帯</name><description>09:00-21:00 / 60分 / 300円
１月１日〜３日を除く
対象: 普通車・貨物
駐停車禁止: 近傍に線なし (重なり0%)
駐車禁止: 21:00-01:00,終日 (重なり98%)</description><styleUrl>#coin</styleUrl><MultiGeometry><LineString><coordinates>139.76702,35.67129,0 139.76787,35.67072,0</coordinates></LineString></MultiGeometry></Placemark><Placemark><name>コイン(メーター)｜禁止帯なし</name><description>09:00-19:00 / 60分 / 300円
日曜・休日を除く / １月１日〜３日を除く
対象: 普通車・貨物
駐停車禁止: 近傍に線なし (重なり0%)
駐車禁止: 09:00-19:00,終日 (重なり19%)</description><styleUrl>#coin</styleUrl><MultiGeometry><LineString><coordinates>139.77548,35.67089,0 139.77821,35.67019,0</coordinates></LineString></MultiGeometry></Placemark><Placemark><name>コイン(メーター)｜禁止帯なし</name><description>09:00-19:00 / 60分 / 300円
日曜・休日を除く / １月１日〜３日を除く
対象: 普通車・貨物
駐停車禁止: 近傍に線なし (重なり0%)
駐車禁止: 終日 (重なり7%)</description><styleUrl>#coin</styleUrl><MultiGeometry><LineString><coordinates>139.7732,35.67416,0 139.77318,35.67359,0 139.77313,35.6735,0 139.7731,35.67323,0</coordinates></LineString></MultiGeometry></Placemark><Placemark><name>コイン(メーター)｜駐車禁止帯</name><description>09:00-19:00 / 60分 / 300円
日曜・休日を除く / １月１日〜３日を除く
対象: 普通車・貨物
駐停車禁止: 終日 (重なり22%)
駐車禁止: 終日 (重なり73%)</description><styleUrl>#coin</styleUrl><MultiGeometry><LineString><coordinates>139.70693,35.65855,0 139.70684,35.65923,0 139.70672,35.65947,0 139.70651,35.65968,0 139.70611,35.66004,0</coordinates></LineString></MultiGeometry></Placemark><Placemark><name>コイン(メーター)｜駐車禁止帯</name><description>09:00-19:00 / 60分 / 300円
日曜・休日を除く / １月１日〜３日を除く
対象: 普通車
駐停車禁止: 近傍に線なし (重なり0%)
駐車禁止: 終日 (重なり50%)</description><styleUrl>#coin</styleUrl><MultiGeometry><LineString><coordinates>139.75434,35.64058,0 139.75601,35.64058,0</coordinates></LineString></MultiGeometry></Placemark><Placemark><name>コイン(メーター)｜禁止帯なし</name><description>09:00-19:00 / 60分 / 300円
日曜・休日を除く / １月１日〜３日を除く
対象: 普通車
駐停車禁止: 近傍に線なし (重なり0%)
駐車禁止: 近傍に線なし (重なり0%)</description><styleUrl>#coin</styleUrl><MultiGeometry><LineString><coordinates>139.75607,35.64063,0 139.75604,35.64197,0</coordinates></LineString><LineString><coordinates>139.75616,35.64199,0 139.75618,35.64063,0</coordinates></LineString></MultiGeometry></Placemark><Placemark><name>コイン(メーター)｜禁止帯なし</name><description>09:00-19:00 / 60分 / 300円
日曜・休日を除く / １月１日〜３日を除く
対象: 普通車・貨物
駐停車禁止: 近傍に線なし (重なり0%)
駐車禁止: 終日 (重なり24%)</description><styleUrl>#coin</styleUrl><MultiGeometry><LineString><coordinates>139.74722,35.73525,0 139.74729,35.73513,0 139.74776,35.73448,0 139.74832,35.73369,0</coordinates></LineString><LineString><coordinates>139.74816,35.73361,0 139.74705,35.73516,0</coordinates></LineString></MultiGeometry></Placemark><Placemark><name>コイン(メーター)｜禁止帯なし</name><description>09:00-19:00 / 60分 / 300円
日曜・休日を除く / １月１日〜３日を除く
対象: 普通車
駐停車禁止: 近傍に線なし (重なり0%)
駐車禁止: 近傍に線なし (重なり0%)</description><styleUrl>#coin</styleUrl><MultiGeometry><LineString><coordinates>139.72389,35.72033,0 139.72321,35.72154,0 139.72298,35.72201,0 139.72289,35.72235,0</coordinates></LineString></MultiGeometry></Placemark><Placemark><name>コイン(メーター)｜禁止帯なし</name><description>09:00-19:00 / 60分 / 300円
日曜・休日を除く / １月１日〜３日を除く
対象: 普通車
駐停車禁止: 近傍に線なし (重なり0%)
駐車禁止: 終日 (重なり4%)</description><styleUrl>#coin</styleUrl><MultiGeometry><LineString><coordinates>139.78796,35.70738,0 139.78627,35.70744,0 139.78509,35.70747,0</coordinates></LineString></MultiGeometry></Placemark><Placemark><name>コイン(メーター)｜禁止帯なし</name><description>09:00-21:00 / 60分 / 300円
１月１日〜３日を除く
対象: 普通車・貨物
駐停車禁止: 近傍に線なし (重なり0%)
駐車禁止: 終日 (重なり15%)</description><styleUrl>#coin</styleUrl><MultiGeometry><LineString><coordinates>139.77192,35.67263,0 139.77216,35.67339,0</coordinates></LineString></MultiGeometry></Placemark><Placemark><name>コイン(メーター)｜駐車禁止帯</name><description>09:00-19:00 / 60分 / 300円
日曜・休日を除く / １月１日〜３日を除く
対象: 普通車・貨物
駐停車禁止: 近傍に線なし (重なり0%)
駐車禁止: 08:00-20:00,終日 (重なり66%)</description><styleUrl>#coin</styleUrl><MultiGeometry><LineString><coordinates>139.78012,35.67325,0 139.78012,35.67403,0</coordinates></LineString></MultiGeometry></Placemark><Placemark><name>コイン(メーター)｜駐車禁止帯</name><description>09:00-19:00 / 60分 / 300円
日曜・休日を除く / １月１日〜３日を除く
対象: 普通車
駐停車禁止: 近傍に線なし (重なり0%)
駐車禁止: 09:00-19:00 (重なり93%)</description><styleUrl>#coin</styleUrl><MultiGeometry><LineString><coordinates>139.74859,35.66167,0 139.74835,35.66144,0 139.74822,35.66123,0 139.74818,35.6612,0 139.74812,35.6612,0 139.74795,35.66123,0 139.7478,35.66127,0 139.74711,35.66146,0</coordinates></LineString></MultiGeometry></Placemark><Placemark><name>コイン(メーター)｜駐車禁止帯</name><description>09:00-19:00 / 60分 / 300円
１月１日〜３日を除く
対象: 普通車・貨物
駐停車禁止: 近傍に線なし (重なり0%)
駐車禁止: 終日 (重なり94%)</description><styleUrl>#coin</styleUrl><MultiGeometry><LineString><coordinates>139.69161,35.68597,0 139.69141,35.68684,0</coordinates></LineString></MultiGeometry></Placemark><Placemark><name>コイン(メーター)｜駐車禁止帯</name><description>09:00-19:00 / 60分 / 300円
１月１日〜３日を除く
対象: 普通車・貨物
駐停車禁止: 近傍に線なし (重なり0%)
駐車禁止: 19:00-09:00 (重なり100%)</description><styleUrl>#coin</styleUrl><MultiGeometry><LineString><coordinates>139.76797,35.70829,0 139.76822,35.70838,0 139.76835,35.70842,0 139.76855,35.70843,0 139.76899,35.70845,0</coordinates></LineString></MultiGeometry></Placemark><Placemark><name>コイン(メーター)｜禁止帯なし</name><description>09:00-19:00 / 60分 / 300円
日曜・休日を除く / １月１日〜３日を除く
対象: 普通車・貨物
駐停車禁止: 近傍に線なし (重なり0%)
駐車禁止: 終日 (重なり5%)</description><styleUrl>#coin</styleUrl><MultiGeometry><LineString><coordinates>139.78285,35.71672,0 139.78325,35.71783,0</coordinates></LineString><LineString><coordinates>139.78339,35.7178,0 139.783,35.71669,0</coordinates></LineString></MultiGeometry></Placemark><Placemark><name>コイン(メーター)｜駐車禁止帯</name><description>09:00-19:00 / 60分 / 300円
日曜・休日を除く / １月１日〜３日を除く
対象: 普通車
駐停車禁止: 近傍に線なし (重なり0%)
駐車禁止: 終日 (重なり30%)</description><styleUrl>#coin</styleUrl><MultiGeometry><LineString><coordinates>139.71332,35.63428,0 139.71299,35.63437,0 139.71264,35.63441,0</coordinates></LineString></MultiGeometry></Placemark><Placemark><name>コイン(メーター)｜禁止帯なし</name><description>09:00-19:00 / 60分 / 300円
日曜・休日を除く / １月１日〜３日を除く
対象: 普通車・貨物
駐停車禁止: 近傍に線なし (重なり0%)
駐車禁止: 08:00-20:00 (重なり3%)</description><styleUrl>#coin</styleUrl><MultiGeometry><LineString><coordinates>139.77486,35.68461,0 139.77661,35.68488,0</coordinates></LineString><LineString><coordinates>139.7767,35.68478,0 139.77484,35.68449,0</coordinates></LineString></MultiGeometry></Placemark><Placemark><name>コイン(メーター)｜禁止帯なし</name><description>09:00-19:00 / 60分 / 300円
日曜・休日を除く / １月１日〜３日を除く
対象: 普通車
駐停車禁止: 近傍に線なし (重なり0%)
駐車禁止: 近傍に線なし (重なり0%)</description><styleUrl>#coin</styleUrl><MultiGeometry><LineString><coordinates>139.77461,35.65719,0 139.7755,35.65781,0</coordinates></LineString><LineString><coordinates>139.77559,35.65777,0 139.77468,35.65717,0</coordinates></LineString></MultiGeometry></Placemark><Placemark><name>コイン(メーター)｜駐車禁止帯</name><description>09:00-19:00 / 60分 / 300円
日曜・休日を除く / １月１日〜３日を除く
対象: 普通車
駐停車禁止: 近傍に線なし (重なり0%)
駐車禁止: 終日 (重なり100%)</description><styleUrl>#coin</styleUrl><MultiGeometry><LineString><coordinates>139.66592,35.7827,0 139.66589,35.78253,0</coordinates></LineString></MultiGeometry></Placemark><Placemark><name>コイン(メーター)｜駐車禁止帯</name><description>09:00-19:00 / 60分 / 300円
日曜・休日を除く / １月１日〜３日を除く
対象: 普通車
駐停車禁止: 近傍に線なし (重なり0%)
駐車禁止: 09:00-19:00 (重なり100%)</description><styleUrl>#coin</styleUrl><MultiGeometry><LineString><coordinates>139.7579,35.66877,0 139.75707,35.66904,0</coordinates></LineString></MultiGeometry></Placemark><Placemark><name>コイン(メーター)｜駐車禁止帯</name><description>09:00-19:00 / 60分 / 300円
日曜・休日を除く / １月１日〜３日を除く
対象: 普通車
駐停車禁止: 近傍に線なし (重なり0%)
駐車禁止: 終日 (重なり100%)</description><styleUrl>#coin</styleUrl><MultiGeometry><LineString><coordinates>139.75616,35.64278,0 139.75616,35.64206,0</coordinates></LineString></MultiGeometry></Placemark><Placemark><name>コイン(メーター)｜禁止帯なし</name><description>09:00-19:00 / 60分 / 300円
日曜・休日を除く / １月１日〜３日を除く
対象: 普通車・貨物
駐停車禁止: 近傍に線なし (重なり0%)
駐車禁止: 近傍に線なし (重なり0%)</description><styleUrl>#coin</styleUrl><MultiGeometry><LineString><coordinates>139.74988,35.64854,0 139.74996,35.64891,0 139.7501,35.64919,0 139.75017,35.64931,0 139.75026,35.6499,0</coordinates></LineString></MultiGeometry></Placemark><Placemark><name>コイン(メーター)｜駐停車禁止帯・駐車禁止帯</name><description>09:30-19:00 / 60分 / 300円
１月１日〜３日を除く
対象: 普通車
駐停車禁止: 07:00-09:30 (重なり99%)
駐車禁止: 19:00-07:00,終日 (重なり100%)</description><styleUrl>#coin</styleUrl><MultiGeometry><LineString><coordinates>139.66885,35.6432,0 139.66806,35.64305,0 139.66743,35.64301,0 139.66635,35.64298,0</coordinates></LineString></MultiGeometry></Placemark><Placemark><name>コイン(メーター)｜駐車禁止帯</name><description>09:00-19:00 / 60分 / 300円
日曜・休日を除く / １月１日〜３日を除く
対象: 普通車・貨物
駐停車禁止: 近傍に線なし (重なり0%)
駐車禁止: 終日 (重なり97%)</description><styleUrl>#coin</styleUrl><MultiGeometry><LineString><coordinates>139.78382,35.71901,0 139.78345,35.71795,0</coordinates></LineString></MultiGeometry></Placemark><Placemark><name>コイン(メーター)｜禁止帯なし</name><description>09:00-21:00 / 60分 / 300円
１月１日〜３日を除く
対象: 普通車・貨物
駐停車禁止: 近傍に線なし (重なり0%)
駐車禁止: 終日 (重なり13%)</description><styleUrl>#coin</styleUrl><MultiGeometry><LineString><coordinates>139.77055,35.67037,0 139.77013,35.67067,0 139.76897,35.67146,0</coordinates></LineString></MultiGeometry></Placemark><Placemark><name>コイン(メーター)｜駐車禁止帯</name><description>09:00-21:00 / 60分 / 300円
１月１日〜３日を除く
対象: 普通車・貨物
駐停車禁止: 近傍に線なし (重なり0%)
駐車禁止: 終日 (重なり100%)</description><styleUrl>#coin</styleUrl><MultiGeometry><LineString><coordinates>139.77166,35.67367,0 139.77219,35.67348,0 139.77304,35.67324,0</coordinates></LineString></MultiGeometry></Placemark><Placemark><name>コイン(メーター)｜駐車禁止帯</name><description>09:00-19:00 / 60分 / 300円
１月１日〜３日を除く
対象: 普通車・貨物
駐停車禁止: 07:30-09:00 (重なり14%)
駐車禁止: 19:00-09:00,終日 (重なり100%)</description><styleUrl>#coin</styleUrl><MultiGeometry><LineString><coordinates>139.66555,35.71189,0 139.66595,35.71339,0 139.66613,35.71424,0 139.66848,35.7164,0 139.66856,35.71653,0</coordinates></LineString></MultiGeometry></Placemark><Placemark><name>コイン(メーター)｜禁止帯なし</name><description>09:00-21:00 / 60分 / 300円
１月１日〜３日を除く
対象: 普通車・貨物
駐停車禁止: 近傍に線なし (重なり0%)
駐車禁止: 近傍に線なし (重なり0%)</description><styleUrl>#coin</styleUrl><MultiGeometry><LineString><coordinates>139.771,35.67298,0 139.77153,35.6736,0</coordinates></LineString></MultiGeometry></Placemark><Placemark><name>コイン(メーター)｜禁止帯なし</name><description>09:00-19:00 / 60分 / 300円
日曜・休日を除く / １月１日〜３日を除く
対象: 普通車・貨物
駐停車禁止: 近傍に線なし (重なり0%)
駐車禁止: 近傍に線なし (重なり0%)</description><styleUrl>#coin</styleUrl><MultiGeometry><LineString><coordinates>139.76607,35.66563,0 139.76668,35.66513,0 139.76769,35.66437,0</coordinates></LineString><LineString><coordinates>139.76757,35.66427,0 139.76693,35.66475,0 139.76655,35.66505,0 139.76594,35.66554,0</coordinates></LineString></MultiGeometry></Placemark><Placemark><name>コイン(メーター)｜禁止帯なし</name><description>09:30-19:00 / 60分 / 300円
日曜・休日を除く / １月１日〜３日を除く
対象: 普通車
駐停車禁止: 近傍に線なし (重なり0%)
駐車禁止: 終日 (重なり5%)</description><styleUrl>#coin</styleUrl><MultiGeometry><LineString><coordinates>139.79891,35.68066,0 139.79875,35.68193,0</coordinates></LineString></MultiGeometry></Placemark><Placemark><name>コイン(メーター)｜禁止帯なし</name><description>09:00-19:00 / 60分 / 300円
日曜・休日を除く / １月１日〜３日を除く
対象: 普通車・貨物
駐停車禁止: 近傍に線なし (重なり0%)
駐車禁止: 近傍に線なし (重なり0%)</description><styleUrl>#coin</styleUrl><MultiGeometry><LineString><coordinates>139.81619,35.67202,0 139.81487,35.67199,0</coordinates></LineString></MultiGeometry></Placemark><Placemark><name>コイン(メーター)｜駐車禁止帯</name><description>09:00-19:00 / 60分 / 300円
日曜・休日を除く / １月１日〜３日を除く
対象: 普通車・貨物
駐停車禁止: 近傍に線なし (重なり0%)
駐車禁止: 08:00-20:00,終日 (重なり30%)</description><styleUrl>#coin</styleUrl><MultiGeometry><LineString><coordinates>139.75232,35.64307,0 139.75282,35.64402,0 139.75343,35.64524,0 139.75372,35.64577,0 139.75382,35.64598,0 139.75408,35.64657,0 139.75418,35.64679,0 139.75478,35.64808,0</coordinates></LineString><LineString><coordinates>139.75503,35.64817,0 139.75433,35.64667,0 139.75396,35.64592,0 139.75299,35.64399,0 139.75279,35.64358,0 139.75254,35.6431,0</coordinates></LineString></MultiGeometry></Placemark><Placemark><name>コイン(メーター)｜禁止帯なし</name><description>08:00-20:00 / 60分 / 300円
１月１日〜３日を除く
対象: 普通車・貨物
駐停車禁止: 07:00-20:00 (重なり7%)
駐車禁止: 08:00-12:00,08:00-20:00,終日 (重なり2%)</description><styleUrl>#coin</styleUrl><MultiGeometry><LineString><coordinates>139.7525,35.7013,0 139.75333,35.69977,0 139.75375,35.69899,0 139.75447,35.69767,0 139.7552,35.69633,0 139.75539,35.69598,0</coordinates></LineString></MultiGeometry></Placemark><Placemark><name>コイン(メーター)｜禁止帯なし</name><description>08:00-20:00 / 60分 / 300円
１月１日〜３日を除く
対象: 普通車・貨物
駐停車禁止: 07:00-20:00 (重なり12%)
駐車禁止: 08:00-20:00,終日 (重なり8%)</description><styleUrl>#coin</styleUrl><MultiGeometry><LineString><coordinates>139.75552,35.69575,0 139.75568,35.69547,0 139.75579,35.69525,0 139.75583,35.69515,0 139.75585,35.69491,0 139.75593,35.69422,0 139.75601,35.69396,0</coordinates></LineString></MultiGeometry></Placemark><Placemark><name>コイン(メーター)｜駐停車禁止帯</name><description>08:00-20:00 / 60分 / 300円
１月１日〜３日を除く
対象: 普通車・貨物
駐停車禁止: 07:00-20:00 (重なり34%)
駐車禁止: 08:00-20:00,終日 (重なり8%)</description><styleUrl>#coin</styleUrl><MultiGeometry><LineString><coordinates>139.75577,35.69419,0 139.75574,35.69439,0 139.75567,35.69512,0 139.75561,35.69529,0 139.75535,35.69571,0</coordinates></LineString></MultiGeometry></Placemark><Placemark><name>コイン(メーター)｜禁止帯なし</name><description>09:00-19:00 / 60分 / 300円
日曜・休日を除く / １月１日〜３日を除く
対象: 普通車
駐停車禁止: 近傍に線なし (重なり0%)
駐車禁止: 09:00-19:00,終日 (重なり3%)</description><styleUrl>#coin</styleUrl><MultiGeometry><LineString><coordinates>139.74883,35.66001,0 139.74891,35.66012,0 139.74896,35.66034,0 139.74924,35.66149,0 139.74934,35.66196,0 139.74939,35.66371,0 139.74943,35.66383,0 139.74948,35.66431,0 139.74955,35.66477,0 139.7496,35.66514,0 139.74967,35.66542,0 139.74976,35.66563,0</coordinates></LineString><LineString><coordinates>139.74987,35.66556,0 139.7498,35.66541,0 139.74973,35.66512,0 139.74967,35.66474,0 139.74959,35.66414,0 139.74954,35.66366,0 139.74948,35.66208,0 139.74944,35.66182,0 139.74903,35.66008,0 139.74901,35.65992,0</coordinates></LineString></MultiGeometry></Placemark><Placemark><name>コイン(メーター)｜駐車禁止帯</name><description>07:00-20:00 / 40分 / 200円
１月１日〜３日を除く
対象: 普通車・貨物
駐停車禁止: 近傍に線なし (重なり0%)
駐車禁止: 20:00-07:00,終日 (重なり96%)</description><styleUrl>#coin</styleUrl><MultiGeometry><LineString><coordinates>139.70182,35.68983,0 139.70147,35.69064,0</coordinates></LineString></MultiGeometry></Placemark><Placemark><name>コイン(メーター)｜駐車禁止帯</name><description>07:00-14:00 / 40分 / 200円
日曜・休日を除く / １月１日〜３日を除く
対象: 普通車・貨物
駐停車禁止: 近傍に線なし (重なり0%)
駐車禁止: 14:00-07:00,終日 (重なり97%)</description><styleUrl>#coin</styleUrl><MultiGeometry><LineString><coordinates>139.7021,35.68972,0 139.70218,35.69025,0 139.70227,35.69075,0 139.70241,35.69129,0 139.7026,35.69179,0</coordinates></LineString></MultiGeometry></Placemark><Placemark><name>コイン(メーター)｜駐車禁止帯</name><description>07:00-20:00 / 40分 / 200円
１月１日〜３日を除く
対象: 普通車・貨物
駐停車禁止: 近傍に線なし (重なり0%)
駐車禁止: 終日 (重なり96%)</description><styleUrl>#coin</styleUrl><MultiGeometry><LineString><coordinates>139.70432,35.69043,0 139.70349,35.6906,0 139.70326,35.69064,0 139.70233,35.69071,0</coordinates></LineString></MultiGeometry></Placemark><Placemark><name>コイン(メーター)｜駐車禁止帯</name><description>07:00-20:00 / 40分 / 200円
日曜・休日を除く / １月１日〜３日を除く
対象: 普通車・貨物
駐停車禁止: 近傍に線なし (重なり0%)
駐車禁止: 終日 (重なり51%)</description><styleUrl>#coin</styleUrl><MultiGeometry><LineString><coordinates>139.70259,35.69193,0 139.70367,35.69145,0</coordinates></LineString><LineString><coordinates>139.7036,35.6914,0 139.70206,35.69209,0</coordinates></LineString></MultiGeometry></Placemark><Placemark><name>コイン(メーター)｜駐車禁止帯</name><description>09:00-19:00 / 60分 / 300円
日曜・休日を除く / １月１日〜３日を除く
対象: 普通車
駐停車禁止: 近傍に線なし (重なり0%)
駐車禁止: 19:00-09:00,終日 (重なり49%)</description><styleUrl>#coin</styleUrl><MultiGeometry><LineString><coordinates>139.68665,35.63233,0 139.68664,35.63347,0 139.68663,35.63403,0 139.6866,35.63418,0 139.68653,35.63444,0</coordinates></LineString><LineString><coordinates>139.68667,35.6343,0 139.68673,35.634,0 139.68674,35.63236,0</coordinates></LineString></MultiGeometry></Placemark><Placemark><name>コイン(メーター)｜駐停車禁止帯</name><description>09:00-19:00 / 60分 / 300円
１月１日〜３日を除く
対象: 普通車
駐停車禁止: 07:30-09:00 (重なり100%)
駐車禁止: 09:00-19:00,終日 (重なり11%)</description><styleUrl>#coin</styleUrl><MultiGeometry><LineString><coordinates>139.79611,35.71085,0 139.79472,35.71102,0 139.79363,35.71116,0</coordinates></LineString></MultiGeometry></Placemark><Placemark><name>コイン(メーター)｜駐停車禁止帯・駐車禁止帯</name><description>09:00-19:00 / 40分 / 200円
日曜・休日を除く / １月１日〜３日を除く
対象: 普通車・貨物
駐停車禁止: 07:30-09:00 (重なり100%)
駐車禁止: 終日 (重なり100%)</description><styleUrl>#coin</styleUrl><MultiGeometry><LineString><coordinates>139.7918,35.70567,0 139.7914,35.70581,0</coordinates></LineString></MultiGeometry></Placemark><Placemark><name>コイン(メーター)｜駐停車禁止帯・駐車禁止帯</name><description>09:00-19:00 / 40分 / 200円
日曜・休日を除く / １月１日〜３日を除く
対象: 普通車・貨物
駐停車禁止: 07:30-09:00 (重なり100%)
駐車禁止: 終日 (重なり100%)</description><styleUrl>#coin</styleUrl><MultiGeometry><LineString><coordinates>139.79191,35.70575,0 139.7927,35.70548,0</coordinates></LineString></MultiGeometry></Placemark><Placemark><name>コイン(メーター)｜駐車禁止帯</name><description>07:00-20:00 / 40分 / 200円
１月１日〜３日を除く
対象: 普通車・貨物
駐停車禁止: 近傍に線なし (重なり0%)
駐車禁止: 20:00-07:00 (重なり92%)</description><styleUrl>#coin</styleUrl><MultiGeometry><LineString><coordinates>139.70075,35.66236,0 139.70075,35.66278,0 139.70076,35.66286,0 139.70078,35.66294,0 139.70086,35.66306,0 139.70098,35.6632,0 139.70113,35.66336,0</coordinates></LineString></MultiGeometry></Placemark><Placemark><name>コイン(メーター)｜駐車禁止帯</name><description>07:00-20:00 / 40分 / 200円
１月１日〜３日を除く
対象: 普通車・貨物
駐停車禁止: 07:00-20:00 (重なり28%)
駐車禁止: 20:00-07:00,終日 (重なり100%)</description><styleUrl>#coin</styleUrl><MultiGeometry><LineString><coordinates>139.70125,35.66325,0 139.70111,35.66315,0 139.70101,35.66303,0 139.70096,35.66296,0 139.70093,35.66287,0 139.70091,35.66279,0 139.7009,35.66265,0 139.70089,35.66236,0</coordinates></LineString></MultiGeometry></Placemark><Placemark><name>コイン(メーター)｜駐停車禁止帯・駐車禁止帯</name><description>07:00-20:00 / 20分 / 100円
１月１日〜３日を除く
対象: 普通車
駐停車禁止: 07:00-20:00 (重なり43%)
駐車禁止: 20:00-07:00 (重なり100%)</description><styleUrl>#coin</styleUrl><MultiGeometry><LineString><coordinates>139.70075,35.66131,0 139.70075,35.6621,0</coordinates></LineString></MultiGeometry></Placemark><Placemark><name>コイン(メーター)｜駐停車禁止帯・駐車禁止帯</name><description>07:00-20:00 / 40分 / 200円
１月１日〜３日を除く
対象: 普通車・貨物
駐停車禁止: 07:00-20:00 (重なり44%)
駐車禁止: 20:00-07:00 (重なり100%)</description><styleUrl>#coin</styleUrl><MultiGeometry><LineString><coordinates>139.70089,35.66212,0 139.70089,35.66132,0</coordinates></LineString></MultiGeometry></Placemark><Placemark><name>コイン(メーター)｜駐停車禁止帯・駐車禁止帯</name><description>09:00-19:00 / 40分 / 200円
日曜・休日を除く / １月１日〜３日を除く
対象: 普通車
駐停車禁止: 07:30-09:00 (重なり100%)
駐車禁止: 終日 (重なり85%)</description><styleUrl>#coin</styleUrl><MultiGeometry><LineString><coordinates>139.78205,35.70708,0 139.78286,35.70698,0</coordinates></LineString></MultiGeometry></Placemark><Placemark><name>コイン(メーター)｜駐停車禁止帯・駐車禁止帯</name><description>09:00-19:00 / 40分 / 200円
日曜・休日を除く / １月１日〜３日を除く
対象: 普通車・貨物
駐停車禁止: 07:30-09:00 (重なり100%)
駐車禁止: 終日 (重なり100%)</description><styleUrl>#coin</styleUrl><MultiGeometry><LineString><coordinates>139.78356,35.70682,0 139.78245,35.70694,0</coordinates></LineString></MultiGeometry></Placemark><Placemark><name>コイン(メーター)｜禁止帯なし</name><description>09:00-19:00 / 60分 / 300円
日曜・休日を除く / １月１日〜３日を除く
対象: 普通車・貨物
駐停車禁止: 近傍に線なし (重なり0%)
駐車禁止: 08:00-20:00,09:00-19:00,終日 (重なり1%)</description><styleUrl>#coin</styleUrl><MultiGeometry><LineString><coordinates>139.77859,35.6907,0 139.77953,35.68962,0 139.78043,35.68856,0 139.78138,35.68742,0 139.78227,35.6864,0</coordinates></LineString><LineString><coordinates>139.78216,35.68635,0 139.78134,35.68729,0 139.78054,35.68823,0 139.77946,35.68951,0 139.77849,35.69062,0</coordinates></LineString></MultiGeometry></Placemark><Placemark><name>コイン(メーター)｜駐車禁止帯</name><description>07:00-20:00 / 60分 / 300円
１月１日〜３日を除く
対象: 普通車・貨物
駐停車禁止: 07:00-20:00 (重なり25%)
駐車禁止: 終日 (重なり98%)</description><styleUrl>#coin</styleUrl><MultiGeometry><LineString><coordinates>139.70222,35.6635,0 139.70231,35.66199,0</coordinates></LineString></MultiGeometry></Placemark><Placemark><name>コイン(メーター)｜駐車禁止帯</name><description>09:00-19:00 / 60分 / 300円
日曜・休日を除く / １月１日〜３日を除く
対象: 普通車
駐停車禁止: 近傍に線なし (重なり0%)
駐車禁止: 終日 (重なり30%)</description><styleUrl>#coin</styleUrl><MultiGeometry><LineString><coordinates>139.71527,35.63382,0 139.71527,35.634,0 139.71497,35.63478,0</coordinates></LineString></MultiGeometry></Placemark><Placemark><name>コイン(メーター)｜禁止帯なし</name><description>09:00-19:00 / 60分 / 300円
日曜・休日を除く / １月１日〜３日を除く
対象: 普通車
駐停車禁止: 近傍に線なし (重なり0%)
駐車禁止: 終日 (重なり5%)</description><styleUrl>#coin</styleUrl><MultiGeometry><LineString><coordinates>139.72645,35.73401,0 139.72683,35.73497,0 139.72692,35.73509,0</coordinates></LineString><LineString><coordinates>139.72693,35.73493,0 139.72671,35.73435,0 139.72665,35.7342,0 139.72656,35.73394,0</coordinates></LineString></MultiGeometry></Placemark><Placemark><name>コイン(メーター)｜禁止帯なし</name><description>09:00-19:00 / 60分 / 300円
１月１日〜３日を除く
対象: 普通車
駐停車禁止: 近傍に線なし (重なり0%)
駐車禁止: 近傍に線なし (重なり0%)</description><styleUrl>#coin</styleUrl><MultiGeometry><LineString><coordinates>139.70631,35.7277,0 139.70659,35.72824,0</coordinates></LineString><LineString><coordinates>139.70673,35.72817,0 139.7067,35.72814,0 139.70647,35.72771,0 139.70644,35.72765,0</coordinates></LineString></MultiGeometry></Placemark><Placemark><name>コイン(メーター)｜駐車禁止帯</name><description>09:00-19:00 / 60分 / 300円
日曜・休日を除く / １月１日〜３日を除く
対象: 普通車
駐停車禁止: 07:30-09:00 (重なり6%)
駐車禁止: 07:00-09:00,終日 (重なり39%)</description><styleUrl>#coin</styleUrl><MultiGeometry><LineString><coordinates>139.78381,35.70079,0 139.78518,35.70065,0 139.78776,35.69984,0</coordinates></LineString></MultiGeometry></Placemark><Placemark><name>コイン(メーター)｜駐車禁止帯</name><description>09:00-21:00 / 60分 / 300円
１月１日〜３日を除く
対象: 普通車・貨物
駐停車禁止: 近傍に線なし (重なり0%)
駐車禁止: 21:00-01:00,終日 (重なり97%)</description><styleUrl>#coin</styleUrl><MultiGeometry><LineString><coordinates>139.76065,35.67205,0 139.76078,35.67204,0 139.76176,35.67194,0 139.76188,35.67187,0 139.76238,35.67153,0 139.7633,35.67087,0 139.76402,35.67036,0</coordinates></LineString></MultiGeometry></Placemark><Placemark><name>コイン(メーター)｜禁止帯なし</name><description>09:00-19:00 / 60分 / 300円
日曜・休日を除く / １月１日〜３日を除く
対象: 普通車・貨物
駐停車禁止: 近傍に線なし (重なり0%)
駐車禁止: 近傍に線なし (重なり0%)</description><styleUrl>#coin</styleUrl><MultiGeometry><LineString><coordinates>139.77038,35.66801,0 139.7697,35.66854,0</coordinates></LineString></MultiGeometry></Placemark><Placemark><name>コイン(メーター)｜駐停車禁止帯・駐車禁止帯</name><description>09:00-19:00 / 40分 / 200円
日曜・休日を除く / １月１日〜３日を除く
対象: 普通車・貨物
駐停車禁止: 07:30-09:00 (重なり100%)
駐車禁止: 終日 (重なり100%)</description><styleUrl>#coin</styleUrl><MultiGeometry><LineString><coordinates>139.78128,35.70707,0 139.78094,35.70709,0</coordinates></LineString></MultiGeometry></Placemark><Placemark><name>コイン(メーター)｜駐停車禁止帯・駐車禁止帯</name><description>09:00-19:00 / 40分 / 200円
日曜・休日を除く / １月１日〜３日を除く
対象: 普通車・貨物
駐停車禁止: 07:30-09:00 (重なり100%)
駐車禁止: 終日 (重なり100%)</description><styleUrl>#coin</styleUrl><MultiGeometry><LineString><coordinates>139.78088,35.7071,0 139.78046,35.70714,0</coordinates></LineString></MultiGeometry></Placemark><Placemark><name>コイン(メーター)｜駐車禁止帯</name><description>08:00-20:00 / 40分 / 200円
１月１日〜３日を除く
対象: 普通車・貨物
駐停車禁止: 近傍に線なし (重なり0%)
駐車禁止: 終日 (重なり76%)</description><styleUrl>#coin</styleUrl><MultiGeometry><LineString><coordinates>139.77332,35.69556,0 139.773,35.69557,0</coordinates></LineString></MultiGeometry></Placemark><Placemark><name>コイン(メーター)｜駐車禁止帯</name><description>08:00-20:00 / 40分 / 200円
１月１日〜３日を除く
対象: 普通車・貨物
駐停車禁止: 近傍に線なし (重なり0%)
駐車禁止: 終日 (重なり34%)</description><styleUrl>#coin</styleUrl><MultiGeometry><LineString><coordinates>139.77724,35.6954,0 139.77675,35.69541,0</coordinates></LineString></MultiGeometry></Placemark><Placemark><name>コイン(メーター)｜駐車禁止帯</name><description>08:00-20:00 / 40分 / 200円
１月１日〜３日を除く
対象: 普通車・貨物
駐停車禁止: 近傍に線なし (重なり0%)
駐車禁止: 終日 (重なり62%)</description><styleUrl>#coin</styleUrl><MultiGeometry><LineString><coordinates>139.77665,35.69561,0 139.77719,35.69559,0</coordinates></LineString></MultiGeometry></Placemark><Placemark><name>コイン(メーター)｜駐車禁止帯</name><description>08:00-20:00 / 40分 / 200円
１月１日〜３日を除く
対象: 普通車・貨物
駐停車禁止: 近傍に線なし (重なり0%)
駐車禁止: 終日 (重なり58%)</description><styleUrl>#coin</styleUrl><MultiGeometry><LineString><coordinates>139.77773,35.69556,0 139.77808,35.69556,0</coordinates></LineString></MultiGeometry></Placemark><Placemark><name>コイン(メーター)｜駐停車禁止帯・駐車禁止帯</name><description>08:00-20:00 / 40分 / 200円
１月１日〜３日を除く
対象: 普通車・貨物
駐停車禁止: 07:00-20:00 (重なり100%)
駐車禁止: 終日 (重なり96%)</description><styleUrl>#coin</styleUrl><MultiGeometry><LineString><coordinates>139.75743,35.69604,0 139.75772,35.69606,0</coordinates></LineString></MultiGeometry></Placemark><Placemark><name>コイン(メーター)｜駐停車禁止帯・駐車禁止帯</name><description>08:00-20:00 / 40分 / 200円
１月１日〜３日を除く
対象: 普通車・貨物
駐停車禁止: 07:00-20:00 (重なり65%)
駐車禁止: 08:00-20:00,終日 (重なり48%)</description><styleUrl>#coin</styleUrl><MultiGeometry><LineString><coordinates>139.75785,35.69585,0 139.75732,35.69585,0</coordinates></LineString></MultiGeometry></Placemark><Placemark><name>コイン(メーター)｜駐停車禁止帯</name><description>08:00-20:00 / 40分 / 200円
１月１日〜３日を除く
対象: 普通車・貨物
駐停車禁止: 07:00-20:00 (重なり46%)
駐車禁止: 終日 (重なり27%)</description><styleUrl>#coin</styleUrl><MultiGeometry><LineString><coordinates>139.76204,35.69484,0 139.76172,35.69509,0</coordinates></LineString></MultiGeometry></Placemark><Placemark><name>コイン(メーター)｜禁止帯なし</name><description>08:00-20:00 / 40分 / 200円
１月１日〜３日を除く
対象: 普通車・貨物
駐停車禁止: 近傍に線なし (重なり0%)
駐車禁止: 近傍に線なし (重なり0%)</description><styleUrl>#coin</styleUrl><MultiGeometry><LineString><coordinates>139.76443,35.69431,0 139.76435,35.69428,0 139.76424,35.69426,0 139.76411,35.69426,0</coordinates></LineString></MultiGeometry></Placemark><Placemark><name>コイン(メーター)｜禁止帯なし</name><description>08:00-20:00 / 60分 / 300円
１月１日〜３日を除く
対象: 普通車・貨物
駐停車禁止: 近傍に線なし (重なり0%)
駐車禁止: 近傍に線なし (重なり0%)</description><styleUrl>#coin</styleUrl><MultiGeometry><LineString><coordinates>139.76964,35.69299,0 139.76941,35.69357,0</coordinates></LineString></MultiGeometry></Placemark><Placemark><name>コイン(メーター)｜駐車禁止帯</name><description>09:00-19:00 / 60分 / 300円
日曜・休日を除く / １月１日〜３日を除く
対象: 普通車
駐停車禁止: 近傍に線なし (重なり0%)
駐車禁止: 終日 (重なり99%)</description><styleUrl>#coin</styleUrl><MultiGeometry><LineString><coordinates>139.71933,35.77833,0 139.7191,35.77816,0 139.71866,35.77772,0</coordinates></LineString></MultiGeometry></Placemark><Placemark><name>コイン(メーター)｜駐車禁止帯</name><description>07:00-20:00 / 20分 / 100円
１月１日〜３日を除く
対象: 普通車
駐停車禁止: 近傍に線なし (重なり0%)
駐車禁止: 終日 (重なり100%)</description><styleUrl>#coin</styleUrl><MultiGeometry><LineString><coordinates>139.70596,35.65572,0 139.70546,35.6561,0</coordinates></LineString></MultiGeometry></Placemark><Placemark><name>コイン(メーター)｜禁止帯なし</name><description>09:00-19:00 / 20分 / 100円
１月１日〜３日を除く
対象: 普通車
駐停車禁止: 近傍に線なし (重なり0%)
駐車禁止: 近傍に線なし (重なり0%)</description><styleUrl>#coin</styleUrl><MultiGeometry><LineString><coordinates>139.69643,35.69,0 139.69648,35.68938,0</coordinates></LineString></MultiGeometry></Placemark><Placemark><name>コイン(メーター)｜駐車禁止帯</name><description>09:00-19:00 / 20分 / 100円
１月１日〜３日を除く
対象: 普通車
駐停車禁止: 近傍に線なし (重なり0%)
駐車禁止: 19:00-09:00,終日 (重なり84%)</description><styleUrl>#coin</styleUrl><MultiGeometry><LineString><coordinates>139.76117,35.67529,0 139.76046,35.67545,0</coordinates></LineString></MultiGeometry></Placemark><Placemark><name>コイン(メーター)｜駐車禁止帯</name><description>08:00-20:00 / 20分 / 100円
１月１日〜３日を除く
対象: 普通車
駐停車禁止: 07:00-20:00 (重なり8%)
駐車禁止: 終日 (重なり46%)</description><styleUrl>#coin</styleUrl><MultiGeometry><LineString><coordinates>139.75715,35.69604,0 139.75743,35.69604,0</coordinates></LineString></MultiGeometry></Placemark><Placemark><name>コイン(メーター)｜禁止帯なし</name><description>08:00-20:00 / 20分 / 100円
１月１日〜３日を除く
対象: 普通車・貨物
駐停車禁止: 近傍に線なし (重なり0%)
駐車禁止: 近傍に線なし (重なり0%)</description><styleUrl>#coin</styleUrl><MultiGeometry><LineString><coordinates>139.75227,35.70171,0 139.75246,35.70137,0</coordinates></LineString></MultiGeometry></Placemark><Placemark><name>コイン(メーター)｜駐車禁止帯</name><description>09:00-19:00 / 20分 / 100円
日曜・休日を除く / １月１日〜３日を除く
対象: 普通車
駐停車禁止: 近傍に線なし (重なり0%)
駐車禁止: 19:00-01:00 (重なり80%)</description><styleUrl>#coin</styleUrl><MultiGeometry><LineString><coordinates>139.75756,35.6676,0 139.75742,35.66734,0</coordinates></LineString></MultiGeometry></Placemark><Placemark><name>コイン(メーター)｜駐車禁止帯</name><description>09:00-21:00 / 20分 / 100円
１月１日〜３日を除く
対象: 普通車
駐停車禁止: 近傍に線なし (重なり0%)
駐車禁止: 07:00-01:00,終日 (重なり80%)</description><styleUrl>#coin</styleUrl><MultiGeometry><LineString><coordinates>139.76676,35.67535,0 139.76614,35.67554,0</coordinates></LineString></MultiGeometry></Placemark><Placemark><name>コイン(メーター)｜駐停車禁止帯</name><description>09:00-21:00 / 20分 / 100円
１月１日〜３日を除く
対象: 普通車
駐停車禁止: 終日 (重なり99%)
駐車禁止: 近傍に線なし (重なり0%)</description><styleUrl>#coin</styleUrl><MultiGeometry><LineString><coordinates>139.71086,35.6631,0 139.71179,35.66258,0</coordinates></LineString></MultiGeometry></Placemark><Placemark><name>コイン(メーター)｜駐車禁止帯</name><description>07:00-20:00 / 20分 / 100円
日曜・休日を除く / １月１日〜３日を除く
対象: 普通車
駐停車禁止: 近傍に線なし (重なり0%)
駐車禁止: 終日 (重なり76%)</description><styleUrl>#coin</styleUrl><MultiGeometry><LineString><coordinates>139.70211,35.69216,0 139.7025,35.69197,0</coordinates></LineString></MultiGeometry></Placemark><Placemark><name>コイン(メーター)｜駐車禁止帯</name><description>09:00-19:00 / 20分 / 100円
１月１日〜３日を除く
対象: 普通車
駐停車禁止: 近傍に線なし (重なり0%)
駐車禁止: 19:00-09:00 (重なり100%)</description><styleUrl>#coin</styleUrl><MultiGeometry><LineString><coordinates>139.66536,35.71118,0 139.66555,35.71189,0</coordinates></LineString></MultiGeometry></Placemark><Placemark><name>コイン(メーター)｜禁止帯なし</name><description>09:00-19:00 / 20分 / 100円
日曜・休日を除く / １月１日〜３日を除く
対象: 普通車
駐停車禁止: 近傍に線なし (重なり0%)
駐車禁止: 近傍に線なし (重なり0%)</description><styleUrl>#coin</styleUrl><MultiGeometry><LineString><coordinates>139.74573,35.71678,0 139.74555,35.71686,0 139.74537,35.71695,0 139.74528,35.71699,0 139.74483,35.71718,0 139.74472,35.71721,0</coordinates></LineString></MultiGeometry></Placemark><Placemark><name>コイン(メーター)｜禁止帯なし</name><description>09:00-19:00 / 20分 / 100円
１月１日〜３日を除く
対象: 普通車
駐停車禁止: 近傍に線なし (重なり0%)
駐車禁止: 近傍に線なし (重なり0%)</description><styleUrl>#coin</styleUrl><MultiGeometry><LineString><coordinates>139.70612,35.73193,0 139.70582,35.73201,0 139.70562,35.73209,0</coordinates></LineString></MultiGeometry></Placemark><Placemark><name>コイン(メーター)｜禁止帯なし</name><description>09:00-19:00 / 20分 / 100円
日曜・休日を除く / １月１日〜３日を除く
対象: 普通車
駐停車禁止: 近傍に線なし (重なり0%)
駐車禁止: 終日 (重なり14%)</description><styleUrl>#coin</styleUrl><MultiGeometry><LineString><coordinates>139.73062,35.72981,0 139.73039,35.73001,0 139.73023,35.73015,0 139.73006,35.73034,0</coordinates></LineString></MultiGeometry></Placemark><Placemark><name>コイン(メーター)｜禁止帯なし</name><description>09:00-19:00 / 20分 / 100円
日曜・休日を除く / １月１日〜３日を除く
対象: 普通車
駐停車禁止: 近傍に線なし (重なり0%)
駐車禁止: 近傍に線なし (重なり0%)</description><styleUrl>#coin</styleUrl><MultiGeometry><LineString><coordinates>139.76252,35.70579,0 139.76238,35.70543,0</coordinates></LineString></MultiGeometry></Placemark><Placemark><name>コイン(メーター)｜禁止帯なし</name><description>09:00-19:00 / 20分 / 100円
日曜・休日を除く / １月１日〜３日を除く
対象: 普通車
駐停車禁止: 近傍に線なし (重なり0%)
駐車禁止: 近傍に線なし (重なり0%)</description><styleUrl>#coin</styleUrl><MultiGeometry><LineString><coordinates>139.73458,35.72021,0 139.73471,35.7198,0 139.7348,35.71958,0 139.73493,35.7194,0 139.735,35.71926,0</coordinates></LineString></MultiGeometry></Placemark><Placemark><name>コイン(メーター)｜禁止帯なし</name><description>09:00-19:00 / 60分 / 300円
日曜・休日を除く / １月１日〜３日を除く
対象: 普通車
駐停車禁止: 近傍に線なし (重なり0%)
駐車禁止: 終日 (重なり6%)</description><styleUrl>#coin</styleUrl><MultiGeometry><LineString><coordinates>139.75378,35.66434,0 139.75271,35.66212,0 139.75211,35.66087,0</coordinates></LineString></MultiGeometry></Placemark><Placemark><name>コイン(メーター)｜駐車禁止帯</name><description>09:00-19:00 / 60分 / 300円
日曜・休日を除く / １月１日〜３日を除く
対象: 普通車・貨物
駐停車禁止: 近傍に線なし (重なり0%)
駐車禁止: 19:00-01:00,終日 (重なり49%)</description><styleUrl>#coin</styleUrl><MultiGeometry><LineString><coordinates>139.75499,35.66522,0 139.75529,35.6658,0 139.75564,35.66648,0 139.75637,35.66796,0</coordinates></LineString><LineString><coordinates>139.75644,35.66791,0 139.75572,35.66644,0 139.75537,35.66578,0 139.75507,35.66521,0</coordinates></LineString></MultiGeometry></Placemark><Placemark><name>コイン(メーター)｜禁止帯なし</name><description>09:00-19:00 / 60分 / 300円
日曜・休日を除く / １月１日〜３日を除く
対象: 普通車
駐停車禁止: 近傍に線なし (重なり0%)
駐車禁止: 近傍に線なし (重なり0%)</description><styleUrl>#coin</styleUrl><MultiGeometry><LineString><coordinates>139.78363,35.68412,0 139.78399,35.68432,0</coordinates></LineString></MultiGeometry></Placemark><Placemark><name>コイン(メーター)｜禁止帯なし</name><description>09:00-19:00 / 20分 / 100円
日曜・休日を除く / １月１日〜３日を除く
対象: 普通車
駐停車禁止: 近傍に線なし (重なり0%)
駐車禁止: 近傍に線なし (重なり0%)</description><styleUrl>#coin</styleUrl><MultiGeometry><LineString><coordinates>139.7841,35.68437,0 139.7845,35.68392,0</coordinates></LineString><LineString><coordinates>139.78397,35.68432,0 139.78437,35.68386,0</coordinates></LineString></MultiGeometry></Placemark><Placemark><name>コイン(メーター)｜駐停車禁止帯</name><description>09:30-19:00 / 60分 / 300円
日曜・休日を除く / １月１日〜３日を除く
対象: 普通車・貨物
駐停車禁止: 07:00-09:30 (重なり50%)
駐車禁止: 終日 (重なり5%)</description><styleUrl>#coin</styleUrl><MultiGeometry><LineString><coordinates>139.71675,35.69129,0 139.71677,35.69129,0 139.71693,35.69128,0 139.71733,35.69134,0 139.71762,35.6914,0 139.72119,35.69231,0 139.72123,35.69232,0</coordinates></LineString><LineString><coordinates>139.72127,35.6922,0 139.7212,35.69218,0 139.71799,35.69136,0 139.71761,35.69128,0 139.71736,35.69122,0 139.71696,35.69116,0 139.71677,35.69118,0</coordinates></LineString></MultiGeometry></Placemark><Placemark><name>コイン(メーター)｜禁止帯なし</name><description>08:00-20:00 / 60分 / 300円
日曜・休日を除く / １月１日〜３日を除く
対象: 普通車
駐停車禁止: 近傍に線なし (重なり0%)
駐車禁止: 終日 (重なり23%)</description><styleUrl>#coin</styleUrl><MultiGeometry><LineString><coordinates>139.75847,35.69484,0 139.75903,35.69486,0 139.75909,35.69486,0 139.75962,35.69489,0</coordinates></LineString></MultiGeometry></Placemark><Placemark><name>コイン(メーター)｜禁止帯なし</name><description>09:00-19:00 / 60分 / 300円
日曜・休日を除く / １月１日〜３日を除く
対象: 普通車
駐停車禁止: 近傍に線なし (重なり0%)
駐車禁止: 終日 (重なり2%)</description><styleUrl>#coin</styleUrl><MultiGeometry><LineString><coordinates>139.72912,35.7327,0 139.72872,35.73311,0 139.72847,35.73337,0 139.72795,35.73395,0 139.72787,35.73407,0 139.7276,35.73443,0 139.72732,35.73474,0 139.72711,35.73497,0</coordinates></LineString><LineString><coordinates>139.72719,35.735,0 139.72736,35.73482,0 139.72754,35.73464,0 139.72774,35.7344,0 139.72782,35.7343,0 139.72801,35.73403,0 139.72852,35.73346,0 139.72865,35.73333,0 139.72918,35.73278,0</coordinates></LineString></MultiGeometry></Placemark><Placemark><name>コイン(メーター)｜禁止帯なし</name><description>09:00-19:00 / 60分 / 300円
日曜・休日を除く / １月１日〜３日を除く
対象: 普通車
駐停車禁止: 近傍に線なし (重なり0%)
駐車禁止: 終日 (重なり19%)</description><styleUrl>#coin</styleUrl><MultiGeometry><LineString><coordinates>139.7811,35.68858,0 139.78145,35.68818,0 139.78181,35.68779,0 139.78193,35.68764,0</coordinates></LineString></MultiGeometry></Placemark><Placemark><name>コイン(メーター)｜禁止帯なし</name><description>07:00-20:00 / 60分 / 300円
日曜・休日を除く / １月１日〜３日を除く
対象: 普通車・貨物
駐停車禁止: 近傍に線なし (重なり0%)
駐車禁止: 07:00-20:00,終日 (重なり1%)</description><styleUrl>#coin</styleUrl><MultiGeometry><LineString><coordinates>139.77527,35.69649,0 139.77482,35.69651,0 139.77426,35.69653,0 139.77374,35.69655,0 139.77322,35.69656,0 139.77273,35.6966,0 139.7721,35.69665,0 139.7714,35.69671,0 139.77119,35.69673,0 139.77099,35.69677,0</coordinates></LineString><LineString><coordinates>139.77526,35.69657,0 139.77481,35.69658,0 139.77373,35.69662,0 139.7732,35.69664,0 139.77265,35.69668,0 139.77206,35.69673,0 139.77151,35.69678,0 139.77118,35.69681,0 139.77101,35.69685,0</coordinates></LineString></MultiGeometry></Placemark><Placemark><name>コイン(メーター)｜禁止帯なし</name><description>09:00-19:00 / 60分 / 300円
日曜・休日を除く / １月１日〜３日を除く
対象: 普通車・貨物
駐停車禁止: 近傍に線なし (重なり0%)
駐車禁止: 近傍に線なし (重なり0%)</description><styleUrl>#coin</styleUrl><MultiGeometry><LineString><coordinates>139.7553,35.65666,0 139.75512,35.65552,0</coordinates></LineString></MultiGeometry></Placemark><Placemark><name>コイン(メーター)｜禁止帯なし</name><description>07:00-20:00 / 60分 / 300円
１月１日〜３日を除く
対象: 普通車
駐停車禁止: 近傍に線なし (重なり0%)
駐車禁止: 07:00-20:00 (重なり9%)</description><styleUrl>#coin</styleUrl><MultiGeometry><LineString><coordinates>139.78016,35.69639,0 139.78124,35.69632,0</coordinates></LineString></MultiGeometry></Placemark><Placemark><name>コイン(メーター)｜禁止帯なし</name><description>07:00-20:00 / 60分 / 300円
１月１日〜３日を除く
対象: 普通車
駐停車禁止: 近傍に線なし (重なり0%)
駐車禁止: 近傍に線なし (重なり0%)</description><styleUrl>#coin</styleUrl><MultiGeometry><LineString><coordinates>139.78211,35.69623,0 139.78256,35.69616,0</coordinates></LineString></MultiGeometry></Placemark><Placemark><name>コイン(メーター)｜禁止帯なし</name><description>09:00-19:00 / 60分 / 300円
日曜・休日を除く / １月１日〜３日を除く
対象: 普通車
駐停車禁止: 近傍に線なし (重なり0%)
駐車禁止: 終日 (重なり2%)</description><styleUrl>#coin</styleUrl><MultiGeometry><LineString><coordinates>139.72261,35.75936,0 139.72328,35.75925,0 139.72362,35.7592,0 139.72394,35.75912,0 139.72512,35.75875,0 139.72561,35.75861,0 139.72629,35.75841,0 139.7278,35.75845,0 139.7286,35.75848,0 139.72901,35.75849,0 139.72921,35.75849,0 139.72941,35.75848,0 139.72956,35.75843,0 139.72969,35.75836,0 139.72979,35.75827,0 139.72987,35.75816,0 139.73047,35.7571,0 139.73086,35.75653,0 139.73127,35.75599,0 139.73219,35.75493,0 139.73252,35.75455,0 139.73257,35.7545,0 139.73258,35.75449,0 139.73259,35.75447,0 139.73261,35.75445,0 139.73264,35.75443,0 139.73266,35.7544,0 139.73276,35.7543,0 139.7328,35.75427,0 139.73287,35.75421,0 139.73289,35.7542,0 139.7329,35.75419,0</coordinates></LineString></MultiGeometry></Placemark><Placemark><name>コイン(メーター)｜禁止帯なし</name><description>09:00-19:00 / 60分 / 300円
日曜・休日を除く / １月１日〜３日を除く
対象: 普通車
駐停車禁止: 近傍に線なし (重なり0%)
駐車禁止: 終日 (重なり3%)</description><styleUrl>#coin</styleUrl><MultiGeometry><LineString><coordinates>139.72401,35.75902,0 139.72514,35.75868,0 139.72614,35.75837,0 139.7262,35.75836,0 139.72626,35.75834,0 139.72634,35.75834,0 139.72926,35.75843,0 139.72935,35.75842,0 139.72943,35.75839,0 139.72958,35.75833,0 139.72968,35.75826,0 139.72975,35.7582,0 139.7298,35.75813,0 139.72993,35.75792,0 139.73022,35.75737,0 139.73037,35.75711,0 139.73046,35.75698,0 139.73054,35.75685,0 139.73105,35.75615,0 139.73134,35.75577,0 139.7316,35.75547,0 139.73199,35.75504,0 139.73217,35.75482,0 139.73231,35.75467,0 139.73243,35.75453,0</coordinates></LineString></MultiGeometry></Placemark><Placemark><name>コイン(メーター)｜禁止帯なし</name><description>09:00-19:00 / 60分 / 300円
日曜・休日を除く / １月１日〜３日を除く
対象: 普通車
駐停車禁止: 近傍に線なし (重なり0%)
駐車禁止: 近傍に線なし (重なり0%)</description><styleUrl>#coin</styleUrl><MultiGeometry><LineString><coordinates>139.71931,35.76066,0 139.71978,35.76045,0</coordinates></LineString></MultiGeometry></Placemark><Placemark><name>コイン(メーター)｜禁止帯なし</name><description>09:00-19:00 / 60分 / 300円
日曜・休日を除く / １月１日〜３日を除く
対象: 普通車
駐停車禁止: 近傍に線なし (重なり0%)
駐車禁止: 近傍に線なし (重なり0%)</description><styleUrl>#coin</styleUrl><MultiGeometry><LineString><coordinates>139.71934,35.76071,0 139.7199,35.76046,0</coordinates></LineString></MultiGeometry></Placemark><Placemark><name>コイン(メーター)｜禁止帯なし</name><description>09:00-19:00 / 60分 / 300円
日曜・休日を除く / １月１日〜３日を除く
対象: 普通車
駐停車禁止: 近傍に線なし (重なり0%)
駐車禁止: 近傍に線なし (重なり0%)</description><styleUrl>#coin</styleUrl><MultiGeometry><LineString><coordinates>139.77312,35.67809,0 139.77291,35.67818,0</coordinates></LineString></MultiGeometry></Placemark><Placemark><name>コイン(メーター)｜禁止帯なし</name><description>09:30-19:00 / 60分 / 300円
日曜・休日を除く / １月１日〜３日を除く
対象: 普通車
駐停車禁止: 近傍に線なし (重なり0%)
駐車禁止: 終日 (重なり11%)</description><styleUrl>#coin</styleUrl><MultiGeometry><LineString><coordinates>139.79844,35.68492,0 139.79849,35.68417,0</coordinates></LineString></MultiGeometry></Placemark><Placemark><name>コイン(メーター)｜駐停車禁止帯</name><description>09:30-19:00 / 60分 / 300円
日曜・休日を除く / １月１日〜３日を除く
対象: 普通車
駐停車禁止: 07:30-09:30 (重なり100%)
駐車禁止: 終日 (重なり1%)</description><styleUrl>#coin</styleUrl><MultiGeometry><LineString><coordinates>139.79855,35.68502,0 139.7986,35.68416,0</coordinates></LineString></MultiGeometry></Placemark><Placemark><name>コイン(メーター)｜禁止帯なし</name><description>09:00-19:00 / 60分 / 300円
日曜・休日を除く / １月１日〜３日を除く
対象: 普通車
駐停車禁止: 近傍に線なし (重なり0%)
駐車禁止: 近傍に線なし (重なり0%)</description><styleUrl>#coin</styleUrl><MultiGeometry><LineString><coordinates>139.77034,35.68692,0 139.77111,35.68548,0</coordinates></LineString></MultiGeometry></Placemark><Placemark><name>コイン(メーター)｜駐停車禁止帯</name><description>09:00-19:00 / 60分 / 300円
日曜・休日を除く / １月１日〜３日を除く
対象: 普通車・貨物
駐停車禁止: 終日 (重なり100%)
駐車禁止: 終日 (重なり3%)</description><styleUrl>#coin</styleUrl><MultiGeometry><LineString><coordinates>139.8162,35.68909,0 139.81946,35.68919,0</coordinates></LineString></MultiGeometry></Placemark><Placemark><name>コイン(メーター)｜駐停車禁止帯</name><description>09:00-19:00 / 60分 / 300円
日曜・休日を除く / １月１日〜３日を除く
対象: 普通車・貨物
駐停車禁止: 終日 (重なり100%)
駐車禁止: 近傍に線なし (重なり0%)</description><styleUrl>#coin</styleUrl><MultiGeometry><LineString><coordinates>139.81905,35.68907,0 139.81644,35.68899,0</coordinates></LineString></MultiGeometry></Placemark><Placemark><name>コイン(メーター)｜駐車禁止帯</name><description>09:00-21:00 / 60分 / 300円
１月１日〜３日を除く
対象: 普通車・貨物
駐停車禁止: 近傍に線なし (重なり0%)
駐車禁止: 終日 (重なり100%)</description><styleUrl>#coin</styleUrl><MultiGeometry><LineString><coordinates>139.76675,35.67535,0 139.76712,35.67524,0</coordinates></LineString></MultiGeometry></Placemark><Placemark><name>コイン(メーター)｜禁止帯なし</name><description>08:00-20:00 / 60分 / 300円
１月１日〜３日を除く
対象: 普通車・貨物
駐停車禁止: 近傍に線なし (重なり0%)
駐車禁止: 08:00-20:00 (重なり3%)</description><styleUrl>#coin</styleUrl><MultiGeometry><LineString><coordinates>139.75983,35.6917,0 139.76077,35.69174,0</coordinates></LineString><LineString><coordinates>139.75981,35.69156,0 139.76081,35.6916,0</coordinates></LineString></MultiGeometry></Placemark><Placemark><name>コイン(メーター)｜駐車禁止帯</name><description>07:00-20:00 / 40分 / 200円
日曜・休日を除く / １月１日〜３日を除く
対象: 普通車・貨物
駐停車禁止: 近傍に線なし (重なり0%)
駐車禁止: 終日 (重なり66%)</description><styleUrl>#coin</styleUrl><MultiGeometry><LineString><coordinates>139.70045,35.69317,0 139.7005,35.69298,0 139.70055,35.69283,0 139.70062,35.69266,0 139.70067,35.69261,0 139.70074,35.69256,0</coordinates></LineString></MultiGeometry></Placemark><Placemark><name>コイン(メーター)｜駐停車禁止帯</name><description>07:00-20:00 / 40分 / 200円
１月１日〜３日を除く
対象: 普通車・貨物
駐停車禁止: 07:00-20:00 (重なり60%)
駐車禁止: 終日 (重なり3%)</description><styleUrl>#coin</styleUrl><MultiGeometry><LineString><coordinates>139.70718,35.6917,0 139.70719,35.69163,0 139.7072,35.69159,0 139.7072,35.69151,0 139.7072,35.69141,0 139.70721,35.69126,0 139.70716,35.69101,0</coordinates></LineString></MultiGeometry></Placemark><Placemark><name>コイン(メーター)｜駐車禁止帯</name><description>09:00-19:00 / 60分 / 300円
１月１日〜３日を除く
対象: 普通車・貨物
駐停車禁止: 近傍に線なし (重なり0%)
駐車禁止: 終日 (重なり83%)</description><styleUrl>#coin</styleUrl><MultiGeometry><LineString><coordinates>139.77207,35.70719,0 139.77197,35.70643,0</coordinates></LineString></MultiGeometry></Placemark></Folder><Folder><name>チケット</name><Placemark><name>チケット｜駐車禁止帯</name><description>09:00-19:00 / 60分 / 300円
日曜・休日を除く / １月１日〜３日を除く
対象: 普通車
駐停車禁止: 近傍に線なし (重なり0%)
駐車禁止: 終日 (重なり100%)</description><styleUrl>#tk</styleUrl><MultiGeometry><LineString><coordinates>139.64611,35.68252,0 139.6469,35.68273,0</coordinates></LineString></MultiGeometry></Placemark><Placemark><name>チケット｜禁止帯なし</name><description>09:00-19:00 / 60分 / 300円
日曜・休日を除く / １月１日〜３日を除く
対象: 普通車・貨物
駐停車禁止: 近傍に線なし (重なり0%)
駐車禁止: 近傍に線なし (重なり0%)</description><styleUrl>#tk</styleUrl><MultiGeometry><LineString><coordinates>139.77227,35.67715,0 139.77208,35.67723,0 139.77086,35.67773,0</coordinates></LineString><LineString><coordinates>139.77089,35.67777,0 139.7722,35.67724,0 139.77229,35.6772,0</coordinates></LineString></MultiGeometry></Placemark><Placemark><name>チケット｜駐車禁止帯</name><description>07:00-20:00 / 60分 / 300円
１月１日〜３日を除く
対象: 普通車
駐停車禁止: 07:00-20:00 (重なり8%)
駐車禁止: 07:00-20:00,終日 (重なり77%)</description><styleUrl>#tk</styleUrl><MultiGeometry><LineString><coordinates>139.7688,35.69804,0 139.76925,35.69761,0 139.76947,35.69742,0 139.76952,35.69733,0 139.76984,35.69655,0 139.76985,35.6964,0 139.77007,35.69588,0</coordinates></LineString></MultiGeometry></Placemark><Placemark><name>チケット｜禁止帯なし</name><description>07:00-20:00 / 60分 / 300円
１月１日〜３日を除く
対象: 普通車・貨物
駐停車禁止: 07:00-20:00 (重なり13%)
駐車禁止: 近傍に線なし (重なり0%)</description><styleUrl>#tk</styleUrl><MultiGeometry><LineString><coordinates>139.76993,35.69591,0 139.76975,35.69637,0 139.7697,35.69648,0 139.76964,35.69667,0 139.76963,35.69678,0</coordinates></LineString></MultiGeometry></Placemark><Placemark><name>チケット｜禁止帯なし</name><description>09:00-19:00 / 60分 / 300円
日曜・休日を除く / １月１日〜３日を除く
対象: 普通車
駐停車禁止: 近傍に線なし (重なり0%)
駐車禁止: 終日 (重なり5%)</description><styleUrl>#tk</styleUrl><MultiGeometry><LineString><coordinates>139.782,35.70856,0 139.7802,35.70872,0 139.77909,35.70881,0 139.77838,35.70888,0 139.77667,35.70889,0</coordinates></LineString></MultiGeometry></Placemark><Placemark><name>チケット｜禁止帯なし</name><description>09:00-19:00 / 60分 / 300円
日曜・休日を除く / １月１日〜３日を除く
対象: 普通車・貨物
駐停車禁止: 近傍に線なし (重なり0%)
駐車禁止: 終日 (重なり5%)</description><styleUrl>#tk</styleUrl><MultiGeometry><LineString><coordinates>139.77906,35.71147,0 139.77899,35.71123,0 139.77842,35.70951,0 139.77833,35.7092,0 139.77815,35.70754,0</coordinates></LineString></MultiGeometry></Placemark><Placemark><name>チケット｜禁止帯なし</name><description>09:00-19:00 / 60分 / 300円
日曜・休日を除く / １月１日〜３日を除く
対象: 普通車・貨物
駐停車禁止: 近傍に線なし (重なり0%)
駐車禁止: 近傍に線なし (重なり0%)</description><styleUrl>#tk</styleUrl><MultiGeometry><LineString><coordinates>139.72343,35.62681,0 139.72271,35.62749,0 139.72271,35.62758,0</coordinates></LineString></MultiGeometry></Placemark><Placemark><name>チケット｜禁止帯なし</name><description>09:00-19:00 / 60分 / 300円
日曜・休日を除く / １月１日〜３日を除く
対象: 普通車・貨物
駐停車禁止: 近傍に線なし (重なり0%)
駐車禁止: 終日 (重なり6%)</description><styleUrl>#tk</styleUrl><MultiGeometry><LineString><coordinates>139.72692,35.73517,0 139.72687,35.73522,0 139.72668,35.7354,0 139.7265,35.73555,0 139.72632,35.73564,0 139.72618,35.7357,0 139.72609,35.73575,0 139.72595,35.7358,0 139.72517,35.73604,0 139.72444,35.73628,0 139.72416,35.73643,0 139.72406,35.7365,0 139.72378,35.73674,0 139.72319,35.73748,0 139.72283,35.73794,0 139.72247,35.73844,0</coordinates></LineString><LineString><coordinates>139.72252,35.73853,0 139.72271,35.73824,0 139.72328,35.73749,0 139.72388,35.73676,0 139.72413,35.73655,0 139.72423,35.73648,0 139.72451,35.73633,0 139.72618,35.7358,0 139.72637,35.73571,0 139.72656,35.7356,0 139.72681,35.7354,0 139.72694,35.73527,0 139.727,35.73521,0</coordinates></LineString></MultiGeometry></Placemark><Placemark><name>チケット｜禁止帯なし</name><description>09:00-19:00 / 60分 / 300円
１月１日〜３日を除く
対象: 普通車・貨物
駐停車禁止: 近傍に線なし (重なり0%)
駐車禁止: 終日 (重なり1%)</description><styleUrl>#tk</styleUrl><MultiGeometry><LineString><coordinates>139.68932,35.68632,0 139.68892,35.68823,0 139.6888,35.68873,0 139.68868,35.68903,0 139.68862,35.68913,0 139.68845,35.68934,0 139.68756,35.69045,0 139.68741,35.69066,0 139.68727,35.69096,0 139.68719,35.69121,0 139.68693,35.69221,0 139.68694,35.69278,0 139.68702,35.69342,0 139.68712,35.69396,0 139.6873,35.69431,0 139.68827,35.69571,0</coordinates></LineString><LineString><coordinates>139.68841,35.69565,0 139.68741,35.6942,0 139.68724,35.69392,0 139.68708,35.69264,0 139.68709,35.69203,0 139.6874,35.69099,0 139.68758,35.69064,0 139.68787,35.69027,0 139.68859,35.68939,0 139.68874,35.68919,0 139.68885,35.68901,0 139.6889,35.68887,0 139.68906,35.68824,0 139.68943,35.68648,0</coordinates></LineString></MultiGeometry></Placemark><Placemark><name>チケット｜禁止帯なし</name><description>09:00-19:00 / 60分 / 300円
日曜・休日を除く / １月１日〜３日を除く
対象: 普通車・貨物
駐停車禁止: 終日 (重なり1%)
駐車禁止: 終日 (重なり0%)</description><styleUrl>#tk</styleUrl><MultiGeometry><LineString><coordinates>139.7236,35.65954,0 139.72377,35.65883,0 139.72376,35.65863,0 139.72386,35.6583,0 139.72397,35.6571,0 139.72398,35.65669,0 139.72384,35.65619,0 139.72254,35.65378,0 139.72229,35.65289,0 139.72233,35.65114,0 139.72272,35.64921,0 139.72299,35.64806,0 139.72301,35.64777,0</coordinates></LineString><LineString><coordinates>139.72276,35.64783,0 139.72266,35.6487,0 139.7222,35.65076,0 139.72213,35.65181,0 139.72211,35.65295,0 139.72231,35.65367,0 139.72241,35.65393,0 139.72373,35.6564,0 139.72379,35.65684,0 139.7237,35.65817,0 139.72362,35.65869,0 139.72341,35.65952,0</coordinates></LineString></MultiGeometry></Placemark><Placemark><name>チケット｜駐停車禁止帯</name><description>10:00-20:00 / 60分 / 300円
日曜・休日を除く / １月１日〜３日を除く
対象: 普通車
駐停車禁止: 終日 (重なり97%)
駐車禁止: 近傍に線なし (重なり0%)</description><styleUrl>#tk</styleUrl><MultiGeometry><LineString><coordinates>139.79212,35.67371,0 139.79307,35.67329,0</coordinates></LineString></MultiGeometry></Placemark><Placemark><name>チケット｜駐停車禁止帯</name><description>10:00-20:00 / 60分 / 300円
日曜・休日を除く / １月１日〜３日を除く
対象: 普通車・貨物
駐停車禁止: 終日 (重なり50%)
駐車禁止: 終日 (重なり4%)</description><styleUrl>#tk</styleUrl><MultiGeometry><LineString><coordinates>139.79506,35.67241,0 139.8003,35.67012,0 139.80044,35.67006,0 139.80075,35.66999,0</coordinates></LineString><LineString><coordinates>139.8007,35.66982,0 139.80039,35.6699,0 139.80022,35.66997,0 139.79498,35.67224,0</coordinates></LineString></MultiGeometry></Placemark><Placemark><name>チケット｜駐停車禁止帯・駐車禁止帯</name><description>09:00-20:00 / 60分 / 300円
日曜・休日を除く / １月１日〜３日を除く
対象: 普通車・貨物
駐停車禁止: 07:00-20:00,07:30-09:00,終日 (重なり50%)
駐車禁止: 20:00-07:30,終日 (重なり50%)</description><styleUrl>#tk</styleUrl><MultiGeometry><LineString><coordinates>139.7058,35.71302,0 139.7074,35.71211,0 139.70774,35.71198,0 139.70992,35.71157,0</coordinates></LineString><LineString><coordinates>139.70987,35.71146,0 139.70811,35.71179,0 139.70763,35.71188,0 139.70696,35.71222,0 139.70573,35.71294,0</coordinates></LineString></MultiGeometry></Placemark><Placemark><name>チケット｜禁止帯なし</name><description>09:00-19:00 / 60分 / 300円
日曜・休日を除く / １月１日〜３日を除く
対象: 普通車・貨物
駐停車禁止: 近傍に線なし (重なり0%)
駐車禁止: 終日 (重なり16%)</description><styleUrl>#tk</styleUrl><MultiGeometry><LineString><coordinates>139.72581,35.73191,0 139.72741,35.73149,0 139.72824,35.7313,0</coordinates></LineString><LineString><coordinates>139.72822,35.73123,0 139.7274,35.73143,0 139.72609,35.73176,0</coordinates></LineString></MultiGeometry></Placemark><Placemark><name>チケット｜禁止帯なし</name><description>09:00-19:00 / 60分 / 300円
１月１日〜３日を除く
対象: 普通車
駐停車禁止: 近傍に線なし (重なり0%)
駐車禁止: 終日 (重なり16%)</description><styleUrl>#tk</styleUrl><MultiGeometry><LineString><coordinates>139.33777,35.64953,0 139.33782,35.64972,0 139.33793,35.65124,0 139.33798,35.65199,0</coordinates></LineString><LineString><coordinates>139.33808,35.65198,0 139.33803,35.65123,0 139.33792,35.64971,0 139.33788,35.64953,0</coordinates></LineString></MultiGeometry></Placemark><Placemark><name>チケット｜禁止帯なし</name><description>09:00-19:00 / 60分 / 300円
１月１日〜３日を除く
対象: 普通車
駐停車禁止: 近傍に線なし (重なり0%)
駐車禁止: 終日 (重なり16%)</description><styleUrl>#tk</styleUrl><MultiGeometry><LineString><coordinates>139.33685,35.6541,0 139.33374,35.65452,0</coordinates></LineString><LineString><coordinates>139.33373,35.65461,0 139.33686,35.6542,0</coordinates></LineString></MultiGeometry></Placemark><Placemark><name>チケット｜禁止帯なし</name><description>09:00-20:00 / 20分 / 100円
１月１日〜３日を除く
対象: 普通車・貨物
駐停車禁止: 07:00-20:00,終日 (重なり12%)
駐車禁止: 終日 (重なり11%)</description><styleUrl>#tk</styleUrl><MultiGeometry><LineString><coordinates>139.70259,35.65962,0 139.70478,35.65998,0</coordinates></LineString><LineString><coordinates>139.70478,35.65989,0 139.70261,35.65954,0</coordinates></LineString></MultiGeometry></Placemark><Placemark><name>チケット｜禁止帯なし</name><description>09:00-19:00 / 60分 / 300円
１月１日〜３日を除く
対象: 普通車
駐停車禁止: 近傍に線なし (重なり0%)
駐車禁止: 近傍に線なし (重なり0%)</description><styleUrl>#tk</styleUrl><MultiGeometry><LineString><coordinates>139.69069,35.68426,0 139.69018,35.68477,0 139.68998,35.685,0 139.68982,35.6852,0 139.68966,35.68546,0 139.68953,35.68569,0 139.68938,35.68603,0</coordinates></LineString><LineString><coordinates>139.68953,35.68607,0 139.68966,35.68573,0 139.6898,35.68548,0 139.68995,35.68525,0 139.69032,35.68482,0 139.69081,35.68433,0</coordinates></LineString></MultiGeometry></Placemark><Placemark><name>チケット｜駐停車禁止帯</name><description>10:00-20:00 / 60分 / 300円
日曜・休日を除く / １月１日〜３日を除く
対象: 普通車・貨物
駐停車禁止: 終日 (重なり46%)
駐車禁止: 終日 (重なり2%)</description><styleUrl>#tk</styleUrl><MultiGeometry><LineString><coordinates>139.79322,35.67323,0 139.79389,35.67292,0 139.7948,35.67253,0</coordinates></LineString><LineString><coordinates>139.79468,35.67237,0 139.79311,35.67308,0</coordinates></LineString></MultiGeometry></Placemark><Placemark><name>チケット｜駐停車禁止帯・駐車禁止帯</name><description>09:00-20:00 / 60分 / 300円
日曜・休日を除く / １月１日〜３日を除く
対象: 普通車・貨物
駐停車禁止: 07:00-20:00,07:30-09:00,終日 (重なり50%)
駐車禁止: 20:00-07:30,終日 (重なり50%)</description><styleUrl>#tk</styleUrl><MultiGeometry><LineString><coordinates>139.71058,35.71144,0 139.71095,35.71133,0 139.71146,35.71115,0 139.71319,35.71018,0 139.71358,35.70998,0 139.71401,35.70989,0 139.71615,35.70953,0 139.71633,35.70948,0 139.7166,35.70936,0 139.71669,35.70928,0 139.71681,35.70916,0 139.71728,35.70846,0 139.71785,35.70766,0 139.71874,35.70681,0 139.7188,35.70677,0</coordinates></LineString><LineString><coordinates>139.71864,35.70674,0 139.71778,35.70756,0 139.71728,35.70825,0 139.71719,35.70838,0 139.71673,35.70902,0 139.71656,35.70923,0 139.71638,35.70934,0 139.71619,35.70939,0 139.71457,35.70969,0 139.71403,35.70977,0 139.71354,35.70987,0 139.71312,35.71009,0 139.71255,35.71039,0 139.71148,35.71101,0 139.71072,35.7113,0 139.71054,35.71133,0</coordinates></LineString></MultiGeometry></Placemark><Placemark><name>チケット｜禁止帯なし</name><description>08:00-20:00 / 60分 / 300円
１月１日〜３日を除く
対象: 普通車
駐停車禁止: 近傍に線なし (重なり0%)
駐車禁止: 08:00-20:00,終日 (重なり2%)</description><styleUrl>#tk</styleUrl><MultiGeometry><LineString><coordinates>139.76272,35.69877,0 139.76166,35.69913,0 139.76012,35.69966,0 139.75983,35.69977,0 139.7595,35.69994,0 139.75923,35.70016,0 139.75862,35.70072,0 139.75827,35.70109,0</coordinates></LineString></MultiGeometry></Placemark><Placemark><name>チケット｜禁止帯なし</name><description>09:00-19:00 / 60分 / 300円
日曜・休日を除く / １月１日〜３日を除く
対象: 普通車
駐停車禁止: 近傍に線なし (重なり0%)
駐車禁止: 07:00-22:00,終日 (重なり1%)</description><styleUrl>#tk</styleUrl><MultiGeometry><LineString><coordinates>139.72387,35.63707,0 139.72259,35.63925,0 139.72249,35.63962,0 139.72223,35.64146,0 139.72206,35.64185,0 139.72106,35.64302,0</coordinates></LineString><LineString><coordinates>139.7211,35.64318,0 139.72208,35.64209,0 139.72235,35.64163,0 139.72255,35.64027,0 139.72267,35.63943,0 139.72304,35.63876,0 139.72401,35.63709,0</coordinates></LineString></MultiGeometry></Placemark><Placemark><name>チケット｜禁止帯なし</name><description>09:00-19:00 / 60分 / 300円
日曜・休日を除く / １月１日〜３日を除く
対象: 普通車
駐停車禁止: 近傍に線なし (重なり0%)
駐車禁止: 08:00-20:00,終日 (重なり1%)</description><styleUrl>#tk</styleUrl><MultiGeometry><LineString><coordinates>139.71833,35.6253,0 139.71873,35.62586,0 139.71922,35.62758,0 139.71947,35.62811,0 139.72059,35.63011,0 139.72066,35.63034,0 139.72078,35.63119,0 139.72072,35.63154,0 139.71988,35.63404,0 139.71961,35.63456,0</coordinates></LineString><LineString><coordinates>139.71983,35.63476,0 139.72017,35.63412,0 139.72106,35.63144,0 139.72094,35.63032,0 139.72074,35.6298,0 139.71966,35.62789,0 139.71942,35.62723,0 139.71895,35.62569,0 139.7186,35.62518,0</coordinates></LineString></MultiGeometry></Placemark><Placemark><name>チケット｜駐停車禁止帯</name><description>09:00-19:00 / 60分 / 300円
日曜・休日を除く / １月１日〜３日を除く
対象: 普通車・貨物
駐停車禁止: 07:00-09:00 (重なり51%)
駐車禁止: 終日 (重なり1%)</description><styleUrl>#tk</styleUrl><MultiGeometry><LineString><coordinates>139.71901,35.59176,0 139.72119,35.59197,0 139.72275,35.59185,0 139.7232,35.59183,0 139.72395,35.59183,0 139.72432,35.59178,0 139.72468,35.59168,0 139.7255,35.5914,0 139.7263,35.59125,0 139.7266,35.59118,0 139.72813,35.59072,0</coordinates></LineString><LineString><coordinates>139.72813,35.59063,0 139.72614,35.59121,0 139.72568,35.59128,0 139.72546,35.59133,0 139.72467,35.59159,0 139.72431,35.5917,0 139.72394,35.59175,0 139.72319,35.59176,0 139.72273,35.59178,0 139.72117,35.59189,0 139.71873,35.59166,0</coordinates></LineString></MultiGeometry></Placemark><Placemark><name>チケット｜禁止帯なし</name><description>09:00-19:00 / 60分 / 300円
日曜・休日を除く / １月１日〜３日を除く
対象: 普通車
駐停車禁止: 近傍に線なし (重なり0%)
駐車禁止: 終日 (重なり5%)</description><styleUrl>#tk</styleUrl><MultiGeometry><LineString><coordinates>139.70978,35.56273,0 139.71095,35.56278,0 139.71158,35.5628,0 139.71231,35.56278,0 139.71311,35.56276,0 139.71432,35.56273,0 139.71497,35.56271,0</coordinates></LineString></MultiGeometry></Placemark><Placemark><name>チケット｜禁止帯なし</name><description>09:00-19:00 / 60分 / 300円
日曜・休日を除く / １月１日〜３日を除く
対象: 普通車
駐停車禁止: 近傍に線なし (重なり0%)
駐車禁止: 終日 (重なり23%)</description><styleUrl>#tk</styleUrl><MultiGeometry><LineString><coordinates>139.71478,35.56264,0 139.71318,35.56268,0 139.71153,35.56271,0 139.71029,35.56267,0 139.70954,35.56264,0</coordinates></LineString></MultiGeometry></Placemark><Placemark><name>チケット｜禁止帯なし</name><description>09:00-19:00 / 60分 / 300円
日曜・休日を除く / １月１日〜３日を除く
対象: 普通車
駐停車禁止: 近傍に線なし (重なり0%)
駐車禁止: 終日 (重なり27%)</description><styleUrl>#tk</styleUrl><MultiGeometry><LineString><coordinates>139.67909,35.64504,0 139.67822,35.6467,0</coordinates></LineString><LineString><coordinates>139.67834,35.64667,0 139.67917,35.6451,0</coordinates></LineString></MultiGeometry></Placemark><Placemark><name>チケット｜禁止帯なし</name><description>09:00-19:00 / 60分 / 300円
日曜・休日を除く / １月１日〜３日を除く
対象: 普通車
駐停車禁止: 近傍に線なし (重なり0%)
駐車禁止: 08:00-20:00,終日 (重なり1%)</description><styleUrl>#tk</styleUrl><MultiGeometry><LineString><coordinates>139.65311,35.63041,0 139.65268,35.63045,0 139.65241,35.63052,0 139.6514,35.63082,0 139.65132,35.63086,0 139.65081,35.63103,0 139.64992,35.6314,0 139.64954,35.63152,0 139.64889,35.63166,0 139.6481,35.63174,0 139.64695,35.63173,0 139.64595,35.63172,0 139.64515,35.63168,0 139.64434,35.63156,0 139.6437,35.63145,0 139.64246,35.63117,0 139.64066,35.6306,0 139.64054,35.63054,0</coordinates></LineString><LineString><coordinates>139.64051,35.63061,0 139.64064,35.63066,0 139.64242,35.63122,0 139.64353,35.6315,0 139.64428,35.63164,0 139.64526,35.63175,0 139.64595,35.63179,0 139.64696,35.63181,0 139.64828,35.6318,0 139.64922,35.63167,0 139.64959,35.63158,0 139.64979,35.63151,0 139.65025,35.63135,0 139.65086,35.63105,0 139.65133,35.63089,0 139.65142,35.63089,0 139.65181,35.63076,0 139.65244,35.63058,0 139.65293,35.6305,0 139.65341,35.63048,0</coordinates></LineString></MultiGeometry></Placemark><Placemark><name>チケット｜禁止帯なし</name><description>09:00-19:00 / 60分 / 300円
日曜・休日を除く / １月１日〜３日を除く
対象: 普通車・貨物
駐停車禁止: 近傍に線なし (重なり0%)
駐車禁止: 終日 (重なり8%)</description><styleUrl>#tk</styleUrl><MultiGeometry><LineString><coordinates>139.69252,35.65488,0 139.69177,35.65591,0 139.69111,35.65722,0</coordinates></LineString><LineString><coordinates>139.69122,35.65728,0 139.69191,35.65593,0 139.69266,35.6549,0</coordinates></LineString></MultiGeometry></Placemark><Placemark><name>チケット｜禁止帯なし</name><description>09:00-19:00 / 60分 / 300円
日曜・休日を除く / １月１日〜３日を除く
対象: 普通車・貨物
駐停車禁止: 17:00-19:00 (重なり1%)
駐車禁止: 終日 (重なり1%)</description><styleUrl>#tk</styleUrl><MultiGeometry><LineString><coordinates>139.70171,35.64744,0 139.70111,35.6478,0 139.70026,35.64833,0 139.70002,35.64843,0 139.69952,35.6486,0 139.69918,35.64877,0 139.69888,35.64896,0 139.69809,35.64957,0 139.69673,35.65079,0 139.69547,35.65192,0 139.69449,35.65279,0 139.69336,35.65381,0</coordinates></LineString><LineString><coordinates>139.69351,35.65384,0 139.69354,35.65381,0 139.69819,35.64963,0 139.69896,35.64905,0 139.6993,35.64883,0 139.69957,35.6487,0 139.70006,35.64854,0 139.70036,35.64841,0 139.7007,35.6482,0 139.70172,35.64757,0</coordinates></LineString></MultiGeometry></Placemark><Placemark><name>チケット｜禁止帯なし</name><description>09:00-19:00 / 60分 / 300円
日曜・休日を除く / １月１日〜３日を除く
対象: 普通車・貨物
駐停車禁止: 07:00-20:00 (重なり2%)
駐車禁止: 07:00-19:00,終日 (重なり2%)</description><styleUrl>#tk</styleUrl><MultiGeometry><LineString><coordinates>139.71138,35.64917,0 139.7129,35.65157,0 139.7132,35.65204,0 139.7133,35.6523,0 139.71365,35.65423,0 139.71361,35.65482,0 139.71389,35.65623,0 139.71406,35.65661,0 139.7149,35.658,0</coordinates></LineString><LineString><coordinates>139.71499,35.65793,0 139.71425,35.65673,0 139.71404,35.65634,0 139.7139,35.6558,0 139.71372,35.65488,0 139.71372,35.65465,0 139.71375,35.65423,0 139.71347,35.65268,0 139.7134,35.65224,0 139.71309,35.65165,0 139.71216,35.65021,0 139.71149,35.64912,0</coordinates></LineString></MultiGeometry></Placemark><Placemark><name>チケット｜禁止帯なし</name><description>09:00-19:00 / 60分 / 300円
日曜・休日を除く / １月１日〜３日を除く
対象: 普通車
駐停車禁止: 終日 (重なり2%)
駐車禁止: 08:00-20:00,終日 (重なり1%)</description><styleUrl>#tk</styleUrl><MultiGeometry><LineString><coordinates>139.72097,35.64367,0 139.72163,35.6445,0 139.72247,35.64668,0 139.72248,35.64678,0 139.72258,35.64708,0 139.72269,35.64749,0</coordinates></LineString><LineString><coordinates>139.72289,35.64744,0 139.72276,35.64707,0 139.72195,35.64492,0 139.72183,35.64451,0 139.72155,35.6441,0 139.72116,35.64361,0</coordinates></LineString></MultiGeometry></Placemark><Placemark><name>チケット｜禁止帯なし</name><description>09:00-19:00 / 60分 / 300円
日曜・休日を除く / １月１日〜３日を除く
対象: 普通車・貨物
駐停車禁止: 近傍に線なし (重なり0%)
駐車禁止: 終日 (重なり1%)</description><styleUrl>#tk</styleUrl><MultiGeometry><LineString><coordinates>139.73986,35.7155,0 139.73997,35.71557,0 139.74193,35.71668,0 139.74268,35.717,0 139.74285,35.71705,0 139.7441,35.71736,0</coordinates></LineString><LineString><coordinates>139.74419,35.71715,0 139.74308,35.71687,0 139.74286,35.71681,0 139.74208,35.71649,0 139.74015,35.71539,0 139.74004,35.71533,0</coordinates></LineString></MultiGeometry></Placemark><Placemark><name>チケット｜禁止帯なし</name><description>09:00-19:00 / 60分 / 300円
日曜・休日を除く / １月１日〜３日を除く
対象: 普通車・貨物
駐停車禁止: 近傍に線なし (重なり0%)
駐車禁止: 終日 (重なり8%)</description><styleUrl>#tk</styleUrl><MultiGeometry><LineString><coordinates>139.72052,35.68923,0 139.72068,35.68943,0 139.72183,35.69037,0 139.7232,35.69162,0</coordinates></LineString></MultiGeometry></Placemark><Placemark><name>チケット｜禁止帯なし</name><description>09:00-19:00 / 60分 / 300円
日曜・休日を除く / １月１日〜３日を除く
対象: 普通車・貨物
駐停車禁止: 近傍に線なし (重なり0%)
駐車禁止: 終日 (重なり11%)</description><styleUrl>#tk</styleUrl><MultiGeometry><LineString><coordinates>139.72299,35.69123,0 139.7218,35.69015,0 139.72071,35.68925,0</coordinates></LineString></MultiGeometry></Placemark><Placemark><name>チケット｜禁止帯なし</name><description>09:00-20:00 / 60分 / 300円
日曜・休日を除く / １月１日〜３日を除く
対象: 普通車・貨物
駐停車禁止: 近傍に線なし (重なり0%)
駐車禁止: 終日 (重なり22%)</description><styleUrl>#tk</styleUrl><MultiGeometry><LineString><coordinates>139.70507,35.71356,0 139.70525,35.71458,0</coordinates></LineString><LineString><coordinates>139.70531,35.71454,0 139.70514,35.71355,0</coordinates></LineString></MultiGeometry></Placemark><Placemark><name>チケット｜駐車禁止帯</name><description>09:00-19:00 / 60分 / 300円
日曜・休日を除く / １月１日〜３日を除く
対象: 普通車
駐停車禁止: 07:00-20:00 (重なり4%)
駐車禁止: 終日 (重なり36%)</description><styleUrl>#tk</styleUrl><MultiGeometry><LineString><coordinates>139.70351,35.70933,0 139.7049,35.709,0 139.70611,35.70882,0 139.70716,35.70853,0 139.70745,35.7085,0 139.70905,35.70848,0</coordinates></LineString><LineString><coordinates>139.70898,35.7084,0 139.70807,35.70841,0 139.70744,35.7084,0 139.70698,35.70846,0 139.70622,35.70866,0 139.70476,35.70885,0 139.70337,35.70916,0</coordinates></LineString></MultiGeometry></Placemark><Placemark><name>チケット｜禁止帯なし</name><description>09:00-19:00 / 60分 / 300円
日曜・休日を除く / １月１日〜３日を除く
対象: 普通車・貨物
駐停車禁止: 07:00-20:00 (重なり3%)
駐車禁止: 終日 (重なり3%)</description><styleUrl>#tk</styleUrl><MultiGeometry><LineString><coordinates>139.70925,35.70846,0 139.7103,35.70842,0 139.71205,35.70812,0 139.71478,35.70758,0 139.71514,35.70749,0 139.71572,35.70719,0 139.7163,35.70676,0 139.7168,35.70656,0 139.71739,35.70646,0 139.71804,35.70645,0 139.71864,35.70662,0</coordinates></LineString><LineString><coordinates>139.71877,35.70658,0 139.71843,35.70647,0 139.71802,35.70637,0 139.71725,35.70639,0 139.71662,35.70653,0 139.71621,35.70671,0 139.71555,35.70718,0 139.7151,35.70739,0 139.71246,35.70797,0 139.71047,35.70834,0 139.70931,35.70837,0</coordinates></LineString></MultiGeometry></Placemark><Placemark><name>チケット｜禁止帯なし</name><description>09:00-19:00 / 60分 / 300円
日曜・休日を除く / １月１日〜３日を除く
対象: 普通車
駐停車禁止: 近傍に線なし (重なり0%)
駐車禁止: 終日 (重なり5%)</description><styleUrl>#tk</styleUrl><MultiGeometry><LineString><coordinates>139.78806,35.69097,0 139.78783,35.69167,0 139.78768,35.69225,0 139.7876,35.69292,0 139.78761,35.69394,0</coordinates></LineString></MultiGeometry></Placemark><Placemark><name>チケット｜禁止帯なし</name><description>09:00-19:00 / 60分 / 300円
日曜・休日を除く / １月１日〜３日を除く
対象: 普通車・貨物
駐停車禁止: 近傍に線なし (重なり0%)
駐車禁止: 09:00-19:00,終日 (重なり4%)</description><styleUrl>#tk</styleUrl><MultiGeometry><LineString><coordinates>139.73076,35.70494,0 139.73077,35.70504,0 139.73082,35.70529,0 139.73115,35.70728,0 139.73117,35.7075,0 139.73123,35.70785,0 139.73124,35.70795,0 139.7313,35.70833,0 139.73133,35.7085,0 139.73136,35.70865,0 139.73148,35.7093,0 139.73151,35.70952,0 139.73151,35.70961,0</coordinates></LineString><LineString><coordinates>139.73168,35.70973,0 139.73168,35.70962,0 139.73167,35.70955,0 139.73163,35.70922,0 139.73158,35.70902,0 139.73156,35.70892,0 139.73154,35.70876,0 139.73148,35.70839,0 139.73146,35.70834,0 139.73141,35.708,0 139.73139,35.70784,0 139.73133,35.70752,0 139.73132,35.70744,0 139.7313,35.70728,0 139.73127,35.70713,0 139.73125,35.70704,0 139.73115,35.70645,0 139.73101,35.7056,0 139.73099,35.70552,0 139.73091,35.70503,0</coordinates></LineString></MultiGeometry></Placemark><Placemark><name>チケット｜禁止帯なし</name><description>09:00-19:00 / 60分 / 300円
日曜・休日を除く / １月１日〜３日を除く
対象: 普通車・貨物
駐停車禁止: 近傍に線なし (重なり0%)
駐車禁止: 終日 (重なり0%)</description><styleUrl>#tk</styleUrl><MultiGeometry><LineString><coordinates>139.69422,35.70957,0 139.69504,35.70933,0 139.69599,35.70905,0 139.69647,35.70891,0 139.6967,35.70885,0 139.69682,35.70882,0 139.69689,35.70881,0 139.69695,35.7088,0 139.69719,35.70875,0 139.69736,35.70873,0 139.6975,35.70872,0 139.69784,35.70871,0 139.69813,35.70873,0 139.69828,35.70874,0 139.69843,35.70877,0 139.69877,35.70884,0 139.69909,35.70895,0 139.69909,35.70895,0</coordinates></LineString><LineString><coordinates>139.69888,35.7088,0 139.6988,35.70878,0 139.69874,35.70876,0 139.69872,35.70875,0 139.6987,35.70875,0 139.69867,35.70874,0 139.69862,35.70873,0 139.69856,35.70872,0 139.69852,35.70871,0 139.69848,35.7087,0 139.69833,35.70868,0 139.69796,35.70865,0 139.6978,35.70864,0 139.69764,35.70864,0 139.69733,35.70867,0 139.69712,35.70869,0 139.69672,35.70877,0 139.69557,35.70909,0 139.69427,35.70945,0</coordinates></LineString></MultiGeometry></Placemark><Placemark><name>チケット｜駐車禁止帯</name><description>09:00-19:00 / 60分 / 300円
日曜・休日を除く / １月１日〜３日を除く
対象: 普通車
駐停車禁止: 近傍に線なし (重なり0%)
駐車禁止: 終日 (重なり50%)</description><styleUrl>#tk</styleUrl><MultiGeometry><LineString><coordinates>139.72198,35.72381,0 139.72148,35.72412,0 139.7209,35.72449,0 139.72015,35.72496,0</coordinates></LineString><LineString><coordinates>139.72033,35.72525,0 139.72215,35.72408,0</coordinates></LineString></MultiGeometry></Placemark><Placemark><name>チケット｜禁止帯なし</name><description>09:00-19:00 / 60分 / 300円
土・日曜、休日を除く / １月１日〜３日を除く
対象: 普通車・貨物
駐停車禁止: 近傍に線なし (重なり0%)
駐車禁止: 終日 (重なり3%)</description><styleUrl>#tk</styleUrl><MultiGeometry><LineString><coordinates>139.71522,35.74667,0 139.71603,35.74786,0 139.7163,35.74823,0 139.71651,35.74846,0</coordinates></LineString></MultiGeometry></Placemark><Placemark><name>チケット｜禁止帯なし</name><description>09:00-19:00 / 60分 / 300円
土・日曜、休日を除く / １月１日〜３日を除く
対象: 普通車
駐停車禁止: 近傍に線なし (重なり0%)
駐車禁止: 終日 (重なり1%)</description><styleUrl>#tk</styleUrl><MultiGeometry><LineString><coordinates>139.71712,35.74899,0 139.71702,35.74884,0 139.7164,35.74824,0 139.7154,35.74681,0</coordinates></LineString></MultiGeometry></Placemark><Placemark><name>チケット｜禁止帯なし</name><description>09:00-19:00 / 60分 / 300円
日曜・休日を除く / １月１日〜３日を除く
対象: 普通車・貨物
駐停車禁止: 近傍に線なし (重なり0%)
駐車禁止: 07:00-20:00 (重なり0%)</description><styleUrl>#tk</styleUrl><MultiGeometry><LineString><coordinates>139.73875,35.75915,0 139.74198,35.75905,0 139.74334,35.75892,0</coordinates></LineString><LineString><coordinates>139.74331,35.75881,0 139.74176,35.75894,0 139.73876,35.75904,0</coordinates></LineString></MultiGeometry></Placemark><Placemark><name>チケット｜禁止帯なし</name><description>09:00-19:00 / 60分 / 300円
日曜・休日を除く / １月１日〜３日を除く
対象: 普通車・貨物
駐停車禁止: 近傍に線なし (重なり0%)
駐車禁止: 終日 (重なり19%)</description><styleUrl>#tk</styleUrl><MultiGeometry><LineString><coordinates>139.78069,35.71736,0 139.78064,35.71744,0 139.78048,35.71908,0 139.78091,35.71998,0 139.78122,35.7206,0</coordinates></LineString><LineString><coordinates>139.78132,35.7205,0 139.78064,35.71917,0 139.78078,35.71782,0 139.7808,35.7175,0 139.78088,35.7174,0</coordinates></LineString></MultiGeometry></Placemark><Placemark><name>チケット｜禁止帯なし</name><description>09:00-19:00 / 60分 / 300円
土・日曜、休日を除く / １月１日〜３日を除く
対象: 普通車・貨物
駐停車禁止: 近傍に線なし (重なり0%)
駐車禁止: 終日 (重なり1%)</description><styleUrl>#tk</styleUrl><MultiGeometry><LineString><coordinates>139.7017,35.74977,0 139.70251,35.75016,0 139.7035,35.75047,0 139.70402,35.7506,0 139.70681,35.75186,0 139.70734,35.75208,0 139.70831,35.75223,0</coordinates></LineString><LineString><coordinates>139.70829,35.75212,0 139.70754,35.75204,0 139.70712,35.7519,0 139.70407,35.75053,0 139.70267,35.75013,0 139.70174,35.7497,0</coordinates></LineString></MultiGeometry></Placemark><Placemark><name>チケット｜禁止帯なし</name><description>09:00-19:00 / 60分 / 300円
土・日曜、休日を除く / １月１日〜３日を除く
対象: 普通車・貨物
駐停車禁止: 近傍に線なし (重なり0%)
駐車禁止: 近傍に線なし (重なり0%)</description><styleUrl>#tk</styleUrl><MultiGeometry><LineString><coordinates>139.74785,35.743,0 139.75008,35.74243,0 139.75252,35.74152,0 139.75315,35.74129,0 139.75346,35.74114,0 139.75362,35.74108,0</coordinates></LineString><LineString><coordinates>139.75353,35.74095,0 139.75341,35.74099,0 139.75333,35.74108,0 139.75099,35.74197,0 139.74994,35.74235,0 139.74783,35.74289,0</coordinates></LineString></MultiGeometry></Placemark><Placemark><name>チケット｜禁止帯なし</name><description>09:00-19:00 / 60分 / 300円
日曜・休日を除く / １月１日〜３日を除く
対象: 普通車
駐停車禁止: 近傍に線なし (重なり0%)
駐車禁止: 終日 (重なり3%)</description><styleUrl>#tk</styleUrl><MultiGeometry><LineString><coordinates>139.70803,35.69796,0 139.70892,35.69783,0 139.70951,35.69778,0</coordinates></LineString></MultiGeometry></Placemark><Placemark><name>チケット｜駐車禁止帯</name><description>09:00-19:00 / 60分 / 300円
日曜・休日を除く / １月１日〜３日を除く
対象: 普通車・貨物
駐停車禁止: 終日 (重なり4%)
駐車禁止: 終日 (重なり41%)</description><styleUrl>#tk</styleUrl><MultiGeometry><LineString><coordinates>139.71265,35.69767,0 139.71201,35.69765,0 139.71057,35.69762,0 139.70911,35.69765,0 139.70796,35.6978,0</coordinates></LineString></MultiGeometry></Placemark><Placemark><name>チケット｜禁止帯なし</name><description>09:00-19:00 / 60分 / 300円
日曜・休日を除く / １月１日〜３日を除く
対象: 普通車
駐停車禁止: 近傍に線なし (重なり0%)
駐車禁止: 近傍に線なし (重なり0%)</description><styleUrl>#tk</styleUrl><MultiGeometry><LineString><coordinates>139.76607,35.68276,0 139.76683,35.68311,0 139.76691,35.68319,0 139.76701,35.68333,0 139.76745,35.6842,0</coordinates></LineString><LineString><coordinates>139.76765,35.68412,0 139.76716,35.68317,0 139.76708,35.68307,0 139.76699,35.68298,0 139.76679,35.68286,0 139.76625,35.68261,0 139.76613,35.68257,0</coordinates></LineString></MultiGeometry></Placemark><Placemark><name>チケット｜禁止帯なし</name><description>09:00-19:00 / 60分 / 300円
日曜・休日を除く / １月１日〜３日を除く
対象: 普通車・貨物
駐停車禁止: 近傍に線なし (重なり0%)
駐車禁止: 近傍に線なし (重なり0%)</description><styleUrl>#tk</styleUrl><MultiGeometry><LineString><coordinates>139.76772,35.68454,0 139.76833,35.6862,0</coordinates></LineString><LineString><coordinates>139.76846,35.68624,0 139.76833,35.68586,0 139.76814,35.68536,0 139.76782,35.68449,0</coordinates></LineString></MultiGeometry></Placemark><Placemark><name>チケット｜禁止帯なし</name><description>09:00-19:00 / 60分 / 300円
日曜・休日を除く / １月１日〜３日を除く
対象: 普通車
駐停車禁止: 近傍に線なし (重なり0%)
駐車禁止: 終日 (重なり5%)</description><styleUrl>#tk</styleUrl><MultiGeometry><LineString><coordinates>139.71955,35.56289,0 139.72073,35.56288,0 139.72122,35.56286,0 139.72423,35.56277,0</coordinates></LineString><LineString><coordinates>139.72414,35.56265,0 139.72263,35.5627,0 139.72114,35.56274,0 139.72044,35.56277,0 139.71981,35.56277,0</coordinates></LineString></MultiGeometry></Placemark><Placemark><name>チケット｜禁止帯なし</name><description>09:00-19:00 / 60分 / 300円
日曜・休日を除く / １月１日〜３日を除く
対象: 普通車
駐停車禁止: 近傍に線なし (重なり0%)
駐車禁止: 終日 (重なり9%)</description><styleUrl>#tk</styleUrl><MultiGeometry><LineString><coordinates>139.70079,35.64312,0 139.70124,35.64425,0 139.70131,35.64463,0 139.7014,35.64589,0 139.70147,35.6461,0</coordinates></LineString><LineString><coordinates>139.70168,35.64606,0 139.70159,35.64587,0 139.70149,35.64442,0 139.70086,35.6428,0</coordinates></LineString></MultiGeometry></Placemark><Placemark><name>チケット｜禁止帯なし</name><description>09:00-19:00 / 60分 / 300円
日曜・休日を除く / １月１日〜３日を除く
対象: 普通車・貨物
駐停車禁止: 近傍に線なし (重なり0%)
駐車禁止: 近傍に線なし (重なり0%)</description><styleUrl>#tk</styleUrl><MultiGeometry><LineString><coordinates>139.65271,35.792,0 139.65001,35.79253,0</coordinates></LineString><LineString><coordinates>139.65003,35.79261,0 139.65284,35.79206,0</coordinates></LineString></MultiGeometry></Placemark><Placemark><name>チケット｜禁止帯なし</name><description>09:00-19:00 / 60分 / 300円
１月１日〜３日を除く
対象: 普通車
駐停車禁止: 近傍に線なし (重なり0%)
駐車禁止: 終日 (重なり2%)</description><styleUrl>#tk</styleUrl><MultiGeometry><LineString><coordinates>139.49453,35.66974,0 139.49391,35.66992,0 139.49381,35.66992,0 139.49278,35.67021,0</coordinates></LineString><LineString><coordinates>139.4928,35.67029,0 139.49383,35.67,0 139.49392,35.66995,0 139.49453,35.66978,0</coordinates></LineString></MultiGeometry></Placemark><Placemark><name>チケット｜駐車禁止帯</name><description>09:00-19:00 / 60分 / 300円
日曜・休日を除く / １月１日〜３日を除く
対象: 普通車
駐停車禁止: 近傍に線なし (重なり0%)
駐車禁止: 07:00-09:00 (重なり45%)</description><styleUrl>#tk</styleUrl><MultiGeometry><LineString><coordinates>139.82678,35.74777,0 139.82709,35.7483,0 139.82758,35.74914,0</coordinates></LineString><LineString><coordinates>139.82768,35.74911,0 139.82744,35.74872,0 139.82719,35.74828,0 139.82688,35.74774,0</coordinates></LineString></MultiGeometry></Placemark><Placemark><name>チケット｜禁止帯なし</name><description>09:00-19:00 / 60分 / 300円
日曜・休日を除く / １月１日〜３日を除く
対象: 普通車
駐停車禁止: 近傍に線なし (重なり0%)
駐車禁止: 終日 (重なり5%)</description><styleUrl>#tk</styleUrl><MultiGeometry><LineString><coordinates>139.70289,35.61978,0 139.69973,35.62217,0</coordinates></LineString><LineString><coordinates>139.70009,35.62203,0 139.70302,35.6198,0</coordinates></LineString></MultiGeometry></Placemark><Placemark><name>チケット｜禁止帯なし</name><description>09:00-19:00 / 60分 / 300円
日曜・休日を除く / １月１日〜３日を除く
対象: 普通車・貨物
駐停車禁止: 近傍に線なし (重なり0%)
駐車禁止: 終日 (重なり3%)</description><styleUrl>#tk</styleUrl><MultiGeometry><LineString><coordinates>139.66061,35.79039,0 139.66044,35.78986,0</coordinates></LineString></MultiGeometry></Placemark><Placemark><name>チケット｜禁止帯なし</name><description>09:00-19:00 / 60分 / 300円
日曜・休日を除く / １月１日〜３日を除く
対象: 普通車・貨物
駐停車禁止: 近傍に線なし (重なり0%)
駐車禁止: 終日 (重なり0%)</description><styleUrl>#tk</styleUrl><MultiGeometry><LineString><coordinates>139.66005,35.7887,0 139.65898,35.78564,0 139.65816,35.78326,0</coordinates></LineString><LineString><coordinates>139.65796,35.78327,0 139.65894,35.78601,0 139.65989,35.78872,0</coordinates></LineString></MultiGeometry></Placemark><Placemark><name>チケット｜駐停車禁止帯</name><description>09:00-19:00 / 60分 / 300円
日曜・休日を除く / １月１日〜３日を除く
対象: 普通車
駐停車禁止: 終日 (重なり42%)
駐車禁止: 終日 (重なり8%)</description><styleUrl>#tk</styleUrl><MultiGeometry><LineString><coordinates>139.76548,35.70016,0 139.76553,35.70036,0 139.76574,35.70083,0 139.76579,35.70102,0 139.76598,35.70143,0</coordinates></LineString><LineString><coordinates>139.76616,35.70133,0 139.76567,35.70024,0 139.76564,35.7001,0</coordinates></LineString></MultiGeometry></Placemark><Placemark><name>チケット｜駐停車禁止帯</name><description>09:00-19:00 / 60分 / 300円
日曜・休日を除く / １月１日〜３日を除く
対象: 普通車・貨物
駐停車禁止: 07:30-09:00 (重なり49%)
駐車禁止: 終日 (重なり1%)</description><styleUrl>#tk</styleUrl><MultiGeometry><LineString><coordinates>139.72807,35.64692,0 139.72899,35.64717,0 139.72926,35.64723,0 139.73058,35.64727,0 139.73175,35.64742,0 139.73217,35.64747,0 139.73256,35.64748,0 139.73307,35.64743,0 139.73328,35.64735,0 139.73412,35.64694,0 139.73434,35.64686,0 139.73569,35.64666,0 139.73583,35.64667,0</coordinates></LineString><LineString><coordinates>139.73576,35.6465,0 139.7347,35.64665,0 139.73423,35.64674,0 139.73384,35.6469,0 139.73313,35.64726,0 139.73266,35.64734,0 139.73181,35.6473,0 139.73065,35.64713,0 139.73007,35.64709,0 139.72926,35.64708,0 139.72885,35.64699,0 139.72811,35.64678,0</coordinates></LineString></MultiGeometry></Placemark><Placemark><name>チケット｜駐車禁止帯</name><description>09:00-19:00 / 60分 / 300円
日曜・休日を除く / １月１日〜３日を除く
対象: 普通車・貨物
駐停車禁止: 近傍に線なし (重なり0%)
駐車禁止: 終日 (重なり49%)</description><styleUrl>#tk</styleUrl><MultiGeometry><LineString><coordinates>139.75342,35.70864,0 139.75268,35.71105,0 139.75263,35.71127,0 139.75216,35.71354,0 139.75172,35.71616,0 139.75122,35.71889,0 139.7512,35.71898,0 139.75116,35.7191,0 139.7511,35.71924,0 139.75094,35.71951,0 139.75083,35.71966,0 139.7507,35.7198,0 139.75057,35.71994,0 139.74984,35.72063,0 139.74782,35.72258,0</coordinates></LineString><LineString><coordinates>139.74802,35.72276,0 139.74809,35.72269,0 139.7498,35.72104,0 139.75016,35.72069,0 139.75088,35.71999,0 139.75106,35.7198,0 139.75119,35.71964,0 139.75124,35.71957,0 139.75134,35.71938,0 139.75149,35.71899,0 139.75212,35.71545,0 139.75228,35.71462,0 139.75234,35.7142,0 139.75248,35.71337,0 139.75261,35.71268,0 139.7529,35.71136,0 139.75297,35.71107,0 139.75366,35.70881,0</coordinates></LineString></MultiGeometry></Placemark><Placemark><name>チケット｜禁止帯なし</name><description>09:00-19:00 / 60分 / 300円
日曜・休日を除く / １月１日〜３日を除く
対象: 普通車・貨物
駐停車禁止: 近傍に線なし (重なり0%)
駐車禁止: 終日 (重なり26%)</description><styleUrl>#tk</styleUrl><MultiGeometry><LineString><coordinates>139.72596,35.73276,0 139.72638,35.73385,0</coordinates></LineString><LineString><coordinates>139.72649,35.7338,0 139.72607,35.73274,0</coordinates></LineString></MultiGeometry></Placemark><Placemark><name>チケット｜駐停車禁止帯</name><description>09:00-19:00 / 60分 / 300円
日曜・休日を除く / １月１日〜３日を除く
対象: 普通車・貨物
駐停車禁止: 07:30-09:00,終日 (重なり37%)
駐車禁止: 09:00-19:00,終日 (重なり0%)</description><styleUrl>#tk</styleUrl><MultiGeometry><LineString><coordinates>139.77843,35.71219,0 139.77904,35.71205,0 139.78202,35.71151,0 139.78469,35.71102,0 139.78771,35.7105,0 139.78958,35.71015,0 139.79129,35.7098,0 139.79332,35.70931,0 139.79486,35.70907,0 139.79581,35.70896,0</coordinates></LineString><LineString><coordinates>139.79577,35.7088,0 139.79357,35.70911,0 139.79171,35.70952,0 139.78907,35.71007,0 139.78615,35.71063,0 139.78373,35.71106,0 139.78211,35.71136,0 139.78085,35.71156,0 139.7792,35.71185,0 139.77822,35.71205,0</coordinates></LineString></MultiGeometry></Placemark><Placemark><name>チケット｜駐車禁止帯</name><description>09:00-19:00 / 60分 / 300円
日曜・休日を除く / １月１日〜３日を除く
対象: 普通車
駐停車禁止: 近傍に線なし (重なり0%)
駐車禁止: 終日 (重なり98%)</description><styleUrl>#tk</styleUrl><MultiGeometry><LineString><coordinates>139.8268,35.74686,0 139.82881,35.74633,0</coordinates></LineString></MultiGeometry></Placemark><Placemark><name>チケット｜禁止帯なし</name><description>09:00-20:00 / 60分 / 300円
日曜・休日を除く / １月１日〜３日を除く
対象: 普通車・貨物
駐停車禁止: 近傍に線なし (重なり0%)
駐車禁止: 終日 (重なり11%)</description><styleUrl>#tk</styleUrl><MultiGeometry><LineString><coordinates>139.69189,35.66796,0 139.69267,35.66816,0 139.69295,35.66823,0 139.69311,35.66826,0 139.69334,35.66829,0 139.69351,35.6683,0 139.69437,35.66834,0 139.70003,35.66855,0 139.70024,35.66858,0 139.70063,35.66868,0 139.70084,35.66874,0 139.7019,35.66919,0</coordinates></LineString><LineString><coordinates>139.70176,35.66895,0 139.70088,35.66857,0 139.70061,35.66847,0 139.70029,35.66839,0 139.70009,35.66836,0 139.6944,35.66814,0 139.6937,35.66813,0 139.69346,35.66812,0 139.69323,35.6681,0 139.69301,35.66806,0 139.69197,35.66779,0</coordinates></LineString></MultiGeometry></Placemark><Placemark><name>チケット｜駐車禁止帯</name><description>09:00-19:00 / 60分 / 300円
日曜・休日を除く / １月１日〜３日を除く
対象: 普通車
駐停車禁止: 近傍に線なし (重なり0%)
駐車禁止: 終日 (重なり40%)</description><styleUrl>#tk</styleUrl><MultiGeometry><LineString><coordinates>139.7097,35.70087,0 139.71014,35.70095,0 139.71162,35.70137,0 139.71237,35.70141,0 139.71294,35.70142,0</coordinates></LineString><LineString><coordinates>139.71292,35.7013,0 139.71258,35.70129,0 139.7121,35.7013,0 139.7114,35.70122,0 139.70969,35.70078,0</coordinates></LineString></MultiGeometry></Placemark><Placemark><name>チケット｜禁止帯なし</name><description>09:00-19:00 / 60分 / 300円
日曜・休日を除く / １月１日〜３日を除く
対象: 普通車
駐停車禁止: 近傍に線なし (重なり0%)
駐車禁止: 終日 (重なり5%)</description><styleUrl>#tk</styleUrl><MultiGeometry><LineString><coordinates>139.69024,35.79168,0 139.68943,35.79208,0 139.68879,35.79248,0 139.6884,35.79279,0</coordinates></LineString></MultiGeometry></Placemark><Placemark><name>チケット｜禁止帯なし</name><description>09:00-19:00 / 60分 / 300円
日曜・休日を除く / １月１日〜３日を除く
対象: 普通車・貨物
駐停車禁止: 近傍に線なし (重なり0%)
駐車禁止: 近傍に線なし (重なり0%)</description><styleUrl>#tk</styleUrl><MultiGeometry><LineString><coordinates>139.77655,35.66555,0 139.77665,35.66557,0 139.77674,35.66559,0 139.77686,35.66565,0 139.77741,35.66616,0 139.77761,35.66643,0</coordinates></LineString><LineString><coordinates>139.77763,35.6663,0 139.77749,35.66611,0 139.77695,35.66561,0 139.77689,35.66557,0 139.7768,35.66553,0 139.77665,35.66548,0</coordinates></LineString></MultiGeometry></Placemark><Placemark><name>チケット｜禁止帯なし</name><description>09:00-19:00 / 60分 / 300円
土・日曜、休日を除く / １月１日〜３日を除く
対象: 普通車
駐停車禁止: 近傍に線なし (重なり0%)
駐車禁止: 終日 (重なり14%)</description><styleUrl>#tk</styleUrl><MultiGeometry><LineString><coordinates>139.75828,35.73231,0 139.757,35.73306,0 139.75637,35.73344,0</coordinates></LineString><LineString><coordinates>139.75645,35.73352,0 139.75835,35.73239,0</coordinates></LineString></MultiGeometry></Placemark><Placemark><name>チケット｜禁止帯なし</name><description>09:00-19:00 / 60分 / 300円
１月１日〜３日を除く
対象: 普通車・貨物
駐停車禁止: 近傍に線なし (重なり0%)
駐車禁止: 終日 (重なり21%)</description><styleUrl>#tk</styleUrl><MultiGeometry><LineString><coordinates>139.41956,35.69311,0 139.4204,35.6928,0</coordinates></LineString><LineString><coordinates>139.42038,35.69273,0 139.41952,35.69303,0</coordinates></LineString></MultiGeometry></Placemark><Placemark><name>チケット｜禁止帯なし</name><description>09:00-19:00 / 60分 / 300円
日曜・休日を除く / １月１日〜３日を除く
対象: 普通車
駐停車禁止: 近傍に線なし (重なり0%)
駐車禁止: 終日 (重なり11%)</description><styleUrl>#tk</styleUrl><MultiGeometry><LineString><coordinates>139.7035,35.63923,0 139.70259,35.64029,0 139.70085,35.64236,0</coordinates></LineString><LineString><coordinates>139.70087,35.64275,0 139.70203,35.64136,0 139.7035,35.63951,0</coordinates></LineString></MultiGeometry></Placemark><Placemark><name>チケット｜駐車禁止帯</name><description>09:00-19:00 / 60分 / 300円
日曜・休日を除く / １月１日〜３日を除く
対象: 普通車・貨物
駐停車禁止: 近傍に線なし (重なり0%)
駐車禁止: 00:00-09:00,07:00-22:00 (重なり100%)</description><styleUrl>#tk</styleUrl><MultiGeometry><LineString><coordinates>139.74731,35.63173,0 139.75024,35.63154,0</coordinates></LineString></MultiGeometry></Placemark><Placemark><name>チケット｜駐車禁止帯</name><description>09:00-19:00 / 60分 / 300円
日曜・休日を除く / １月１日〜３日を除く
対象: 普通車・貨物
駐停車禁止: 近傍に線なし (重なり0%)
駐車禁止: 00:00-09:00 (重なり96%)</description><styleUrl>#tk</styleUrl><MultiGeometry><LineString><coordinates>139.75022,35.63131,0 139.74878,35.63141,0</coordinates></LineString></MultiGeometry></Placemark><Placemark><name>チケット｜駐車禁止帯</name><description>09:00-19:00 / 60分 / 300円
１月１日〜３日を除く
対象: 普通車
駐停車禁止: 近傍に線なし (重なり0%)
駐車禁止: 終日 (重なり74%)</description><styleUrl>#tk</styleUrl><MultiGeometry><LineString><coordinates>139.47269,35.53605,0 139.47272,35.53623,0 139.47271,35.53636,0 139.47268,35.53658,0</coordinates></LineString></MultiGeometry></Placemark><Placemark><name>チケット｜駐車禁止帯</name><description>09:00-19:00 / 60分 / 300円
１月１日〜３日を除く
対象: 普通車
駐停車禁止: 近傍に線なし (重なり0%)
駐車禁止: 終日 (重なり58%)</description><styleUrl>#tk</styleUrl><MultiGeometry><LineString><coordinates>139.47283,35.53635,0 139.47288,35.53627,0 139.47295,35.53621,0 139.47363,35.53581,0</coordinates></LineString></MultiGeometry></Placemark><Placemark><name>チケット｜禁止帯なし</name><description>09:00-19:00 / 60分 / 300円
日曜・休日を除く / １月１日〜３日を除く
対象: 普通車
駐停車禁止: 近傍に線なし (重なり0%)
駐車禁止: 終日 (重なり4%)</description><styleUrl>#tk</styleUrl><MultiGeometry><LineString><coordinates>139.68097,35.64197,0 139.68004,35.64322,0 139.67957,35.64413,0</coordinates></LineString></MultiGeometry></Placemark><Placemark><name>チケット｜禁止帯なし</name><description>09:00-19:00 / 60分 / 300円
日曜・休日を除く / １月１日〜３日を除く
対象: 普通車
駐停車禁止: 近傍に線なし (重なり0%)
駐車禁止: 終日 (重なり26%)</description><styleUrl>#tk</styleUrl><MultiGeometry><LineString><coordinates>139.67967,35.64415,0 139.68014,35.64326,0 139.68117,35.64186,0 139.68154,35.64134,0</coordinates></LineString></MultiGeometry></Placemark><Placemark><name>チケット｜禁止帯なし</name><description>09:00-19:00 / 60分 / 300円
日曜・休日を除く / １月１日〜３日を除く
対象: 普通車
駐停車禁止: 近傍に線なし (重なり0%)
駐車禁止: 07:00-22:00,終日 (重なり4%)</description><styleUrl>#tk</styleUrl><MultiGeometry><LineString><coordinates>139.75044,35.63391,0 139.74941,35.63427,0 139.74846,35.63457,0 139.74816,35.63468,0</coordinates></LineString><LineString><coordinates>139.74819,35.63473,0 139.74847,35.63466,0 139.74943,35.63434,0 139.75049,35.63402,0</coordinates></LineString></MultiGeometry></Placemark><Placemark><name>チケット｜禁止帯なし</name><description>09:00-19:00 / 60分 / 300円
日曜・休日を除く / １月１日〜３日を除く
対象: 普通車・貨物
駐停車禁止: 近傍に線なし (重なり0%)
駐車禁止: 終日 (重なり1%)</description><styleUrl>#tk</styleUrl><MultiGeometry><LineString><coordinates>139.72268,35.70836,0 139.72443,35.70793,0 139.72569,35.70759,0 139.72675,35.70754,0</coordinates></LineString><LineString><coordinates>139.7268,35.70739,0 139.72566,35.70748,0 139.72397,35.7079,0 139.72251,35.70825,0</coordinates></LineString></MultiGeometry></Placemark><Placemark><name>チケット｜禁止帯なし</name><description>09:00-19:00 / 60分 / 300円
日曜・休日を除く / １月１日〜３日を除く
対象: 普通車・貨物
駐停車禁止: 近傍に線なし (重なり0%)
駐車禁止: 終日 (重なり4%)</description><styleUrl>#tk</styleUrl><MultiGeometry><LineString><coordinates>139.77388,35.66362,0 139.77524,35.66465,0</coordinates></LineString><LineString><coordinates>139.7753,35.6646,0 139.77388,35.66351,0</coordinates></LineString></MultiGeometry></Placemark><Placemark><name>チケット｜駐車禁止帯</name><description>09:00-19:00 / 60分 / 300円
日曜・休日を除く / １月１日〜３日を除く
対象: 普通車
駐停車禁止: 近傍に線なし (重なり0%)
駐車禁止: 終日 (重なり94%)</description><styleUrl>#tk</styleUrl><MultiGeometry><LineString><coordinates>139.7684,35.68633,0 139.76861,35.68689,0</coordinates></LineString></MultiGeometry></Placemark><Placemark><name>チケット｜駐車禁止帯</name><description>07:00-20:00 / 40分 / 200円
１月１日〜３日を除く
対象: 普通車・貨物
駐停車禁止: 07:00-20:00,終日 (重なり11%)
駐車禁止: 20:00-07:00,終日 (重なり48%)</description><styleUrl>#tk</styleUrl><MultiGeometry><LineString><coordinates>139.70155,35.69365,0 139.70342,35.69322,0 139.70452,35.69289,0</coordinates></LineString><LineString><coordinates>139.70444,35.69268,0 139.70308,35.69307,0 139.70146,35.69344,0</coordinates></LineString></MultiGeometry></Placemark><Placemark><name>チケット｜禁止帯なし</name><description>07:00-20:00 / 40分 / 200円
１月１日〜３日を除く
対象: 普通車・貨物
駐停車禁止: 近傍に線なし (重なり0%)
駐車禁止: 終日 (重なり22%)</description><styleUrl>#tk</styleUrl><MultiGeometry><LineString><coordinates>139.70164,35.69084,0 139.70153,35.6918,0</coordinates></LineString><LineString><coordinates>139.70159,35.69179,0 139.70171,35.69087,0</coordinates></LineString></MultiGeometry></Placemark><Placemark><name>チケット｜駐停車禁止帯</name><description>09:00-19:00 / 60分 / 300円
１月１日〜３日を除く
対象: 普通車・貨物
駐停車禁止: 07:30-09:00 (重なり100%)
駐車禁止: 終日 (重なり3%)</description><styleUrl>#tk</styleUrl><MultiGeometry><LineString><coordinates>139.79879,35.71584,0 139.80161,35.71521,0</coordinates></LineString></MultiGeometry></Placemark><Placemark><name>チケット｜駐停車禁止帯</name><description>09:00-19:00 / 60分 / 300円
１月１日〜３日を除く
対象: 普通車・貨物
駐停車禁止: 07:30-09:00 (重なり99%)
駐車禁止: 終日 (重なり3%)</description><styleUrl>#tk</styleUrl><MultiGeometry><LineString><coordinates>139.80158,35.71508,0 139.79966,35.71552,0 139.79942,35.71558,0</coordinates></LineString></MultiGeometry></Placemark><Placemark><name>チケット｜禁止帯なし</name><description>09:00-19:00 / 60分 / 300円
日曜・休日を除く / １月１日〜３日を除く
対象: 普通車・貨物
駐停車禁止: 近傍に線なし (重なり0%)
駐車禁止: 近傍に線なし (重なり0%)</description><styleUrl>#tk</styleUrl><MultiGeometry><LineString><coordinates>139.6578,35.78303,0 139.65434,35.78396,0</coordinates></LineString><LineString><coordinates>139.65443,35.78419,0 139.65795,35.78326,0</coordinates></LineString></MultiGeometry></Placemark><Placemark><name>チケット｜駐車禁止帯</name><description>09:00-20:00 / 60分 / 100円
１月１日〜３日を除く
対象: 二輪
駐停車禁止: 近傍に線なし (重なり0%)
駐車禁止: 20:00-09:00,終日 (重なり48%)</description><styleUrl>#tk</styleUrl><MultiGeometry><LineString><coordinates>139.71069,35.66613,0 139.71246,35.6653,0</coordinates></LineString><LineString><coordinates>139.71233,35.66518,0 139.71145,35.6656,0 139.71056,35.66602,0</coordinates></LineString></MultiGeometry></Placemark><Placemark><name>チケット｜駐車禁止帯</name><description>09:00-20:00 / 60分 / 300円
１月１日〜３日を除く
対象: 普通車
駐停車禁止: 近傍に線なし (重なり0%)
駐車禁止: 終日 (重なり100%)</description><styleUrl>#tk</styleUrl><MultiGeometry><LineString><coordinates>139.70279,35.66999,0 139.70283,35.67015,0 139.70284,35.6703,0 139.70285,35.67043,0 139.70283,35.67065,0 139.70281,35.67071,0 139.70281,35.6709,0 139.70285,35.67108,0 139.70296,35.67145,0 139.703,35.67161,0 139.70306,35.67187,0 139.70316,35.6721,0 139.70333,35.67245,0 139.70343,35.67272,0</coordinates></LineString></MultiGeometry></Placemark><Placemark><name>チケット｜駐停車禁止帯</name><description>10:00-20:00 / 60分 / 300円
日曜・休日を除く / １月１日〜３日を除く
対象: 普通車・貨物
駐停車禁止: 07:30-09:30 (重なり52%)
駐車禁止: 終日 (重なり9%)</description><styleUrl>#tk</styleUrl><MultiGeometry><LineString><coordinates>139.80924,35.66939,0 139.81198,35.66945,0</coordinates></LineString><LineString><coordinates>139.81197,35.6693,0 139.81086,35.66925,0 139.809,35.66923,0</coordinates></LineString></MultiGeometry></Placemark><Placemark><name>チケット｜禁止帯なし</name><description>09:00-19:00 / 60分 / 300円
日曜・休日を除く / １月１日〜３日を除く
対象: 普通車・貨物
駐停車禁止: 近傍に線なし (重なり0%)
駐車禁止: 終日 (重なり24%)</description><styleUrl>#tk</styleUrl><MultiGeometry><LineString><coordinates>139.77335,35.7284,0 139.77527,35.72638,0 139.77562,35.72604,0 139.77853,35.72417,0</coordinates></LineString></MultiGeometry></Placemark><Placemark><name>チケット｜禁止帯なし</name><description>09:00-19:00 / 60分 / 300円
日曜・休日を除く / １月１日〜３日を除く
対象: 普通車
駐停車禁止: 近傍に線なし (重なり0%)
駐車禁止: 終日 (重なり6%)</description><styleUrl>#tk</styleUrl><MultiGeometry><LineString><coordinates>139.77846,35.72401,0 139.77632,35.72542,0 139.77536,35.72606,0 139.77471,35.72676,0 139.77425,35.72726,0</coordinates></LineString></MultiGeometry></Placemark><Placemark><name>チケット｜禁止帯なし</name><description>09:00-19:00 / 60分 / 300円
日曜・休日を除く / １月１日〜３日を除く
対象: 普通車・貨物
駐停車禁止: 近傍に線なし (重なり0%)
駐車禁止: 09:00-19:00 (重なり19%)</description><styleUrl>#tk</styleUrl><MultiGeometry><LineString><coordinates>139.7655,35.67863,0 139.76551,35.67863,0 139.76537,35.67823,0 139.76528,35.6779,0</coordinates></LineString></MultiGeometry></Placemark><Placemark><name>チケット｜禁止帯なし</name><description>09:00-19:00 / 60分 / 300円
土・日曜、休日を除く / １月１日〜３日を除く
対象: 普通車
駐停車禁止: 近傍に線なし (重なり0%)
駐車禁止: 終日 (重なり11%)</description><styleUrl>#tk</styleUrl><MultiGeometry><LineString><coordinates>139.75983,35.73139,0 139.75947,35.7316,0 139.75911,35.73181,0</coordinates></LineString><LineString><coordinates>139.7592,35.73189,0 139.75993,35.73146,0</coordinates></LineString></MultiGeometry></Placemark><Placemark><name>チケット｜禁止帯なし</name><description>09:00-19:00 / 60分 / 300円
日曜・休日を除く / １月１日〜３日を除く
対象: 普通車・貨物
駐停車禁止: 近傍に線なし (重なり0%)
駐車禁止: 終日 (重なり4%)</description><styleUrl>#tk</styleUrl><MultiGeometry><LineString><coordinates>139.76997,35.66918,0 139.77092,35.6685,0 139.77202,35.66775,0</coordinates></LineString></MultiGeometry></Placemark><Placemark><name>チケット｜禁止帯なし</name><description>09:00-19:00 / 60分 / 300円
日曜・休日を除く / １月１日〜３日を除く
対象: 普通車・貨物
駐停車禁止: 近傍に線なし (重なり0%)
駐車禁止: 終日 (重なり20%)</description><styleUrl>#tk</styleUrl><MultiGeometry><LineString><coordinates>139.77472,35.66741,0 139.77436,35.66765,0 139.77406,35.66785,0 139.774,35.66789,0 139.77367,35.66812,0 139.77369,35.66811,0 139.77368,35.66811,0</coordinates></LineString></MultiGeometry></Placemark><Placemark><name>チケット｜駐停車禁止帯</name><description>09:00-19:00 / 60分 / 300円
日曜・休日を除く / １月１日〜３日を除く
対象: 普通車・貨物
駐停車禁止: 07:30-09:00 (重なり51%)
駐車禁止: 近傍に線なし (重なり0%)</description><styleUrl>#tk</styleUrl><MultiGeometry><LineString><coordinates>139.72563,35.64679,0 139.72683,35.64685,0 139.72783,35.64688,0</coordinates></LineString><LineString><coordinates>139.72788,35.64671,0 139.72777,35.64668,0 139.72744,35.64664,0 139.72626,35.64662,0 139.72576,35.64658,0</coordinates></LineString></MultiGeometry></Placemark><Placemark><name>チケット｜禁止帯なし</name><description>07:00-20:00 / 60分 / 300円
１月１日〜３日を除く
対象: 普通車
駐停車禁止: 近傍に線なし (重なり0%)
駐車禁止: 近傍に線なし (重なり0%)</description><styleUrl>#tk</styleUrl><MultiGeometry><LineString><coordinates>139.76986,35.69649,0 139.77053,35.69673,0</coordinates></LineString></MultiGeometry></Placemark><Placemark><name>チケット｜駐車禁止帯</name><description>09:00-21:00 / 60分 / 100円
１月１日〜３日を除く
対象: 二輪
駐停車禁止: 近傍に線なし (重なり0%)
駐車禁止: 21:00-01:00,終日 (重なり100%)</description><styleUrl>#tk</styleUrl><MultiGeometry><LineString><coordinates>139.76064,35.66777,0 139.76025,35.6679,0</coordinates></LineString></MultiGeometry></Placemark><Placemark><name>チケット｜駐車禁止帯</name><description>09:00-19:00 / 60分 / 100円
１月１日〜３日を除く
対象: 二輪
駐停車禁止: 近傍に線なし (重なり0%)
駐車禁止: 終日 (重なり100%)</description><styleUrl>#tk</styleUrl><MultiGeometry><LineString><coordinates>139.41229,35.69938,0 139.41242,35.69911,0</coordinates></LineString></MultiGeometry></Placemark><Placemark><name>チケット｜禁止帯なし</name><description>09:00-19:00 / 60分 / 300円
日曜・休日を除く / １月１日〜３日を除く
対象: 普通車
駐停車禁止: 近傍に線なし (重なり0%)
駐車禁止: 近傍に線なし (重なり0%)</description><styleUrl>#tk</styleUrl><MultiGeometry><LineString><coordinates>139.75907,35.69097,0 139.76011,35.69099,0 139.76027,35.69099,0 139.76069,35.69098,0</coordinates></LineString></MultiGeometry></Placemark><Placemark><name>チケット｜禁止帯なし</name><description>09:00-19:00 / 60分 / 300円
日曜・休日を除く / １月１日〜３日を除く
対象: 普通車・貨物
駐停車禁止: 近傍に線なし (重なり0%)
駐車禁止: 終日 (重なり1%)</description><styleUrl>#tk</styleUrl><MultiGeometry><LineString><coordinates>139.65574,35.7915,0 139.65781,35.79108,0 139.66023,35.79062,0 139.66023,35.79062,0</coordinates></LineString></MultiGeometry></Placemark><Placemark><name>チケット｜禁止帯なし</name><description>09:00-19:00 / 60分 / 300円
日曜・休日を除く / １月１日〜３日を除く
対象: 普通車・貨物
駐停車禁止: 近傍に線なし (重なり0%)
駐車禁止: 終日 (重なり1%)</description><styleUrl>#tk</styleUrl><MultiGeometry><LineString><coordinates>139.66019,35.79055,0 139.65568,35.79144,0</coordinates></LineString></MultiGeometry></Placemark><Placemark><name>チケット｜禁止帯なし</name><description>09:00-19:00 / 60分 / 300円
日曜・休日を除く / １月１日〜３日を除く
対象: 普通車
駐停車禁止: 近傍に線なし (重なり0%)
駐車禁止: 終日 (重なり14%)</description><styleUrl>#tk</styleUrl><MultiGeometry><LineString><coordinates>139.7481,35.70693,0 139.74961,35.70704,0 139.75107,35.70698,0</coordinates></LineString></MultiGeometry></Placemark><Placemark><name>チケット｜禁止帯なし</name><description>09:00-19:00 / 60分 / 300円
日曜・休日を除く / １月１日〜３日を除く
対象: 普通車
駐停車禁止: 近傍に線なし (重なり0%)
駐車禁止: 終日 (重なり16%)</description><styleUrl>#tk</styleUrl><MultiGeometry><LineString><coordinates>139.74831,35.70685,0 139.74976,35.70695,0 139.75093,35.70689,0</coordinates></LineString></MultiGeometry></Placemark><Placemark><name>チケット｜禁止帯なし</name><description>09:00-19:00 / 60分 / 300円
日曜・休日を除く / １月１日〜３日を除く
対象: 普通車・貨物
駐停車禁止: 近傍に線なし (重なり0%)
駐車禁止: 終日 (重なり6%)</description><styleUrl>#tk</styleUrl><MultiGeometry><LineString><coordinates>139.7476,35.64881,0 139.74883,35.64868,0</coordinates></LineString></MultiGeometry></Placemark><Placemark><name>チケット｜禁止帯なし</name><description>09:00-19:00 / 60分 / 300円
日曜・休日を除く / １月１日〜３日を除く
対象: 普通車
駐停車禁止: 近傍に線なし (重なり0%)
駐車禁止: 06:00-09:00 (重なり22%)</description><styleUrl>#tk</styleUrl><MultiGeometry><LineString><coordinates>139.74578,35.65493,0 139.74598,35.65487,0 139.74613,35.65483,0 139.74626,35.65478,0 139.74654,35.65464,0 139.74676,35.65453,0 139.74695,35.65445,0 139.74707,35.65441,0 139.74738,35.65433,0 139.74768,35.65429,0 139.74796,35.65427,0 139.74852,35.65421,0 139.74901,35.65415,0</coordinates></LineString></MultiGeometry></Placemark><Placemark><name>チケット｜駐車禁止帯</name><description>09:00-19:00 / 60分 / 300円
日曜・休日を除く / １月１日〜３日を除く
対象: 普通車
駐停車禁止: 近傍に線なし (重なり0%)
駐車禁止: 06:00-09:00 (重なり98%)</description><styleUrl>#tk</styleUrl><MultiGeometry><LineString><coordinates>139.74962,35.65386,0 139.74878,35.65395,0 139.74848,35.65399,0 139.74795,35.65405,0 139.74751,35.65409,0 139.74735,35.65413,0 139.74707,35.6542,0</coordinates></LineString></MultiGeometry></Placemark><Placemark><name>チケット｜禁止帯なし</name><description>09:00-19:00 / 60分 / 300円
日曜・休日を除く / １月１日〜３日を除く
対象: 普通車
駐停車禁止: 近傍に線なし (重なり0%)
駐車禁止: 終日 (重なり6%)</description><styleUrl>#tk</styleUrl><MultiGeometry><LineString><coordinates>139.74686,35.65816,0 139.74665,35.65781,0 139.74642,35.65749,0 139.74619,35.65716,0 139.746,35.65684,0 139.74592,35.65671,0 139.74586,35.6565,0 139.74582,35.65636,0 139.74581,35.65618,0 139.74579,35.65598,0</coordinates></LineString></MultiGeometry></Placemark><Placemark><name>チケット｜禁止帯なし</name><description>09:00-19:00 / 60分 / 300円
日曜・休日を除く / １月１日〜３日を除く
対象: 普通車・貨物
駐停車禁止: 近傍に線なし (重なり0%)
駐車禁止: 終日 (重なり1%)</description><styleUrl>#tk</styleUrl><MultiGeometry><LineString><coordinates>139.74702,35.65803,0 139.7465,35.65724,0 139.74637,35.65707,0 139.7462,35.65679,0 139.74612,35.65661,0 139.74603,35.65632,0 139.74601,35.6561,0 139.74602,35.65588,0 139.746,35.65579,0 139.74599,35.65574,0</coordinates></LineString></MultiGeometry></Placemark><Placemark><name>チケット｜駐車禁止帯</name><description>07:00-20:00 / 60分 / 300円
１月１日〜３日を除く
対象: 普通車・貨物
駐停車禁止: 07:00-20:00 (重なり7%)
駐車禁止: 終日 (重なり94%)</description><styleUrl>#tk</styleUrl><MultiGeometry><LineString><coordinates>139.70636,35.67649,0 139.70681,35.67486,0 139.70734,35.67411,0 139.70803,35.67265,0 139.70806,35.67233,0</coordinates></LineString></MultiGeometry></Placemark><Placemark><name>チケット｜駐車禁止帯</name><description>07:00-20:00 / 60分 / 300円
１月１日〜３日を除く
対象: 普通車
駐停車禁止: 07:00-20:00,終日 (重なり10%)
駐車禁止: 20:00-07:00,終日 (重なり100%)</description><styleUrl>#tk</styleUrl><MultiGeometry><LineString><coordinates>139.70801,35.67176,0 139.70739,35.67104,0</coordinates></LineString></MultiGeometry></Placemark><Placemark><name>チケット｜駐車禁止帯</name><description>07:00-20:00 / 60分 / 300円
１月１日〜３日を除く
対象: 普通車・貨物
駐停車禁止: 近傍に線なし (重なり0%)
駐車禁止: 終日 (重なり100%)</description><styleUrl>#tk</styleUrl><MultiGeometry><LineString><coordinates>139.70703,35.67077,0 139.70671,35.67028,0</coordinates></LineString></MultiGeometry></Placemark><Placemark><name>チケット｜駐車禁止帯</name><description>09:00-19:00 / 60分 / 100円
１月１日〜３日を除く
対象: 二輪
駐停車禁止: 近傍に線なし (重なり0%)
駐車禁止: 終日 (重なり97%)</description><styleUrl>#tk</styleUrl><MultiGeometry><LineString><coordinates>139.77896,35.71514,0 139.77921,35.71548,0</coordinates></LineString></MultiGeometry></Placemark><Placemark><name>チケット｜禁止帯なし</name><description>09:00-19:00 / 60分 / 300円
日曜・休日を除く / １月１日〜３日を除く
対象: 普通車・貨物
駐停車禁止: 近傍に線なし (重なり0%)
駐車禁止: 終日 (重なり11%)</description><styleUrl>#tk</styleUrl><MultiGeometry><LineString><coordinates>139.62552,35.75859,0 139.62889,35.75862,0 139.62888,35.75862,0</coordinates></LineString></MultiGeometry></Placemark><Placemark><name>チケット｜禁止帯なし</name><description>09:00-19:00 / 60分 / 300円
日曜・休日を除く / １月１日〜３日を除く
対象: 普通車・貨物
駐停車禁止: 近傍に線なし (重なり0%)
駐車禁止: 終日 (重なり7%)</description><styleUrl>#tk</styleUrl><MultiGeometry><LineString><coordinates>139.62891,35.75843,0 139.62553,35.7584,0</coordinates></LineString></MultiGeometry></Placemark><Placemark><name>チケット｜駐車禁止帯</name><description>09:00-19:00 / 60分 / 300円
日曜・休日を除く / １月１日〜３日を除く
対象: 普通車
駐停車禁止: 近傍に線なし (重なり0%)
駐車禁止: 07:00-20:00,終日 (重なり95%)</description><styleUrl>#tk</styleUrl><MultiGeometry><LineString><coordinates>139.77572,35.69877,0 139.77716,35.69874,0</coordinates></LineString></MultiGeometry></Placemark></Folder></Document></kml>