<?xml version="1.0" encoding="UTF-8"?><kml xmlns="http://www.opengis.net/kml/2.2"><Document><name>駐停車禁止(メーター周辺)</name><Style id="ns"><LineStyle><color>ff0000d5</color><width>3</width></LineStyle></Style><Folder><name>駐停車禁止(メーター周辺)</name><Placemark><name>駐停車禁止 07:00-09:30</name><description></description><styleUrl>#ns</styleUrl><MultiGeometry><LineString><coordinates>139.70469,35.69284,0 139.70588,35.69252,0 139.70704,35.69223,0 139.70734,35.6921,0 139.70825,35.69187,0 139.71019,35.69165,0</coordinates></LineString></MultiGeometry></Placemark><Placemark><name>駐停車禁止 終日</name><description></description><styleUrl>#ns</styleUrl><MultiGeometry><LineString><coordinates>139.76293,35.67261,0 139.76272,35.67274,0 139.76258,35.67277,0 139.76229,35.67296,0</coordinates></LineString></MultiGeometry></Placemark><Placemark><name>駐停車禁止 終日</name><description></description><styleUrl>#ns</styleUrl><MultiGeometry><LineString><coordinates>139.69366,35.69072,0 139.69429,35.69083,0 139.69467,35.6909,0 139.69515,35.69095,0 139.69516,35.69095,0 139.69657,35.6911,0 139.69754,35.69115,0 139.69802,35.69117,0</coordinates></LineString></MultiGeometry></Placemark><Placemark><name>駐停車禁止 終日</name><description></description><styleUrl>#ns</styleUrl><MultiGeometry><LineString><coordinates>139.76971,35.68136,0 139.76801,35.67867,0</coordinates></LineString></MultiGeometry></Placemark><Placemark><name>駐停車禁止 終日</name><description></description><styleUrl>#ns</styleUrl><MultiGeometry><LineString><coordinates>139.64147,35.66749,0 139.64314,35.66767,0 139.64492,35.66791,0 139.64531,35.66799,0 139.64584,35.66815,0 139.64725,35.66862,0 139.64774,35.66885,0 139.64846,35.66926,0 139.64897,35.66958,0 139.64957,35.66989,0 139.65005,35.67006,0 139.65058,35.67016,0 139.65263,35.6705,0 139.6531,35.67057,0 139.65405,35.67065,0 139.65472,35.67073,0 139.65614,35.67119,0 139.65729,35.67163,0 139.65768,35.67174,0 139.66057,35.67251,0 139.66253,35.67303,0 139.66435,35.67351,0 139.66674,35.67421,0 139.66848,35.67471,0 139.67037,35.67527,0 139.67245,35.67586,0 139.67304,35.67604,0 139.67433,35.67642,0 139.67503,35.67663,0 139.6776,35.67743,0 139.67933,35.67793,0 139.68012,35.67817,0 139.6837,35.67975,0 139.68461,35.68012,0 139.68563,35.68071,0 139.6885,35.6826,0 139.69067,35.68405,0 139.69175,35.68474,0 139.69442,35.68671,0 139.69621,35.6875,0 139.69773,35.68808,0 139.69871,35.68847,0</coordinates></LineString></MultiGeometry></Placemark><Placemark><name>駐停車禁止 終日</name><description></description><styleUrl>#ns</styleUrl><MultiGeometry><LineString><coordinates>139.56576,35.72304,0 139.56783,35.72305,0 139.5688,35.72307,0 139.57096,35.72307,0 139.57211,35.72304,0 139.57419,35.72296,0 139.57626,35.72305,0 139.57742,35.72309,0 139.57853,35.72313,0 139.57959,35.72317,0 139.5808,35.72321,0 139.58151,35.72323,0 139.58185,35.72322,0 139.5821,35.7232,0 139.5827,35.72312,0 139.58389,35.72297,0 139.58436,35.72284,0 139.58475,35.72273,0 139.58609,35.72229,0 139.58728,35.72193,0 139.58763,35.72181,0 139.58842,35.72155,0 139.58893,35.72131,0 139.58987,35.72083,0 139.59065,35.72043,0 139.59138,35.72006,0 139.59179,35.71984,0 139.59205,35.71968,0 139.5922,35.71956,0 139.59311,35.7187,0 139.59379,35.71807,0 139.59398,35.71789,0 139.59414,35.71778,0 139.59433,35.71767,0 139.59454,35.71759,0 139.59478,35.71753,0 139.59547,35.71739,0 139.59578,35.71731,0 139.59605,35.71725,0 139.5963,35.71716,0 139.59653,35.71707,0 139.59671,35.71696,0 139.59699,35.71672,0 139.59728,35.71636,0 139.59831,35.71496,0 139.59909,35.71404,0 139.59979,35.71322,0 139.60009,35.71296,0 139.60039,35.71277,0 139.60079,35.71257,0 139.60201,35.71216,0 139.60251,35.71198,0 139.60415,35.71163,0 139.60542,35.71137,0 139.60671,35.71121,0 139.60805,35.71104,0 139.6091,35.71085,0 139.60984,35.71062,0 139.6105,35.71034,0 139.61154,35.70988,0 139.61335,35.70905,0 139.61471,35.70826,0 139.61591,35.70755,0 139.61741,35.70666,0 139.61853,35.70607,0 139.61946,35.70564,0 139.62044,35.70533,0 139.62111,35.70523,0 139.62204,35.70521,0 139.62289,35.70516,0 139.62343,35.70499,0 139.62525,35.70418,0 139.62707,35.70342,0 139.6278,35.70306,0 139.62902,35.70229,0 139.62954,35.702,0 139.6307,35.70142,0 139.63116,35.70122,0 139.63267,35.70058,0 139.63403,35.70005,0 139.63625,35.69917,0 139.63742,35.69871,0 139.63826,35.69844,0 139.6398,35.69797,0 139.64027,35.69788,0 139.64165,35.69776,0 139.64253,35.69769,0 139.64495,35.69773,0 139.64758,35.69776,0 139.64843,35.6978,0 139.64997,35.69789,0 139.65137,35.69797,0 139.65182,35.69796,0</coordinates></LineString></MultiGeometry></Placemark><Placemark><name>駐停車禁止 終日</name><description></description><styleUrl>#ns</styleUrl><MultiGeometry><LineString><coordinates>139.79004,35.69412,0 139.79025,35.69416,0 139.79089,35.69419,0 139.79093,35.69419,0 139.79121,35.6942,0 139.79172,35.69423,0 139.79221,35.69426,0 139.79336,35.6943,0 139.79463,35.69437,0 139.79511,35.6944,0 139.79744,35.69453,0 139.79793,35.69456,0 139.7989,35.69461,0 139.7992,35.69462,0 139.80025,35.69468,0 139.80052,35.6947,0 139.80086,35.69472,0 139.80109,35.69473,0 139.80147,35.69475,0 139.80179,35.69477,0 139.80285,35.69483,0 139.80315,35.69485,0 139.80414,35.69491,0 139.80446,35.69492,0 139.80531,35.69497,0 139.80572,35.69499,0 139.80576,35.695,0 139.8066,35.69504,0 139.80688,35.69506,0 139.80773,35.69511,0 139.80804,35.69512,0 139.80855,35.69515,0 139.80874,35.69518,0 139.80912,35.6952,0 139.80917,35.69521,0 139.80948,35.69522,0 139.8097,35.69527,0 139.81122,35.69536,0 139.81168,35.69539,0 139.81225,35.69542,0 139.81284,35.69545,0 139.81375,35.69551,0 139.81488,35.6956,0</coordinates></LineString></MultiGeometry></Placemark><Placemark><name>駐停車禁止 07:00-09:00</name><description></description><styleUrl>#ns</styleUrl><MultiGeometry><LineString><coordinates>139.79449,35.70055,0 139.79514,35.70029,0 139.79622,35.70024,0 139.79719,35.70021,0 139.79982,35.70036,0 139.80397,35.70058,0 139.80717,35.70075,0 139.80951,35.70088,0 139.81207,35.70105,0 139.81506,35.70121,0 139.81969,35.70142,0 139.82204,35.70156,0 139.82483,35.7017,0 139.82558,35.70174,0 139.82739,35.7017,0 139.83074,35.70165,0 139.83307,35.70161,0 139.83348,35.70162,0 139.834,35.70171,0 139.83447,35.7019,0 139.83482,35.7021,0 139.83608,35.70313,0 139.83741,35.70424,0 139.83803,35.7048,0 139.84047,35.70708,0 139.84269,35.70912,0 139.84296,35.7093,0 139.84491,35.7106,0 139.84697,35.71199,0 139.84871,35.71326,0 139.85089,35.71484,0 139.8541,35.71716,0 139.85665,35.71898,0 139.85717,35.71936,0 139.86054,35.7217,0 139.86445,35.72445,0 139.86718,35.72634,0 139.87002,35.7283,0 139.87035,35.72851,0 139.87505,35.73171,0 139.87758,35.73347,0 139.87895,35.73443,0 139.88265,35.73555,0 139.88598,35.73652,0 139.88733,35.73692,0 139.88894,35.73738,0 139.88914,35.73741,0 139.88949,35.7374,0 139.88973,35.73737,0 139.88998,35.73731,0 139.89021,35.73723,0 139.89269,35.73643,0 139.8949,35.73573,0 139.89641,35.73527,0</coordinates></LineString></MultiGeometry></Placemark><Placemark><name>駐停車禁止 終日</name><description></description><styleUrl>#ns</styleUrl><MultiGeometry><LineString><coordinates>139.81913,35.67586,0 139.82032,35.67591,0 139.82067,35.67591,0 139.82146,35.67583,0 139.82171,35.67579,0 139.82435,35.67529,0 139.82477,35.67521,0 139.82558,35.67506,0 139.82579,35.67502,0 139.8266,35.67486,0 139.82706,35.67475,0 139.82985,35.67409,0 139.83022,35.67402,0 139.83197,35.6736,0 139.83242,35.6735,0 139.83273,35.67344,0 139.83322,35.67333,0 139.83326,35.67332,0 139.83418,35.67313,0 139.83484,35.67299,0 139.83558,35.67284,0 139.83597,35.67275,0 139.83685,35.6726,0 139.83753,35.67248,0 139.83758,35.67248,0 139.83782,35.67244,0 139.84078,35.67192,0 139.84347,35.67152,0 139.85182,35.67095,0 139.87383,35.66761,0 139.8833,35.66595,0</coordinates></LineString></MultiGeometry></Placemark><Placemark><name>駐停車禁止 終日</name><description></description><styleUrl>#ns</styleUrl><MultiGeometry><LineString><coordinates>139.78863,35.67614,0 139.78867,35.67613,0 139.78891,35.67606,0 139.78929,35.67575,0 139.78961,35.67551,0 139.78969,35.67544,0 139.78984,35.67533,0 139.78998,35.67521,0 139.79064,35.6747,0 139.79078,35.6746,0 139.79101,35.67445,0 139.79113,35.67438,0 139.79133,35.67424,0 139.79137,35.67421,0 139.79166,35.674,0</coordinates></LineString></MultiGeometry></Placemark><Placemark><name>駐停車禁止 07:00-09:00</name><description></description><styleUrl>#ns</styleUrl><MultiGeometry><LineString><coordinates>139.68557,35.79349,0 139.68552,35.79309,0 139.68546,35.7926,0 139.68541,35.79202,0 139.68534,35.79163,0 139.68532,35.79147,0 139.68524,35.791,0 139.68519,35.79062,0 139.68508,35.79004,0 139.685,35.78958,0 139.68498,35.78946,0 139.68485,35.7887,0 139.68483,35.78853,0 139.68483,35.7884,0 139.68484,35.78828,0 139.68486,35.78817,0 139.68487,35.78807,0 139.68489,35.78803,0 139.68492,35.78792,0 139.68505,35.78759,0 139.68519,35.78721,0 139.68526,35.78702,0 139.68552,35.78648,0 139.68578,35.78592,0 139.68583,35.78582,0 139.68607,35.78531,0 139.68618,35.78511,0 139.68626,35.78498,0 139.68627,35.78495,0 139.68638,35.78479,0 139.68667,35.78449,0 139.68719,35.78396,0 139.68801,35.7831,0 139.68861,35.78248,0 139.68929,35.78178,0 139.69028,35.78075,0 139.6908,35.78022,0 139.69105,35.77997,0 139.69116,35.77986,0 139.69134,35.77968,0 139.69137,35.77965,0 139.69231,35.77877,0 139.69275,35.77837,0 139.6935,35.77768,0 139.6939,35.7773,0 139.69433,35.77688,0 139.69471,35.77644,0 139.69493,35.77622,0 139.69597,35.77529,0 139.69696,35.77451,0 139.69795,35.7736,0 139.69856,35.77298,0 139.69964,35.77187,0 139.70056,35.77086,0 139.70132,35.77001,0 139.70169,35.76958,0 139.70224,35.7688,0 139.70296,35.76781,0 139.70319,35.76748,0 139.70342,35.76693,0 139.70346,35.76683,0 139.70371,35.76624,0 139.70405,35.76524,0 139.70434,35.76451,0 139.70465,35.76368,0 139.70478,35.76334,0 139.70493,35.76295,0</coordinates></LineString></MultiGeometry></Placemark><Placemark><name>駐停車禁止 終日</name><description></description><styleUrl>#ns</styleUrl><MultiGeometry><LineString><coordinates>139.70599,35.76026,0 139.70631,35.75945,0 139.70654,35.75888,0 139.7067,35.75845,0 139.70695,35.75782,0 139.70712,35.75738,0 139.70729,35.75694,0 139.70771,35.75588,0 139.70836,35.75416,0 139.7086,35.75343,0 139.7092,35.7523,0 139.70978,35.75165,0 139.7106,35.75097,0 139.7119,35.74991,0 139.7124,35.74969,0 139.71328,35.74955,0 139.71413,35.74945,0 139.71529,35.7493,0 139.71634,35.74919,0 139.71793,35.74903,0 139.71964,35.74888,0 139.72122,35.74873,0 139.72169,35.74861,0 139.72199,35.74849,0</coordinates></LineString></MultiGeometry></Placemark><Placemark><name>駐停車禁止 終日</name><description></description><styleUrl>#ns</styleUrl><MultiGeometry><LineString><coordinates>139.49458,35.66915,0 139.49466,35.66936,0</coordinates></LineString></MultiGeometry></Placemark><Placemark><name>駐停車禁止 07:00-09:00</name><description></description><styleUrl>#ns</styleUrl><MultiGeometry><LineString><coordinates>139.63981,35.71259,0 139.64125,35.71216,0 139.64266,35.71173,0 139.64505,35.71106,0 139.6458,35.71086,0 139.64701,35.7105,0 139.64843,35.71006,0 139.64919,35.70986,0 139.64976,35.70971,0 139.65053,35.70952,0 139.65096,35.70943,0 139.65221,35.70953,0 139.65354,35.70964,0 139.6543,35.7097,0 139.65473,35.70971,0 139.65668,35.70978,0 139.65772,35.70982,0 139.65891,35.70984,0 139.65962,35.70986,0 139.6612,35.70989,0 139.66307,35.70992,0 139.66414,35.70995,0 139.66468,35.70996,0 139.66516,35.70997,0 139.6655,35.70997,0 139.66607,35.70998,0 139.66649,35.70997,0 139.66694,35.70997,0 139.66742,35.70994,0 139.66787,35.70992,0 139.66838,35.70988,0 139.66884,35.70985,0 139.66938,35.70981,0 139.66994,35.70972,0 139.67017,35.70968,0 139.67049,35.70962,0 139.67078,35.70957,0 139.67088,35.70955,0 139.67118,35.70949,0 139.67127,35.70947,0 139.67141,35.70945,0 139.67296,35.70917,0</coordinates></LineString></MultiGeometry></Placemark><Placemark><name>駐停車禁止 17:00-19:00</name><description></description><styleUrl>#ns</styleUrl><MultiGeometry><LineString><coordinates>139.70015,35.65689,0 139.69903,35.65652,0 139.69751,35.65606,0 139.69553,35.65559,0 139.69512,35.65551,0 139.69409,35.65437,0 139.6935,35.65383,0 139.6924,35.65347,0 139.68983,35.65268,0 139.68756,35.65192,0 139.68514,35.65077,0 139.6851,35.65075,0 139.68507,35.65073,0 139.68476,35.65057,0 139.68465,35.65051,0 139.68456,35.65046,0 139.68436,35.65036,0 139.68392,35.65013,0 139.6828,35.64954,0 139.68251,35.64939,0 139.6817,35.64896,0 139.68167,35.64895,0 139.68159,35.6489,0 139.68053,35.64835,0 139.68044,35.6483,0 139.68022,35.64819,0 139.68002,35.64809,0 139.67993,35.64804,0 139.67876,35.64742,0 139.67857,35.64733,0 139.67829,35.64718,0 139.67818,35.64712,0 139.67814,35.6471,0 139.67784,35.64694,0 139.67763,35.64683,0 139.67737,35.64669,0 139.67718,35.64659,0 139.67685,35.64641,0 139.67636,35.64614,0 139.67623,35.64607,0 139.67599,35.64593,0 139.6757,35.64577,0 139.67564,35.64574,0 139.67559,35.64572,0 139.6753,35.64556,0 139.67504,35.64542,0 139.67475,35.64526,0 139.67464,35.6452,0 139.67439,35.64506,0 139.67415,35.64493,0 139.67407,35.64488,0 139.67397,35.64482,0 139.67392,35.64479,0 139.67381,35.64472,0 139.6737,35.64465,0 139.67349,35.6445,0 139.67324,35.64434,0 139.67319,35.6443,0 139.67312,35.64426,0 139.67301,35.6442,0 139.67287,35.64413,0 139.67276,35.64407,0 139.67269,35.64402,0 139.67261,35.64398,0 139.67233,35.64386,0 139.67221,35.6438,0 139.67198,35.64371,0 139.67192,35.64368,0 139.67183,35.64364,0 139.67168,35.64358,0 139.6716,35.64354,0 139.67153,35.64352,0 139.67146,35.64349,0 139.67138,35.64346,0 139.67133,35.64344,0 139.67129,35.64341,0 139.67124,35.64339,0 139.6712,35.64336,0 139.67116,35.64334,0 139.67114,35.64333,0 139.67111,35.64331,0 139.67107,35.64328,0 139.67104,35.64325,0 139.67102,35.64324,0 139.671,35.64322,0 139.67095,35.64318,0 139.67092,35.64315,0 139.67089,35.64312,0 139.67085,35.64307,0 139.67065,35.64286,0 139.67057,35.64277,0 139.67051,35.64271,0 139.67041,35.64259,0 139.67034,35.64251,0 139.67023,35.64239,0 139.67021,35.64236,0 139.67019,35.64233,0 139.67017,35.64231,0 139.67015,35.64227,0 139.67012,35.64224,0 139.67007,35.64218,0 139.67004,35.64213,0 139.66997,35.64205,0 139.66994,35.64201,0 139.6699,35.64195,0 139.66984,35.64188,0 139.66983,35.64186,0 139.66979,35.64182,0 139.66975,35.64177,0 139.66971,35.64172,0 139.66967,35.64166,0 139.66963,35.6416,0 139.6696,35.64156,0 139.66952,35.64146,0 139.66943,35.64134,0 139.66938,35.64126,0 139.66925,35.64109,0 139.66907,35.64085,0 139.66898,35.64072,0 139.66888,35.64059,0 139.66877,35.64044,0 139.66866,35.64029,0 139.66854,35.64014,0 139.66843,35.63998,0 139.66837,35.6399,0 139.66834,35.63985,0 139.66821,35.63968,0 139.66804,35.63945,0 139.66786,35.6392,0 139.66772,35.63902,0 139.66755,35.63878,0 139.66736,35.63853,0 139.66732,35.63849,0 139.66722,35.63835,0 139.6671,35.63817,0 139.66679,35.63772,0 139.6665,35.63733,0 139.66646,35.63727,0 139.66638,35.63717,0 139.66634,35.63711,0 139.66632,35.63708,0 139.66629,35.63705,0 139.66612,35.6368,0 139.6661,35.63677,0 139.66599,35.63663,0 139.66588,35.63648,0 139.66579,35.63637,0 139.66571,35.63625,0 139.66567,35.63621,0 139.66542,35.63598,0 139.66533,35.63589,0 139.66523,35.63581,0 139.66495,35.63556,0 139.66487,35.63549,0 139.66479,35.63541,0 139.6647,35.63534,0 139.66459,35.63528,0 139.66417,35.63501,0 139.66408,35.63495,0 139.66381,35.63475,0 139.66358,35.63459,0 139.66335,35.63443,0 139.66324,35.63435,0 139.66321,35.63433,0 139.66317,35.6343,0 139.66299,35.63417,0 139.66276,35.63401,0 139.66271,35.63397,0 139.66264,35.63392,0 139.66226,35.63367,0 139.66224,35.63365,0 139.66204,35.63353,0 139.66194,35.63346,0 139.66129,35.6331,0 139.66123,35.63306,0 139.66109,35.63298,0 139.66066,35.63273,0 139.6606,35.6327,0 139.66014,35.63244,0 139.65973,35.6322,0 139.65968,35.63217,0 139.65921,35.6319,0 139.65917,35.63188,0 139.65874,35.63164,0 139.65856,35.63154,0 139.65853,35.63152,0 139.65847,35.63149,0 139.65823,35.63139,0 139.65816,35.63137,0 139.65791,35.63129,0 139.65776,35.63124,0 139.65762,35.6312,0 139.65745,35.63116,0 139.6573,35.63112,0 139.65722,35.63109,0 139.65666,35.63096,0 139.65654,35.63094,0 139.6546,35.63044,0 139.65456,35.63044,0 139.65368,35.63021,0 139.64925,35.62872,0 139.6465,35.62779,0 139.64204,35.62592,0 139.64106,35.62555,0 139.63871,35.62442,0 139.63438,35.62246,0 139.63176,35.62124,0 139.63134,35.62104,0 139.63091,35.62068,0 139.63011,35.61975,0 139.62857,35.61797,0 139.62827,35.6175,0 139.62768,35.61531,0 139.6274,35.61407,0 139.62715,35.61295,0 139.62679,35.61228,0</coordinates></LineString></MultiGeometry></Placemark><Placemark><name>駐停車禁止 07:00-09:00</name><description></description><styleUrl>#ns</styleUrl><MultiGeometry><LineString><coordinates>139.65029,35.73677,0 139.65116,35.7364,0 139.65222,35.73597,0 139.65314,35.7356,0 139.65336,35.73552,0 139.65356,35.73546,0 139.65378,35.73542,0 139.65389,35.73541,0 139.65475,35.73536,0 139.65485,35.73535,0 139.65507,35.73534,0 139.65665,35.73524,0 139.6568,35.73524,0 139.65692,35.73523,0 139.65838,35.73514,0 139.65842,35.73513,0 139.65934,35.73507,0 139.65955,35.73506,0 139.66051,35.735,0 139.66079,35.73499,0 139.66207,35.73491,0 139.66219,35.7349,0</coordinates></LineString></MultiGeometry></Placemark><Placemark><name>駐停車禁止 07:00-09:00</name><description></description><styleUrl>#ns</styleUrl><MultiGeometry><LineString><coordinates>139.67774,35.58917,0 139.67739,35.58967,0 139.67695,35.59031,0 139.6767,35.59067,0 139.67656,35.59088,0 139.67652,35.59094,0 139.67613,35.5915,0 139.67564,35.59221,0 139.67519,35.59284,0 139.6749,35.59327,0 139.67454,35.59379,0 139.67431,35.5941,0 139.67414,35.5943,0 139.67377,35.59476,0 139.67347,35.5951,0 139.6734,35.59518,0 139.67303,35.59561,0 139.67269,35.59601,0 139.67229,35.59645,0 139.67201,35.59677,0 139.67138,35.59748,0 139.671,35.59793,0 139.67047,35.59854,0 139.66997,35.59911,0 139.66971,35.59933,0 139.6694,35.59952,0 139.66917,35.59963,0 139.66882,35.59976,0 139.66839,35.59986,0 139.66763,35.60003,0 139.66694,35.60018,0 139.66602,35.60038,0 139.66522,35.60056,0 139.66451,35.60071,0 139.66373,35.60085,0 139.66311,35.60099,0 139.66152,35.60133,0 139.66026,35.60161,0 139.66007,35.60163,0 139.65915,35.60181,0 139.6582,35.602,0 139.6571,35.60222,0 139.65629,35.60238,0 139.65588,35.60247,0 139.65555,35.60256,0 139.65518,35.60269,0 139.65468,35.60286,0 139.65395,35.60311,0 139.65312,35.60341,0 139.65233,35.60369,0 139.65167,35.60389,0 139.65003,35.60434,0 139.64893,35.60464,0 139.64765,35.60498,0 139.64688,35.6052,0 139.64626,35.60537,0 139.6456,35.60555,0 139.64476,35.60577,0 139.64391,35.60601,0 139.6434,35.60615,0 139.64187,35.60657,0 139.64158,35.60666,0 139.64125,35.60682,0 139.64111,35.60689,0 139.64101,35.60696,0 139.64078,35.60712,0 139.64067,35.60721,0 139.64056,35.60732,0 139.64044,35.60746,0 139.64035,35.60757,0 139.64026,35.6077,0 139.64022,35.60777,0 139.64012,35.60794,0 139.64002,35.60814,0 139.63981,35.60858,0 139.63952,35.60921,0 139.63944,35.60938,0 139.63914,35.61002,0 139.63888,35.61059,0 139.63868,35.61102,0 139.63834,35.61173,0 139.63818,35.61207,0 139.63785,35.61278,0 139.63755,35.6134,0 139.63735,35.61384,0 139.63706,35.61447,0 139.63676,35.6151,0 139.63637,35.61595,0 139.63581,35.61721,0 139.63569,35.61745,0 139.63558,35.61768,0 139.63547,35.61787,0 139.63536,35.61811,0 139.63527,35.61829,0 139.63521,35.61841,0 139.63516,35.61849,0 139.63506,35.61862,0 139.63497,35.61871,0 139.63475,35.61893,0 139.63463,35.61903,0 139.63438,35.61918,0 139.63381,35.61953,0 139.63282,35.62012,0 139.63193,35.62066,0 139.63149,35.62092,0 139.63101,35.62123,0 139.63072,35.62147,0 139.63025,35.62173,0 139.62927,35.6223,0 139.62848,35.62276,0 139.62833,35.62286,0 139.62814,35.62303,0 139.62794,35.62326,0 139.6277,35.6236,0 139.62752,35.62398,0 139.62731,35.62461,0 139.62705,35.62546,0 139.62693,35.62579,0 139.62672,35.62648,0 139.62645,35.62736,0 139.62619,35.62818,0 139.62591,35.62904,0 139.62557,35.63008,0 139.62528,35.63098,0 139.6251,35.63152,0 139.62497,35.63182,0 139.62488,35.63203,0 139.62473,35.63224,0 139.62436,35.6328,0 139.62413,35.6331,0 139.6238,35.63352,0 139.62291,35.63469,0 139.62219,35.63562,0 139.62156,35.63647,0 139.62118,35.63696,0</coordinates></LineString></MultiGeometry></Placemark><Placemark><name>駐停車禁止 終日</name><description></description><styleUrl>#ns</styleUrl><MultiGeometry><LineString><coordinates>139.65406,35.72286,0 139.65585,35.72276,0 139.65732,35.72277,0 139.65764,35.72278,0 139.6592,35.72313,0 139.65993,35.72331,0 139.66076,35.72357,0 139.66147,35.72379,0 139.66222,35.7238,0 139.66377,35.72382,0 139.66512,35.72385,0 139.66834,35.72394,0 139.67042,35.72399,0 139.6713,35.72387,0 139.67268,35.72366,0 139.67376,35.72348,0 139.6742,35.7235,0 139.67531,35.72359,0 139.67707,35.72373,0 139.67756,35.72377,0 139.67786,35.72372,0 139.67825,35.72361,0 139.67949,35.72319,0 139.68147,35.72256,0 139.68187,35.72244,0 139.68222,35.72238,0 139.68251,35.7224,0 139.68468,35.72269,0 139.68609,35.72286,0 139.6872,35.72284,0 139.68966,35.72279,0 139.69028,35.72273,0 139.6919,35.72257,0 139.69382,35.72242,0 139.69403,35.72239,0 139.69424,35.72233,0 139.69512,35.72198,0 139.69535,35.72192,0 139.69639,35.7219,0 139.69746,35.72188,0 139.69772,35.72189,0 139.69837,35.72199,0 139.69995,35.72223,0 139.70114,35.72237,0 139.70248,35.72259,0 139.70463,35.72261,0 139.70477,35.72257,0 139.70498,35.72249,0 139.70592,35.72198,0 139.70696,35.7215,0 139.70821,35.72086,0 139.70859,35.72067,0 139.70956,35.7204,0 139.71082,35.72002,0 139.71156,35.71977,0 139.71289,35.71918,0 139.71414,35.71862,0 139.7156,35.71796,0 139.71694,35.71735,0 139.71793,35.71693,0</coordinates></LineString></MultiGeometry></Placemark><Placemark><name>駐停車禁止 終日</name><description></description><styleUrl>#ns</styleUrl><MultiGeometry><LineString><coordinates>139.71211,35.72915,0 139.71216,35.72958,0 139.71222,35.7297,0 139.71234,35.72996,0</coordinates></LineString></MultiGeometry></Placemark><Placemark><name>駐停車禁止 07:00-09:00</name><description></description><styleUrl>#ns</styleUrl><MultiGeometry><LineString><coordinates>139.73483,35.57766,0 139.73355,35.57796,0 139.72948,35.57887,0 139.72442,35.58018,0 139.72292,35.58058,0 139.72229,35.58093,0 139.72105,35.58187,0 139.7206,35.58241,0 139.72038,35.58325,0 139.71965,35.58666,0 139.71875,35.59101,0 139.71845,35.59161,0 139.71752,35.59228,0 139.70969,35.59668,0 139.70685,35.59801,0 139.70127,35.60044,0 139.69797,35.60304,0 139.69756,35.6037,0 139.6942,35.60837,0 139.68469,35.61472,0 139.68331,35.61589,0 139.68047,35.6205,0 139.67917,35.62377,0 139.67707,35.62717,0 139.67246,35.62965,0 139.6702,35.63149,0 139.66444,35.6355,0 139.66308,35.63667,0 139.66156,35.63949,0 139.66132,35.64008,0 139.66123,35.64044,0 139.66083,35.64261,0 139.66043,35.65005,0 139.65993,35.6566,0 139.66006,35.6597,0 139.66037,35.66266,0 139.6616,35.66988,0 139.66158,35.67045,0 139.66003,35.67375,0 139.65728,35.67906,0 139.6572,35.67933,0 139.65683,35.68342,0 139.65656,35.6851,0 139.65609,35.68644,0 139.6551,35.68903,0 139.6543,35.69369,0 139.65437,35.69602,0 139.65473,35.69794,0 139.65483,35.70493,0 139.65377,35.71404,0 139.65377,35.72213,0 139.65391,35.72631,0 139.65408,35.72726,0 139.65465,35.72788,0 139.65684,35.72977,0 139.66274,35.73493,0 139.66662,35.73845,0 139.66834,35.74081,0 139.67596,35.74636,0 139.68363,35.7519,0 139.68808,35.75512,0 139.69244,35.75792,0 139.70204,35.76042,0 139.70555,35.76131,0 139.70676,35.76149,0 139.7136,35.76361,0 139.71596,35.76418,0 139.71774,35.76468,0 139.71933,35.76525,0 139.7213,35.76627,0 139.72211,35.76644,0 139.7239,35.76658,0 139.73358,35.76931,0 139.73369,35.76935,0 139.73413,35.76947,0</coordinates></LineString></MultiGeometry></Placemark><Placemark><name>駐停車禁止 07:00-09:00</name><description></description><styleUrl>#ns</styleUrl><MultiGeometry><LineString><coordinates>139.80596,35.71297,0 139.8134,35.71799,0 139.81351,35.71807,0 139.81431,35.7188,0 139.81513,35.71952,0 139.8156,35.71995,0 139.81624,35.72052,0 139.81706,35.72124,0 139.8178,35.7219,0 139.81788,35.72197,0 139.81824,35.72229,0</coordinates></LineString></MultiGeometry></Placemark><Placemark><name>駐停車禁止 終日</name><description></description><styleUrl>#ns</styleUrl><MultiGeometry><LineString><coordinates>139.74154,35.67177,0 139.74204,35.67145,0 139.7427,35.67103,0 139.74316,35.67087,0 139.74339,35.6708,0 139.74409,35.67066,0 139.74513,35.67048,0 139.74571,35.67037,0 139.74623,35.67029,0 139.74661,35.67024,0 139.74674,35.67023,0 139.74733,35.67023,0 139.74776,35.67026,0 139.748,35.67032,0 139.74893,35.67053,0 139.74927,35.67043,0 139.74962,35.6703,0 139.75043,35.67003,0 139.75179,35.66956,0 139.75258,35.6693,0 139.75339,35.66903,0 139.75423,35.66875,0 139.75521,35.66844,0 139.75545,35.66836,0 139.75642,35.66805,0 139.7571,35.66784,0 139.75754,35.66771,0</coordinates></LineString></MultiGeometry></Placemark><Placemark><name>駐停車禁止 07:00-09:30</name><description></description><styleUrl>#ns</styleUrl><MultiGeometry><LineString><coordinates>139.76337,35.67245,0 139.76669,35.66993,0 139.77032,35.66682,0</coordinates></LineString></MultiGeometry></Placemark><Placemark><name>駐停車禁止 07:00-09:30</name><description></description><styleUrl>#ns</styleUrl><MultiGeometry><LineString><coordinates>139.70718,35.74113,0 139.70845,35.74019,0 139.70939,35.73968,0 139.71347,35.73757,0</coordinates></LineString></MultiGeometry></Placemark><Placemark><name>駐停車禁止 07:00-09:30</name><description></description><styleUrl>#ns</styleUrl><MultiGeometry><LineString><coordinates>139.77105,35.66617,0 139.77269,35.6646,0 139.77384,35.6635,0 139.77414,35.66315,0 139.77574,35.66136,0 139.77681,35.66027,0 139.77769,35.65943,0</coordinates></LineString></MultiGeometry></Placemark><Placemark><name>駐停車禁止 07:00-09:30</name><description></description><styleUrl>#ns</styleUrl><MultiGeometry><LineString><coordinates>139.73504,35.57786,0 139.73509,35.578,0 139.73517,35.57823,0 139.73529,35.57861,0 139.73531,35.57866,0 139.73537,35.57881,0 139.73538,35.57887,0 139.73543,35.57901,0 139.73559,35.5795,0 139.7357,35.57983,0 139.73573,35.57993,0 139.7358,35.58014,0 139.736,35.58072,0 139.73603,35.58082,0 139.73613,35.58111,0 139.73619,35.58131,0 139.7362,35.58132,0 139.73625,35.58147,0 139.7363,35.58163,0 139.73634,35.58175,0 139.73638,35.58189,0 139.73639,35.58201,0 139.7364,35.58204,0 139.73641,35.58214,0 139.73641,35.58235,0 139.73641,35.58243,0 139.73641,35.58257,0 139.73638,35.58279,0 139.73638,35.58282,0 139.73638,35.58287,0 139.73637,35.58294,0 139.73637,35.58295,0 139.73636,35.58302,0 139.7363,35.58342,0 139.73626,35.58373,0 139.73625,35.58379,0 139.73618,35.58427,0 139.73617,35.58431,0 139.73614,35.58455,0 139.73608,35.58482,0 139.73594,35.58547,0 139.73591,35.58567,0 139.73575,35.58653,0 139.73568,35.58696,0 139.73568,35.58708,0 139.73561,35.58735,0 139.73571,35.58851,0 139.73577,35.58948,0 139.73585,35.5902,0 139.73594,35.5909,0 139.7361,35.59163,0 139.73627,35.59232,0 139.73631,35.59262,0 139.73625,35.59302,0 139.73621,35.59342,0 139.73625,35.59382,0 139.7363,35.59422,0 139.73638,35.59455,0 139.73659,35.59521,0 139.73683,35.59575,0 139.73717,35.59648,0 139.73748,35.59715,0 139.7379,35.59809,0 139.73824,35.59882,0 139.73843,35.59919,0 139.73865,35.59971,0 139.73903,35.60049,0 139.73936,35.60119,0 139.73962,35.60178,0 139.74006,35.60267,0 139.74026,35.60299,0 139.74054,35.60337,0 139.7411,35.60405,0 139.74178,35.60486,0 139.74259,35.60582,0 139.74292,35.60621,0 139.74305,35.60648,0 139.7431,35.60669,0 139.7431,35.60688,0 139.74291,35.60763,0 139.74264,35.60865,0 139.74234,35.60983,0 139.74204,35.61106,0 139.74173,35.61237,0 139.74138,35.61373,0 139.74117,35.6146,0 139.74112,35.61502,0 139.74099,35.61652,0 139.74084,35.61798,0 139.74076,35.6186,0 139.74065,35.61905,0 139.74054,35.61934,0 139.74032,35.61978,0 139.74014,35.62007,0 139.73935,35.62128,0 139.73862,35.62243,0 139.73814,35.62315,0 139.73799,35.62346,0 139.73791,35.62375,0 139.73793,35.62392,0 139.73807,35.62456,0 139.73808,35.62481,0 139.73803,35.62527,0 139.7379,35.6257,0 139.73779,35.626,0 139.73763,35.62669,0 139.73754,35.62722,0 139.73745,35.62835,0 139.73741,35.6293,0 139.73743,35.62988,0 139.73748,35.63077,0 139.73754,35.63174,0 139.73763,35.63232,0 139.73774,35.63281,0 139.73795,35.63368,0 139.73807,35.63413,0 139.73841,35.63513,0 139.73874,35.63606,0 139.73925,35.63734,0 139.73948,35.63787,0 139.7396,35.63812,0 139.73994,35.63872,0 139.74056,35.63982,0 139.74081,35.64027,0 139.74128,35.64134,0 139.74146,35.64173,0 139.74182,35.64237,0 139.7425,35.64347,0 139.74275,35.64388,0 139.74314,35.64429,0 139.74354,35.64469,0 139.74406,35.64513,0 139.7447,35.64554,0 139.74576,35.64621,0 139.74697,35.64683,0 139.7483,35.6474,0 139.7491,35.64778,0 139.74994,35.64817,0 139.75088,35.64843,0 139.75229,35.64882,0 139.75281,35.64897,0 139.75309,35.64926,0 139.75332,35.64983,0 139.75379,35.65105,0 139.75394,35.65217,0 139.75406,35.65304,0 139.75425,35.65418,0 139.75437,35.65507,0 139.75459,35.65666,0 139.75474,35.65779,0 139.75495,35.65915,0 139.75509,35.66016,0 139.75515,35.66042,0 139.7561,35.66154,0 139.7568,35.66237,0 139.75812,35.66396,0 139.75896,35.66497,0 139.75913,35.6652,0 139.75923,35.66541,0 139.75977,35.66608,0 139.76022,35.66664,0</coordinates></LineString></MultiGeometry></Placemark><Placemark><name>駐停車禁止 07:30-09:00</name><description></description><styleUrl>#ns</styleUrl><MultiGeometry><LineString><coordinates>139.79597,35.70863,0 139.79539,35.70751,0 139.79332,35.70512,0 139.7894,35.70184,0 139.78807,35.70006,0 139.78638,35.69746,0 139.79887,35.7303,0 139.8012,35.72541,0 139.80193,35.72031,0 139.80177,35.71512,0 139.80043,35.71348,0 139.79914,35.71238,0 139.79774,35.71069,0 139.79635,35.70884,0</coordinates></LineString></MultiGeometry></Placemark><Placemark><name>駐停車禁止 終日</name><description></description><styleUrl>#ns</styleUrl><MultiGeometry><LineString><coordinates>139.74329,35.5843,0 139.74267,35.58527,0 139.74201,35.58611,0 139.74125,35.58697,0 139.74052,35.58762,0 139.73946,35.58848,0 139.73909,35.58879,0 139.73867,35.58929,0 139.73848,35.58975,0 139.73847,35.59029,0 139.73861,35.59078,0 139.73881,35.5911,0 139.73948,35.59206,0 139.74041,35.59337,0 139.74107,35.59434,0 139.74135,35.59477,0 139.7419,35.5958,0 139.74199,35.59604,0 139.74226,35.59703,0 139.74266,35.59843,0 139.74286,35.59892,0 139.74319,35.59928,0 139.74372,35.59963,0 139.74518,35.60049,0</coordinates></LineString></MultiGeometry></Placemark><Placemark><name>駐停車禁止 07:00-09:00</name><description></description><styleUrl>#ns</styleUrl><MultiGeometry><LineString><coordinates>139.62656,35.61218,0 139.62684,35.61261,0 139.62704,35.61302,0 139.62717,35.61363,0 139.62733,35.61427,0 139.62744,35.61484,0 139.62768,35.61621,0 139.62791,35.61726,0 139.62795,35.61745,0 139.62801,35.61754,0 139.62809,35.61768,0 139.62855,35.61833,0 139.62911,35.61897,0 139.62962,35.61955,0 139.63022,35.6202,0 139.63082,35.62086,0 139.63112,35.62112,0 139.63128,35.62124,0 139.63183,35.6215,0 139.63282,35.62197,0 139.63362,35.62229,0 139.63459,35.62274,0 139.63544,35.62312,0 139.63672,35.62369,0 139.63803,35.62432,0 139.63853,35.62454,0 139.63957,35.62501,0 139.64179,35.62599,0 139.64449,35.62713,0 139.64557,35.6276,0 139.6468,35.62807,0 139.64794,35.62847,0 139.64901,35.62881,0 139.65036,35.62928,0 139.65189,35.62984,0 139.65247,35.63001,0 139.6525,35.63002,0 139.65253,35.63002,0 139.65262,35.63005,0 139.65345,35.63038,0 139.65463,35.63066,0 139.65528,35.63082,0 139.65652,35.63112,0 139.65797,35.63151,0 139.65835,35.63167,0 139.65917,35.63214,0 139.66023,35.63272,0 139.66124,35.63331,0 139.66266,35.63419,0 139.66357,35.63482,0 139.6644,35.63541,0 139.66444,35.63543,0</coordinates></LineString></MultiGeometry></Placemark><Placemark><name>駐停車禁止 終日</name><description></description><styleUrl>#ns</styleUrl><MultiGeometry><LineString><coordinates>139.66462,35.63562,0 139.66477,35.63572,0 139.66513,35.63603,0 139.66517,35.63607,0 139.66529,35.63617,0 139.66543,35.63632,0 139.66547,35.63636,0 139.6655,35.63639,0 139.66558,35.63648,0 139.66561,35.63652,0 139.66567,35.63659,0 139.66576,35.63671,0 139.66597,35.63699,0 139.66618,35.63728,0 139.6663,35.63745,0 139.66642,35.63762,0 139.6666,35.63786,0 139.66684,35.63819,0 139.66704,35.63847,0 139.66721,35.63871,0 139.6673,35.63884,0 139.66732,35.63887,0 139.66748,35.63908,0 139.66766,35.63933,0 139.66786,35.6396,0 139.66801,35.6398,0 139.66802,35.63982,0 139.66805,35.63986,0 139.66821,35.64008,0 139.66839,35.64032,0 139.66851,35.64047,0 139.66866,35.64068,0 139.66887,35.64096,0 139.66889,35.64099,0 139.66906,35.64123,0 139.66928,35.64153,0 139.66947,35.6418,0 139.66958,35.64196,0 139.66978,35.64223,0 139.6698,35.64226,0 139.67011,35.64262,0 139.67034,35.64288,0 139.67043,35.64297,0 139.67053,35.64308,0 139.67067,35.64324,0 139.67073,35.6433,0 139.67079,35.64337,0 139.67084,35.64343,0 139.67091,35.6435,0 139.67098,35.64359,0 139.67108,35.64367,0 139.67115,35.6437,0 139.67124,35.64373,0 139.67133,35.64376,0 139.67138,35.64378,0 139.67155,35.64384,0 139.67175,35.64391,0 139.67178,35.64393,0 139.67183,35.64395,0 139.67195,35.64401,0 139.67206,35.64406,0 139.67216,35.64411,0 139.67242,35.64422,0 139.67247,35.64425,0 139.67253,35.64428,0 139.67272,35.64439,0 139.67296,35.64453,0 139.67299,35.64454,0 139.67325,35.6447,0 139.67329,35.64472,0 139.67339,35.64479,0 139.67353,35.64488,0 139.67369,35.64499,0 139.67375,35.64502,0 139.674,35.64517,0 139.6742,35.64528,0 139.67431,35.64534,0 139.67436,35.64536,0 139.67457,35.64548,0 139.67482,35.64562,0 139.67499,35.64571,0 139.67512,35.64578,0 139.67515,35.6458,0 139.67526,35.64586,0 139.67541,35.64594,0 139.67573,35.64612,0 139.67582,35.64618,0 139.67586,35.6462,0 139.67602,35.64628,0 139.67651,35.64655,0 139.67657,35.64658,0 139.67712,35.64688,0 139.6772,35.64692,0 139.67754,35.64711,0 139.6778,35.64725,0 139.67787,35.64729,0 139.67812,35.64741,0 139.67819,35.64745,0 139.67883,35.64777,0 139.67896,35.64785,0 139.67907,35.6479,0 139.67919,35.64797,0 139.67929,35.64802,0 139.67939,35.64807,0 139.67968,35.64822,0 139.68015,35.64847,0 139.68037,35.64858,0 139.68058,35.6487,0 139.68091,35.64887,0 139.68101,35.64891,0 139.68131,35.64907,0 139.68142,35.64913,0 139.68172,35.64929,0 139.68211,35.64949,0 139.68244,35.64967,0 139.68262,35.64976,0 139.6828,35.64986,0 139.68306,35.65,0 139.68321,35.65007,0 139.68357,35.65026,0 139.68368,35.65031,0 139.68396,35.65046,0 139.68493,35.65097,0 139.68534,35.65116,0 139.6864,35.65172,0 139.68729,35.65212,0 139.68986,35.65297,0 139.69148,35.65344,0 139.69257,35.65376,0 139.69315,35.65404,0 139.69373,35.65455,0 139.69463,35.65567,0 139.69652,35.65613,0 139.69778,35.65646,0 139.70048,35.65732,0</coordinates></LineString></MultiGeometry></Placemark><Placemark><name>駐停車禁止 07:00-09:30</name><description></description><styleUrl>#ns</styleUrl><MultiGeometry><LineString><coordinates>139.68844,35.68228,0 139.68867,35.68199,0 139.68882,35.68174,0 139.68894,35.68142,0 139.68897,35.68115,0 139.68898,35.68103,0 139.68898,35.68087,0 139.68884,35.67979,0 139.68873,35.67899,0 139.68861,35.67864,0 139.68848,35.67832,0 139.68822,35.67766,0 139.68807,35.67722,0 139.68788,35.67672,0 139.68784,35.67661,0 139.68783,35.67616,0 139.68783,35.67527,0 139.68784,35.67419,0 139.68775,35.67391,0 139.68775,35.67359,0 139.68784,35.67324,0 139.68785,35.6716,0 139.68791,35.67086,0 139.68801,35.67016,0 139.68804,35.6694,0 139.68808,35.66793,0</coordinates></LineString></MultiGeometry></Placemark><Placemark><name>駐停車禁止 07:00-09:00</name><description></description><styleUrl>#ns</styleUrl><MultiGeometry><LineString><coordinates>139.81532,35.69578,0 139.81718,35.69589,0 139.81835,35.69626,0 139.82153,35.69643,0 139.82245,35.6965,0 139.82374,35.69661,0 139.82649,35.69669,0 139.82821,35.69677,0 139.83012,35.69694,0 139.83377,35.6971,0 139.83442,35.69714,0 139.83666,35.6972,0 139.84165,35.69745,0 139.84372,35.69755,0 139.84622,35.69831,0 139.85113,35.69978,0 139.85181,35.69995,0 139.85332,35.7004,0 139.85366,35.70049,0 139.85994,35.70151,0 139.86165,35.70181,0 139.86332,35.7022,0 139.86352,35.70229,0 139.86792,35.70326,0</coordinates></LineString></MultiGeometry></Placemark><Placemark><name>駐停車禁止 07:00-09:30</name><description></description><styleUrl>#ns</styleUrl><MultiGeometry><LineString><coordinates>139.86786,35.70319,0 139.86522,35.70256,0 139.86424,35.70226,0 139.86328,35.70207,0 139.86146,35.70163,0 139.86108,35.70149,0 139.85584,35.70062,0 139.85381,35.70027,0 139.85326,35.70022,0 139.85168,35.69978,0 139.85058,35.69952,0 139.85023,35.69942,0 139.84895,35.69905,0 139.8479,35.69863,0 139.84681,35.69831,0 139.84542,35.69787,0 139.84434,35.6975,0 139.84357,35.6974,0 139.8406,35.69725,0 139.83896,35.69719,0 139.83373,35.69695,0 139.83078,35.69679,0 139.82985,35.69673,0 139.82816,35.69659,0 139.82587,35.69648,0 139.82337,35.6964,0 139.82172,35.69625,0 139.8192,35.69613,0 139.81772,35.69576,0 139.81673,35.69569,0 139.81547,35.69561,0</coordinates></LineString></MultiGeometry></Placemark><Placemark><name>駐停車禁止 終日</name><description></description><styleUrl>#ns</styleUrl><MultiGeometry><LineString><coordinates>139.7125,35.65885,0 139.713,35.6589,0 139.71375,35.65897,0 139.71452,35.65904,0 139.71551,35.65913,0 139.71612,35.65919,0 139.71707,35.65928,0 139.71796,35.65936,0 139.71929,35.6595,0 139.72057,35.6596,0 139.722,35.65968,0 139.7229,35.65971,0 139.724,35.65993,0 139.72527,35.6603,0 139.72627,35.66065,0 139.72688,35.66088,0 139.72853,35.66152,0 139.73053,35.66254,0 139.73203,35.66322,0 139.73354,35.66398,0 139.73479,35.66463,0 139.73685,35.66573,0 139.73789,35.66634,0 139.73886,35.66705,0 139.73985,35.66809,0 139.74107,35.66938,0 139.7424,35.67062,0 139.74253,35.67075,0</coordinates></LineString></MultiGeometry></Placemark><Placemark><name>駐停車禁止 終日</name><description></description><styleUrl>#ns</styleUrl><MultiGeometry><LineString><coordinates>139.73577,35.64571,0 139.73593,35.64626,0 139.73611,35.64673,0 139.73631,35.64715,0 139.73646,35.64745,0 139.73673,35.64837,0 139.7368,35.64878,0 139.73682,35.64917,0 139.73682,35.64975,0 139.73681,35.65072,0 139.73681,35.65089,0 139.7367,35.65159,0 139.73663,35.65186,0 139.73661,35.65242,0 139.73667,35.65267,0 139.7369,35.65363,0 139.73696,35.65386,0 139.73712,35.65521,0</coordinates></LineString></MultiGeometry></Placemark><Placemark><name>駐停車禁止 07:00-09:00</name><description></description><styleUrl>#ns</styleUrl><MultiGeometry><LineString><coordinates>139.72047,35.78354,0 139.72003,35.78313,0 139.71994,35.78305,0 139.71976,35.78288,0 139.71958,35.78274,0 139.71927,35.78254,0</coordinates></LineString></MultiGeometry></Placemark><Placemark><name>駐停車禁止 07:00-09:30</name><description></description><styleUrl>#ns</styleUrl><MultiGeometry><LineString><coordinates>139.71028,35.69163,0 139.71199,35.69144,0 139.71245,35.69139,0 139.71259,35.69137,0 139.71352,35.69126,0 139.7136,35.69126,0 139.71368,35.69125,0 139.71375,35.69126,0 139.71383,35.69126,0 139.71398,35.69128,0 139.7144,35.69135,0 139.71476,35.6914,0 139.71508,35.69144,0 139.71522,35.69146,0 139.71535,35.69146,0 139.71548,35.69146,0 139.71561,35.69145,0 139.71574,35.69144,0 139.7165,35.69131,0 139.71684,35.69124,0 139.71687,35.69124,0 139.71712,35.69126,0 139.71749,35.69134,0 139.71765,35.69137,0 139.71848,35.69157,0 139.71865,35.69162,0 139.71894,35.6917,0 139.71908,35.69173,0 139.71963,35.69188,0 139.72014,35.69203,0 139.72062,35.69216,0 139.72082,35.69221,0 139.72093,35.69224,0 139.72122,35.69231,0 139.72157,35.6924,0 139.72175,35.69244,0 139.72184,35.69246,0 139.72227,35.69245,0 139.7224,35.69245,0 139.72339,35.69244,0 139.72349,35.69244,0 139.7237,35.69242,0 139.72395,35.69239,0 139.72482,35.69231,0 139.72497,35.6923,0 139.7252,35.69229,0 139.72558,35.69236,0 139.72563,35.69236,0 139.72569,35.69235,0 139.72574,35.69233,0 139.72578,35.69232,0 139.72582,35.6923,0 139.72595,35.69224,0 139.72612,35.69217,0 139.72705,35.69171,0 139.72727,35.6916,0 139.72747,35.6915,0 139.72758,35.69146,0 139.72769,35.69142,0 139.72779,35.69139,0 139.72788,35.69137,0 139.72797,35.69135,0 139.72807,35.69133,0 139.7285,35.69129,0 139.72869,35.69128,0 139.72992,35.69117,0 139.73042,35.69114,0 139.7307,35.69113,0 139.73136,35.69117,0 139.7319,35.69127,0 139.7321,35.69133,0 139.73293,35.69152,0 139.73313,35.69157,0 139.73345,35.69164,0 139.73356,35.69167,0 139.73371,35.6917,0</coordinates></LineString></MultiGeometry></Placemark><Placemark><name>駐停車禁止 終日</name><description></description><styleUrl>#ns</styleUrl><MultiGeometry><LineString><coordinates>139.68391,35.72269,0 139.6833,35.72359,0 139.68157,35.72689,0 139.68134,35.72725,0 139.68083,35.7276,0 139.67747,35.72952,0 139.67282,35.73168,0 139.66764,35.73355,0 139.66633,35.73397,0 139.66559,35.7342,0 139.66281,35.7348,0</coordinates></LineString></MultiGeometry></Placemark><Placemark><name>駐停車禁止 終日</name><description></description><styleUrl>#ns</styleUrl><MultiGeometry><LineString><coordinates>139.74695,35.65845,0 139.74644,35.65862,0 139.74631,35.65867,0 139.74587,35.65891,0 139.74546,35.65911,0 139.7452,35.65924,0 139.74484,35.65941,0 139.74439,35.65961,0 139.74419,35.6597,0 139.74402,35.65975,0 139.74336,35.65982,0 139.74314,35.65982,0</coordinates></LineString></MultiGeometry></Placemark><Placemark><name>駐停車禁止 07:30-09:30</name><description></description><styleUrl>#ns</styleUrl><MultiGeometry><LineString><coordinates>139.81514,35.69542,0 139.81525,35.69377,0 139.81531,35.69279,0 139.81547,35.69222,0 139.81559,35.69062,0 139.81576,35.68894,0 139.8159,35.6873,0 139.81604,35.68568,0 139.81616,35.68435,0 139.81613,35.68348,0 139.81607,35.68183,0 139.81605,35.68134,0 139.81602,35.67968,0 139.81598,35.67806,0 139.81593,35.67654,0 139.81599,35.67608,0 139.81614,35.6746,0 139.81624,35.67355,0 139.81628,35.67292,0 139.81636,35.67136,0 139.81644,35.6698,0</coordinates></LineString></MultiGeometry></Placemark><Placemark><name>駐停車禁止 終日</name><description></description><styleUrl>#ns</styleUrl><MultiGeometry><LineString><coordinates>139.81849,35.7078,0 139.81602,35.70841,0 139.81376,35.70899,0 139.81191,35.70888,0 139.81029,35.70879,0 139.8086,35.70873,0 139.80684,35.70863,0 139.80563,35.70857,0 139.80439,35.70851,0 139.80321,35.70845,0 139.80243,35.70841,0</coordinates></LineString></MultiGeometry></Placemark><Placemark><name>駐停車禁止 終日</name><description></description><styleUrl>#ns</styleUrl><MultiGeometry><LineString><coordinates>139.79124,35.70965,0 139.78785,35.7103,0 139.78351,35.71109,0 139.7783,35.71202,0</coordinates></LineString></MultiGeometry></Placemark><Placemark><name>駐停車禁止 07:00-20:00</name><description></description><styleUrl>#ns</styleUrl><MultiGeometry><LineString><coordinates>139.72024,35.68737,0 139.72032,35.68841,0</coordinates></LineString></MultiGeometry></Placemark><Placemark><name>駐停車禁止 終日</name><description></description><styleUrl>#ns</styleUrl><MultiGeometry><LineString><coordinates>139.7589,35.66834,0 139.75847,35.66752,0</coordinates></LineString></MultiGeometry></Placemark><Placemark><name>駐停車禁止 22:00-01:00</name><description></description><styleUrl>#ns</styleUrl><MultiGeometry><LineString><coordinates>139.75863,35.66734,0 139.75916,35.66716,0 139.75992,35.66691,0 139.76038,35.66675,0</coordinates></LineString></MultiGeometry></Placemark><Placemark><name>駐停車禁止 終日</name><description></description><styleUrl>#ns</styleUrl><MultiGeometry><LineString><coordinates>139.70507,35.66871,0 139.70576,35.66838,0</coordinates></LineString></MultiGeometry></Placemark><Placemark><name>駐停車禁止 終日</name><description></description><styleUrl>#ns</styleUrl><MultiGeometry><LineString><coordinates>139.70619,35.66802,0 139.70561,35.66829,0 139.70512,35.66851,0 139.70492,35.66861,0</coordinates></LineString></MultiGeometry></Placemark><Placemark><name>駐停車禁止 07:30-09:30</name><description></description><styleUrl>#ns</styleUrl><MultiGeometry><LineString><coordinates>139.80218,35.70841,0 139.80062,35.70809,0 139.79873,35.7077,0 139.79861,35.70759,0 139.79746,35.70472,0 139.79696,35.70358,0 139.79723,35.7002,0 139.79808,35.69095,0 139.79869,35.68376,0 139.79871,35.68344,0 139.7989,35.68204,0 139.7992,35.67958,0 139.79776,35.67783,0 139.79642,35.67613,0 139.79621,35.67491,0 139.79615,35.67451,0 139.7961,35.67421,0 139.79596,35.67388,0 139.79597,35.67385,0 139.79594,35.67383,0 139.79513,35.67254,0 139.79513,35.67254,0 139.79514,35.67254,0 139.79514,35.67253,0</coordinates></LineString></MultiGeometry></Placemark><Placemark><name>駐停車禁止 終日</name><description></description><styleUrl>#ns</styleUrl><MultiGeometry><LineString><coordinates>139.78868,35.676,0 139.78589,35.67662,0 139.78441,35.67741,0 139.78236,35.67866,0 139.78054,35.6797,0 139.77121,35.68342,0</coordinates></LineString></MultiGeometry></Placemark><Placemark><name>駐停車禁止 終日</name><description></description><styleUrl>#ns</styleUrl><MultiGeometry><LineString><coordinates>139.79517,35.67238,0 139.79556,35.6722,0 139.79614,35.67194,0 139.79646,35.67182,0 139.7973,35.67145,0 139.79753,35.67135,0 139.79764,35.6713,0 139.79808,35.6711,0 139.79838,35.67097,0 139.79864,35.67086,0 139.79898,35.67071,0 139.79978,35.67035,0 139.80023,35.67016,0 139.80047,35.67004,0 139.80083,35.66996,0</coordinates></LineString></MultiGeometry></Placemark><Placemark><name>駐停車禁止 07:30-09:30</name><description></description><styleUrl>#ns</styleUrl><MultiGeometry><LineString><coordinates>139.8256,35.66982,0 139.82448,35.66976,0 139.82304,35.66969,0 139.82086,35.66961,0 139.81873,35.66952,0 139.81658,35.66943,0 139.81505,35.66937,0 139.81334,35.66932,0 139.81086,35.66922,0 139.80892,35.6692,0 139.80694,35.66926,0 139.80354,35.6694,0 139.80206,35.66943,0 139.80107,35.6697,0</coordinates></LineString></MultiGeometry></Placemark><Placemark><name>駐停車禁止 07:30-09:00</name><description></description><styleUrl>#ns</styleUrl><MultiGeometry><LineString><coordinates>139.80159,35.71513,0 139.7989,35.71574,0 139.79884,35.71577,0 139.79791,35.71599,0 139.7902,35.71793,0 139.78839,35.71843,0 139.78417,35.71979,0</coordinates></LineString></MultiGeometry></Placemark><Placemark><name>駐停車禁止 07:30-09:00</name><description></description><styleUrl>#ns</styleUrl><MultiGeometry><LineString><coordinates>139.79078,35.72883,0 139.79122,35.72228,0 139.79128,35.72122,0 139.7916,35.7207,0 139.79203,35.71998,0 139.79248,35.71925,0 139.79268,35.71886,0 139.79278,35.71866,0 139.79278,35.71791,0 139.79274,35.71646,0 139.79266,35.7151,0 139.79263,35.71444,0 139.79199,35.71111,0 139.79155,35.70978,0</coordinates></LineString></MultiGeometry></Placemark><Placemark><name>駐停車禁止 07:30-09:00</name><description></description><styleUrl>#ns</styleUrl><MultiGeometry><LineString><coordinates>139.77663,35.73666,0 139.77868,35.73393,0 139.77902,35.72482,0 139.77889,35.72443,0 139.77864,35.72372,0 139.77842,35.72326,0</coordinates></LineString></MultiGeometry></Placemark><Placemark><name>駐停車禁止 07:30-09:00</name><description></description><styleUrl>#ns</styleUrl><MultiGeometry><LineString><coordinates>139.76078,35.70751,0 139.76122,35.70753,0 139.76283,35.70752,0 139.76381,35.70751,0 139.76443,35.70745,0 139.76561,35.70735,0 139.76594,35.70732,0 139.76637,35.70743,0 139.76693,35.70758,0 139.76789,35.70808,0 139.76818,35.70821,0 139.76844,35.70828,0 139.76895,35.70831,0 139.76915,35.7083,0 139.76942,35.70826,0 139.7701,35.70822,0 139.77184,35.70808,0 139.77346,35.70794,0 139.77534,35.70774,0 139.77656,35.70761,0 139.77809,35.70744,0 139.77994,35.70723,0 139.78115,35.7071,0 139.78205,35.707,0 139.78366,35.70683,0 139.7851,35.70668,0 139.78659,35.70652,0 139.78742,35.70643,0 139.78837,35.70633,0 139.78984,35.7062,0 139.79063,35.70612,0 139.79103,35.706,0 139.7929,35.70535,0</coordinates></LineString></MultiGeometry></Placemark><Placemark><name>駐停車禁止 07:30-09:00</name><description></description><styleUrl>#ns</styleUrl><MultiGeometry><LineString><coordinates>139.79744,35.71074,0 139.79705,35.71078,0 139.79635,35.71087,0 139.79565,35.71096,0 139.79495,35.71105,0 139.79425,35.71114,0 139.79355,35.71124,0 139.79227,35.71141,0</coordinates></LineString></MultiGeometry></Placemark><Placemark><name>駐停車禁止 終日</name><description></description><styleUrl>#ns</styleUrl><MultiGeometry><LineString><coordinates>139.79778,35.71109,0 139.79782,35.7117,0 139.79785,35.71224,0 139.79787,35.71258,0 139.79788,35.71276,0 139.79804,35.71337,0 139.79816,35.71379,0 139.79825,35.71415,0 139.79835,35.71452,0 139.79844,35.71488,0 139.79853,35.71525,0 139.79862,35.71561,0 139.79862,35.71563,0</coordinates></LineString></MultiGeometry></Placemark><Placemark><name>駐停車禁止 終日</name><description></description><styleUrl>#ns</styleUrl><MultiGeometry><LineString><coordinates>139.76551,35.70017,0 139.76552,35.70022,0 139.76573,35.70069,0 139.76597,35.70122,0</coordinates></LineString></MultiGeometry></Placemark><Placemark><name>駐停車禁止 07:30-09:00</name><description></description><styleUrl>#ns</styleUrl><MultiGeometry><LineString><coordinates>139.74948,35.73224,0 139.75,35.73169,0 139.75026,35.73142,0 139.75101,35.73056,0 139.75114,35.73037,0 139.75149,35.72974,0 139.75175,35.72924,0 139.752,35.72877,0 139.75217,35.72841,0 139.75232,35.72804,0 139.75256,35.72754,0 139.75271,35.72731,0 139.75278,35.72718,0 139.75324,35.72678,0 139.75345,35.72657,0 139.75356,35.72607,0 139.75361,35.72561,0 139.75373,35.7251,0 139.75381,35.72468,0 139.75397,35.72384,0 139.75418,35.72303,0 139.75487,35.72217,0 139.75564,35.72111,0 139.75603,35.72066,0 139.75706,35.71942,0 139.75764,35.71867,0 139.75784,35.71832,0 139.75802,35.71803,0 139.75841,35.71689,0 139.75864,35.71602,0 139.75902,35.71458,0 139.75926,35.7137,0 139.75966,35.71216,0 139.76007,35.71062,0 139.76036,35.7095,0 139.76046,35.70871,0 139.76071,35.70721,0 139.7609,35.70574,0 139.76108,35.70519,0 139.76118,35.70504,0</coordinates></LineString></MultiGeometry></Placemark><Placemark><name>駐停車禁止 終日</name><description></description><styleUrl>#ns</styleUrl><MultiGeometry><LineString><coordinates>139.76586,35.7015,0 139.76415,35.70261,0 139.76362,35.70295,0 139.76343,35.70305,0 139.76313,35.70324,0 139.76303,35.70332,0 139.76285,35.70343,0 139.76274,35.70351,0 139.76202,35.70398,0 139.76162,35.70427,0 139.76127,35.70464,0 139.76108,35.70495,0 139.76096,35.70516,0 139.76078,35.70556,0 139.76078,35.70573,0 139.7607,35.70632,0 139.76058,35.70725,0</coordinates></LineString></MultiGeometry></Placemark><Placemark><name>駐停車禁止 07:30-09:00</name><description></description><styleUrl>#ns</styleUrl><MultiGeometry><LineString><coordinates>139.7303,35.72535,0 139.73066,35.72446,0 139.73111,35.72321,0 139.73168,35.72169,0 139.73173,35.72158,0 139.73178,35.72149,0 139.73201,35.72126,0 139.73239,35.72085,0 139.73281,35.72044,0 139.7331,35.7202,0 139.7333,35.72004,0 139.73387,35.71965,0 139.7346,35.71922,0 139.73516,35.71887,0 139.73615,35.71823,0 139.7383,35.7168,0 139.73919,35.71613,0 139.73992,35.71535,0 139.74048,35.71446,0 139.74064,35.71427,0 139.74265,35.71286,0 139.74325,35.71248,0 139.74329,35.71242,0 139.74341,35.71239,0 139.74477,35.71142,0 139.74529,35.71102,0 139.74697,35.71021,0 139.74786,35.70983,0 139.74826,35.70961,0 139.74946,35.70869,0 139.75,35.70853,0 139.75094,35.70848,0 139.75341,35.70845,0</coordinates></LineString></MultiGeometry></Placemark><Placemark><name>駐停車禁止 07:30-09:00</name><description></description><styleUrl>#ns</styleUrl><MultiGeometry><LineString><coordinates>139.70522,35.71324,0 139.70638,35.71262,0 139.70709,35.71222,0 139.7077,35.71192,0 139.70895,35.71168,0 139.71034,35.71143,0 139.71108,35.71122,0 139.71145,35.71107,0 139.71305,35.71019,0 139.71357,35.70992,0 139.71414,35.7098,0 139.71521,35.70963,0 139.71636,35.70941,0 139.71653,35.70932,0 139.71675,35.70912,0 139.71777,35.70769,0 139.71809,35.70736,0 139.71875,35.70668,0 139.71899,35.70647,0 139.71957,35.70613,0 139.71978,35.70603,0</coordinates></LineString></MultiGeometry></Placemark><Placemark><name>駐停車禁止 終日</name><description></description><styleUrl>#ns</styleUrl><MultiGeometry><LineString><coordinates>139.77779,35.65922,0 139.7786,35.65844,0 139.77912,35.65793,0 139.77948,35.65758,0 139.78026,35.6568,0 139.78102,35.65603,0 139.78165,35.65542,0</coordinates></LineString></MultiGeometry></Placemark><Placemark><name>駐停車禁止 07:30-09:30</name><description></description><styleUrl>#ns</styleUrl><MultiGeometry><LineString><coordinates>139.82197,35.66933,0 139.82195,35.66961,0</coordinates></LineString></MultiGeometry></Placemark><Placemark><name>駐停車禁止 07:30-09:30</name><description></description><styleUrl>#ns</styleUrl><MultiGeometry><LineString><coordinates>139.79471,35.67209,0 139.79461,35.67197,0 139.79357,35.67107,0 139.79189,35.66972,0 139.79074,35.66885,0 139.78853,35.66716,0 139.78642,35.66558,0 139.78465,35.66419,0 139.78263,35.66277,0 139.78006,35.66094,0 139.778,35.65953,0</coordinates></LineString></MultiGeometry></Placemark><Placemark><name>駐停車禁止 07:30-09:00</name><description></description><styleUrl>#ns</styleUrl><MultiGeometry><LineString><coordinates>139.74182,35.7561,0 139.74197,35.75629,0 139.74208,35.75641,0 139.74238,35.75672,0 139.74268,35.75703,0 139.74289,35.75725,0 139.74335,35.75772,0 139.74377,35.75816,0 139.74393,35.75833,0</coordinates></LineString></MultiGeometry></Placemark><Placemark><name>駐停車禁止 07:30-09:00</name><description></description><styleUrl>#ns</styleUrl><MultiGeometry><LineString><coordinates>139.73437,35.76941,0 139.73609,35.76387,0 139.73744,35.76154,0 139.73772,35.76044,0 139.73737,35.75756,0 139.73713,35.75468,0 139.73797,35.75368,0 139.73797,35.75364,0</coordinates></LineString></MultiGeometry></Placemark><Placemark><name>駐停車禁止 終日</name><description></description><styleUrl>#ns</styleUrl><MultiGeometry><LineString><coordinates>139.71082,35.66305,0 139.71216,35.66231,0 139.71287,35.66192,0 139.71329,35.66171,0 139.71379,35.66147,0 139.71426,35.66124,0 139.71485,35.66096,0 139.71627,35.66039,0 139.71859,35.65954,0</coordinates></LineString></MultiGeometry></Placemark><Placemark><name>駐停車禁止 07:30-09:00</name><description></description><styleUrl>#ns</styleUrl><MultiGeometry><LineString><coordinates>139.74935,35.67028,0 139.74883,35.66942,0 139.74857,35.669,0 139.74843,35.66876,0 139.74826,35.6684,0 139.74796,35.66772,0 139.74777,35.66732,0 139.74752,35.66676,0 139.74736,35.66642,0 139.74712,35.6659,0 139.74681,35.66517,0 139.74659,35.66467,0 139.74652,35.6645,0 139.74644,35.66438,0 139.74627,35.66419,0 139.74605,35.66397,0 139.74573,35.66363,0 139.7452,35.66307,0 139.74466,35.6625,0 139.74418,35.66196,0 139.74396,35.66169,0 139.74366,35.66131,0 139.74348,35.66108,0 139.74337,35.66091,0 139.74327,35.66076,0</coordinates></LineString></MultiGeometry></Placemark><Placemark><name>駐停車禁止 終日</name><description></description><styleUrl>#ns</styleUrl><MultiGeometry><LineString><coordinates>139.73588,35.64559,0 139.73591,35.64508,0 139.73592,35.64482,0 139.7362,35.64427,0 139.73634,35.64399,0</coordinates></LineString></MultiGeometry></Placemark><Placemark><name>駐停車禁止 07:30-09:00</name><description></description><styleUrl>#ns</styleUrl><MultiGeometry><LineString><coordinates>139.79813,35.71132,0 139.79831,35.71153,0</coordinates></LineString></MultiGeometry></Placemark><Placemark><name>駐停車禁止 終日</name><description></description><styleUrl>#ns</styleUrl><MultiGeometry><LineString><coordinates>139.72099,35.63545,0 139.72185,35.63591,0 139.72242,35.63622,0 139.7229,35.63647,0 139.72352,35.63673,0 139.72404,35.63695,0 139.72414,35.63699,0 139.72499,35.63736,0 139.72569,35.63767,0 139.72645,35.63802,0 139.72741,35.63846,0 139.72784,35.63867,0 139.728,35.63875,0 139.72842,35.639,0 139.7285,35.63905,0 139.72904,35.63937,0 139.72941,35.63961,0 139.72975,35.63981,0 139.73029,35.64007,0 139.73046,35.64013,0 139.73066,35.64017,0 139.73155,35.64028,0 139.73231,35.64037,0 139.73264,35.64039,0</coordinates></LineString></MultiGeometry></Placemark><Placemark><name>駐停車禁止 終日</name><description></description><styleUrl>#ns</styleUrl><MultiGeometry><LineString><coordinates>139.74823,35.61148,0 139.75004,35.61163,0 139.75049,35.61166,0 139.75068,35.61166,0 139.75104,35.61165,0 139.75282,35.61155,0</coordinates></LineString></MultiGeometry></Placemark><Placemark><name>駐停車禁止 07:00-09:00</name><description></description><styleUrl>#ns</styleUrl><MultiGeometry><LineString><coordinates>139.71433,35.73214,0 139.71609,35.73308,0 139.71672,35.73344,0 139.71699,35.73366,0 139.71898,35.73549,0 139.72165,35.73792,0 139.723,35.73917,0 139.72472,35.74071,0 139.72621,35.74204,0 139.72679,35.74279,0 139.72737,35.74359,0 139.72849,35.74448,0 139.72955,35.74526,0 139.73077,35.74616,0 139.73395,35.74853,0 139.73582,35.74982,0 139.73719,35.7507,0</coordinates></LineString></MultiGeometry></Placemark><Placemark><name>駐停車禁止 07:30-09:30</name><description></description><styleUrl>#ns</styleUrl><MultiGeometry><LineString><coordinates>139.81501,35.698,0 139.81501,35.69803,0 139.81488,35.69948,0 139.81488,35.69951,0 139.81486,35.6997,0 139.81485,35.69984,0 139.81481,35.70037,0 139.81476,35.70095,0 139.81471,35.70138,0 139.81466,35.70209,0 139.81461,35.70269,0 139.81459,35.70287,0 139.81455,35.70334,0 139.81448,35.70417,0 139.81444,35.70459,0 139.81439,35.70519,0 139.81436,35.70553,0 139.81435,35.70567,0 139.81426,35.70652,0 139.81424,35.70674,0 139.81406,35.70748,0 139.81402,35.70764,0 139.81401,35.70769,0 139.81375,35.70881,0 139.81375,35.70884,0</coordinates></LineString></MultiGeometry></Placemark><Placemark><name>駐停車禁止 07:30-09:00</name><description></description><styleUrl>#ns</styleUrl><MultiGeometry><LineString><coordinates>139.71196,35.64875,0 139.71303,35.64852,0 139.71456,35.64834,0 139.71458,35.64833,0 139.71461,35.64833,0 139.71469,35.64833,0 139.71474,35.64833,0 139.71479,35.64835,0 139.71674,35.64863,0 139.71891,35.64898,0 139.72023,35.64836,0 139.72134,35.64806,0 139.72271,35.64777,0 139.72305,35.64767,0 139.72342,35.64756,0 139.72394,35.6472,0 139.72422,35.64698,0 139.72496,35.64673,0 139.72552,35.64671,0 139.72629,35.64677,0 139.72639,35.64677,0 139.72729,35.6468,0 139.72802,35.64682,0 139.72866,35.64699,0 139.72913,35.64713,0 139.72948,35.64719,0 139.72982,35.64718,0 139.73052,35.64722,0 139.73123,35.6473,0 139.73212,35.64743,0 139.73265,35.64743,0 139.73306,35.64737,0 139.73361,35.64717,0 139.73397,35.64699,0 139.7343,35.64685,0 139.73465,35.64677,0 139.73564,35.64665,0</coordinates></LineString></MultiGeometry></Placemark><Placemark><name>駐停車禁止 07:00-10:00</name><description></description><styleUrl>#ns</styleUrl><MultiGeometry><LineString><coordinates>139.66505,35.70987,0 139.66509,35.7095,0 139.66512,35.70921,0 139.66515,35.70893,0 139.66519,35.70863,0 139.6652,35.70848,0 139.6652,35.70834,0 139.66521,35.70821,0 139.66523,35.70803,0 139.66526,35.70776,0 139.66529,35.70747,0 139.66532,35.70717,0 139.66536,35.70688,0 139.66537,35.70669,0 139.6654,35.70651,0 139.66545,35.70608,0 139.66551,35.70549,0 139.66552,35.70539,0 139.66554,35.70534,0</coordinates></LineString></MultiGeometry></Placemark><Placemark><name>駐停車禁止 終日</name><description></description><styleUrl>#ns</styleUrl><MultiGeometry><LineString><coordinates>139.71305,35.73117,0 139.71312,35.73081,0 139.71315,35.73065,0 139.7131,35.73051,0 139.71302,35.73035,0 139.71299,35.73023,0 139.71289,35.73003,0 139.71268,35.72972,0 139.71226,35.72928,0</coordinates></LineString></MultiGeometry></Placemark><Placemark><name>駐停車禁止 終日</name><description></description><styleUrl>#ns</styleUrl><MultiGeometry><LineString><coordinates>139.79294,35.68784,0 139.79326,35.68795,0 139.79405,35.68797,0 139.7964,35.68794,0 139.79711,35.68797,0 139.80063,35.68811,0 139.8042,35.68831,0 139.80693,35.68842,0 139.80858,35.68853,0 139.81044,35.68866,0 139.81181,35.68876,0 139.81392,35.68888,0 139.81575,35.68899,0 139.8179,35.68907,0 139.81988,35.68915,0</coordinates></LineString></MultiGeometry></Placemark><Placemark><name>駐停車禁止 終日</name><description></description><styleUrl>#ns</styleUrl><MultiGeometry><LineString><coordinates>139.75413,35.70836,0 139.75433,35.70833,0 139.75599,35.70748,0 139.75658,35.70731,0 139.76049,35.70749,0</coordinates></LineString></MultiGeometry></Placemark><Placemark><name>駐停車禁止 07:00-09:00</name><description></description><styleUrl>#ns</styleUrl><MultiGeometry><LineString><coordinates>139.7283,35.59061,0 139.7265,35.59113,0 139.72627,35.5912,0 139.72596,35.59125,0 139.72569,35.59129,0 139.72546,35.59134,0 139.7248,35.59157,0 139.72475,35.59158,0 139.7247,35.5916,0 139.72465,35.59162,0 139.7246,35.59164,0 139.72455,35.59165,0 139.7245,35.59166,0 139.72445,35.59168,0 139.7244,35.59169,0 139.72435,35.5917,0 139.7243,35.59171,0 139.72424,35.59172,0 139.72419,35.59173,0 139.72414,35.59173,0 139.72285,35.59178,0 139.72115,35.5919,0 139.71873,35.59166,0</coordinates></LineString></MultiGeometry></Placemark><Placemark><name>駐停車禁止 07:30-09:00</name><description></description><styleUrl>#ns</styleUrl><MultiGeometry><LineString><coordinates>139.71165,35.72627,0 139.71131,35.72484,0 139.71327,35.71956,0 139.71354,35.71894,0 139.71163,35.71489,0 139.7112,35.714,0 139.71063,35.71304,0 139.71041,35.71272,0 139.71017,35.71185,0 139.71012,35.71168,0 139.70915,35.70841,0 139.70826,35.70197,0 139.70793,35.70023,0 139.70697,35.69509,0</coordinates></LineString></MultiGeometry></Placemark><Placemark><name>駐停車禁止 07:30-09:00</name><description></description><styleUrl>#ns</styleUrl><MultiGeometry><LineString><coordinates>139.66872,35.7165,0 139.66859,35.71632,0 139.66841,35.71616,0 139.66826,35.71601,0 139.66805,35.71582,0 139.66784,35.71563,0 139.66764,35.71544,0 139.66746,35.71528,0 139.66742,35.71525,0 139.66724,35.71509,0 139.66703,35.7149,0 139.66682,35.71471,0 139.66664,35.71456,0 139.66653,35.71446,0 139.66642,35.71435,0 139.66632,35.71431,0 139.66629,35.71429,0 139.66627,35.71427,0 139.66627,35.71426,0 139.66626,35.71421,0 139.66627,35.71417,0 139.66627,35.71414,0 139.66627,35.71409,0 139.66625,35.71401,0 139.66619,35.71382,0 139.66615,35.71364,0 139.66611,35.71348,0 139.66606,35.71328,0 139.66603,35.71314,0 139.66601,35.71305,0 139.66598,35.71292,0 139.6659,35.71261,0 139.66587,35.71252,0 139.66584,35.71238,0 139.66579,35.71218,0 139.66576,35.71209,0 139.66573,35.71199,0 139.66568,35.71179,0 139.66563,35.7116,0 139.6656,35.71151,0 139.66558,35.71141,0 139.66553,35.71121,0 139.66548,35.71103,0 139.66545,35.71098,0 139.66539,35.71084,0 139.66532,35.71064,0 139.66524,35.71044,0 139.66517,35.71024,0 139.66512,35.71012,0</coordinates></LineString></MultiGeometry></Placemark><Placemark><name>駐停車禁止 終日</name><description></description><styleUrl>#ns</styleUrl><MultiGeometry><LineString><coordinates>139.71258,35.73345,0 139.71311,35.73423,0 139.71321,35.73426,0 139.71437,35.73388,0 139.7144,35.73389,0 139.7156,35.73428,0 139.7161,35.73433,0 139.71621,35.73423,0</coordinates></LineString></MultiGeometry></Placemark><Placemark><name>駐停車禁止 終日</name><description></description><styleUrl>#ns</styleUrl><MultiGeometry><LineString><coordinates>139.73654,35.59134,0 139.73884,35.59136,0</coordinates></LineString></MultiGeometry></Placemark><Placemark><name>駐停車禁止 終日</name><description></description><styleUrl>#ns</styleUrl><MultiGeometry><LineString><coordinates>139.75769,35.66774,0 139.75832,35.66752,0</coordinates></LineString></MultiGeometry></Placemark><Placemark><name>駐停車禁止 終日</name><description></description><styleUrl>#ns</styleUrl><MultiGeometry><LineString><coordinates>139.69753,35.71656,0 139.70216,35.71629,0 139.70281,35.71625,0 139.70396,35.71626,0 139.7042,35.71622,0 139.71021,35.71472,0 139.71082,35.71455,0</coordinates></LineString></MultiGeometry></Placemark><Placemark><name>駐停車禁止 終日</name><description></description><styleUrl>#ns</styleUrl><MultiGeometry><LineString><coordinates>139.71162,35.72676,0 139.71063,35.72696,0 139.71014,35.72712,0 139.70933,35.72739,0 139.70891,35.72752,0</coordinates></LineString></MultiGeometry></Placemark><Placemark><name>駐停車禁止 終日</name><description></description><styleUrl>#ns</styleUrl><MultiGeometry><LineString><coordinates>139.74272,35.67058,0 139.74086,35.66872,0 139.73997,35.66776,0 139.73886,35.6667,0 139.7376,35.66578,0 139.73676,35.66536,0 139.73548,35.66468,0 139.73351,35.66367,0 139.73214,35.66308,0 139.73073,35.6624,0 139.73019,35.66217,0 139.72928,35.66176,0 139.72852,35.66137,0 139.72795,35.6611,0 139.72731,35.66088,0 139.72627,35.6605,0 139.72475,35.65994,0 139.72392,35.65974,0 139.72337,35.65965,0 139.72183,35.65947,0 139.71975,35.65936,0 139.71809,35.6592,0 139.71548,35.65895,0 139.7129,35.65872,0 139.71093,35.65852,0 139.70889,35.65836,0 139.70757,35.65823,0</coordinates></LineString></MultiGeometry></Placemark><Placemark><name>駐停車禁止 終日</name><description></description><styleUrl>#ns</styleUrl><MultiGeometry><LineString><coordinates>139.79052,35.72861,0 139.79021,35.7283,0 139.78992,35.72786,0 139.78939,35.72712,0 139.78892,35.72647,0 139.78823,35.72554,0 139.78765,35.72469,0 139.78719,35.7241,0 139.78648,35.72317,0 139.78595,35.72248,0 139.78504,35.72125,0 139.78424,35.72025,0 139.78369,35.71956,0 139.78267,35.71829,0 139.78197,35.71736,0 139.78142,35.7167,0 139.78101,35.71615,0 139.78017,35.71492,0 139.77959,35.71412,0 139.77886,35.71305,0 139.77841,35.71235,0</coordinates></LineString></MultiGeometry></Placemark><Placemark><name>駐停車禁止 終日</name><description></description><styleUrl>#ns</styleUrl><MultiGeometry><LineString><coordinates>139.77214,35.67904,0 139.77079,35.67961,0</coordinates></LineString></MultiGeometry></Placemark><Placemark><name>駐停車禁止 終日</name><description></description><styleUrl>#ns</styleUrl><MultiGeometry><LineString><coordinates>139.76936,35.67636,0 139.77012,35.67604,0 139.77066,35.67582,0</coordinates></LineString></MultiGeometry></Placemark><Placemark><name>駐停車禁止 終日</name><description></description><styleUrl>#ns</styleUrl><MultiGeometry><LineString><coordinates>139.77439,35.67816,0 139.77329,35.6786,0</coordinates></LineString></MultiGeometry></Placemark><Placemark><name>駐停車禁止 07:00-20:00</name><description></description><styleUrl>#ns</styleUrl><MultiGeometry><LineString><coordinates>139.78601,35.69456,0 139.78402,35.69487,0 139.78374,35.69491,0</coordinates></LineString></MultiGeometry></Placemark><Placemark><name>駐停車禁止 終日</name><description></description><styleUrl>#ns</styleUrl><MultiGeometry><LineString><coordinates>139.73385,35.69152,0 139.73389,35.69154,0 139.73414,35.69163,0 139.73435,35.69174,0 139.73461,35.69184,0 139.73499,35.69204,0 139.73546,35.69229,0 139.73562,35.69239,0</coordinates></LineString></MultiGeometry></Placemark><Placemark><name>駐停車禁止 終日</name><description></description><styleUrl>#ns</styleUrl><MultiGeometry><LineString><coordinates>139.72516,35.69238,0 139.72464,35.69265,0 139.72426,35.69284,0</coordinates></LineString></MultiGeometry></Placemark><Placemark><name>駐停車禁止 終日</name><description></description><styleUrl>#ns</styleUrl><MultiGeometry><LineString><coordinates>139.63506,35.69963,0 139.63577,35.69935,0 139.63642,35.69909,0 139.6365,35.69905,0</coordinates></LineString></MultiGeometry></Placemark><Placemark><name>駐停車禁止 終日</name><description></description><styleUrl>#ns</styleUrl><MultiGeometry><LineString><coordinates>139.64721,35.69776,0 139.64787,35.69778,0 139.64835,35.6978,0</coordinates></LineString></MultiGeometry></Placemark><Placemark><name>駐停車禁止 終日</name><description></description><styleUrl>#ns</styleUrl><MultiGeometry><LineString><coordinates>139.6488,35.69783,0 139.64996,35.69789,0</coordinates></LineString></MultiGeometry></Placemark><Placemark><name>駐停車禁止 終日</name><description></description><styleUrl>#ns</styleUrl><MultiGeometry><LineString><coordinates>139.79215,35.6737,0 139.79302,35.67332,0 139.79331,35.67319,0 139.79358,35.67306,0 139.794,35.67287,0 139.79414,35.67282,0 139.79467,35.67259,0</coordinates></LineString></MultiGeometry></Placemark><Placemark><name>駐停車禁止 07:30-09:30</name><description></description><styleUrl>#ns</styleUrl><MultiGeometry><LineString><coordinates>139.80106,35.6699,0 139.80231,35.66961,0 139.80438,35.66956,0 139.80558,35.66951,0 139.80836,35.6694,0 139.81055,35.66936,0 139.81847,35.6697,0 139.82561,35.67,0</coordinates></LineString></MultiGeometry></Placemark><Placemark><name>駐停車禁止 終日</name><description></description><styleUrl>#ns</styleUrl><MultiGeometry><LineString><coordinates>139.80081,35.66977,0 139.80043,35.66987,0 139.79952,35.67026,0 139.79906,35.67047,0 139.79886,35.67055,0 139.79856,35.67068,0 139.79855,35.67068,0 139.79829,35.6708,0 139.79754,35.67113,0 139.79735,35.67121,0 139.7968,35.67146,0 139.79623,35.6717,0 139.79591,35.67185,0 139.79566,35.67195,0 139.79529,35.67211,0 139.7951,35.67219,0 139.7946,35.6724,0 139.79325,35.67301,0</coordinates></LineString></MultiGeometry></Placemark><Placemark><name>駐停車禁止 終日</name><description></description><styleUrl>#ns</styleUrl><MultiGeometry><LineString><coordinates>139.79294,35.67314,0 139.79234,35.6734,0 139.79191,35.6736,0 139.79176,35.67369,0 139.79167,35.67375,0 139.7916,35.6738,0 139.79147,35.6739,0 139.79115,35.67412,0 139.79094,35.67426,0 139.79077,35.67437,0 139.79061,35.6745,0 139.79038,35.67465,0 139.79005,35.67488,0 139.78989,35.67501,0 139.78954,35.67526,0 139.78907,35.67567,0 139.78883,35.67584,0</coordinates></LineString></MultiGeometry></Placemark><Placemark><name>駐停車禁止 終日</name><description></description><styleUrl>#ns</styleUrl><MultiGeometry><LineString><coordinates>139.63584,35.70037,0 139.63566,35.69964,0</coordinates></LineString></MultiGeometry></Placemark><Placemark><name>駐停車禁止 終日</name><description></description><styleUrl>#ns</styleUrl><MultiGeometry><LineString><coordinates>139.66495,35.70958,0 139.66494,35.70967,0 139.66493,35.70984,0 139.66492,35.70991,0 139.66493,35.71001,0 139.66501,35.7102,0 139.66508,35.71039,0 139.66512,35.71049,0</coordinates></LineString></MultiGeometry></Placemark><Placemark><name>駐停車禁止 終日</name><description></description><styleUrl>#ns</styleUrl><MultiGeometry><LineString><coordinates>139.72276,35.64729,0 139.72289,35.64771,0 139.72289,35.64792,0</coordinates></LineString></MultiGeometry></Placemark><Placemark><name>駐停車禁止 終日</name><description></description><styleUrl>#ns</styleUrl><MultiGeometry><LineString><coordinates>139.80196,35.71096,0 139.80177,35.71101,0 139.8016,35.71104,0 139.80144,35.71103,0 139.80129,35.71099,0 139.80113,35.71092,0 139.80101,35.71083,0 139.8009,35.71074,0 139.80018,35.71,0 139.79995,35.70976,0 139.79991,35.70972,0</coordinates></LineString></MultiGeometry></Placemark><Placemark><name>駐停車禁止 終日</name><description></description><styleUrl>#ns</styleUrl><MultiGeometry><LineString><coordinates>139.70499,35.66786,0 139.70522,35.66821,0 139.7054,35.66844,0 139.70589,35.66906,0</coordinates></LineString></MultiGeometry></Placemark><Placemark><name>駐停車禁止 07:00-20:00</name><description></description><styleUrl>#ns</styleUrl><MultiGeometry><LineString><coordinates>139.75445,35.6959,0 139.75506,35.69594,0 139.75525,35.69594,0 139.75554,35.69595,0 139.75586,35.69596,0</coordinates></LineString></MultiGeometry></Placemark><Placemark><name>駐停車禁止 07:00-20:00</name><description></description><styleUrl>#ns</styleUrl><MultiGeometry><LineString><coordinates>139.75741,35.69599,0 139.75801,35.69601,0 139.75824,35.69601,0 139.75876,35.69603,0</coordinates></LineString></MultiGeometry></Placemark><Placemark><name>駐停車禁止 07:00-20:00</name><description></description><styleUrl>#ns</styleUrl><MultiGeometry><LineString><coordinates>139.76455,35.6945,0 139.76522,35.69463,0 139.76555,35.69471,0 139.76592,35.69485,0</coordinates></LineString></MultiGeometry></Placemark><Placemark><name>駐停車禁止 07:00-20:00</name><description></description><styleUrl>#ns</styleUrl><MultiGeometry><LineString><coordinates>139.75818,35.69532,0 139.75807,35.69583,0 139.758,35.69614,0 139.7579,35.69644,0</coordinates></LineString></MultiGeometry></Placemark><Placemark><name>駐停車禁止 終日</name><description></description><styleUrl>#ns</styleUrl><MultiGeometry><LineString><coordinates>139.76161,35.69611,0 139.76151,35.69574,0 139.76146,35.69558,0 139.76138,35.6953,0 139.76133,35.69485,0</coordinates></LineString></MultiGeometry></Placemark><Placemark><name>駐停車禁止 07:00-20:00</name><description></description><styleUrl>#ns</styleUrl><MultiGeometry><LineString><coordinates>139.76526,35.69536,0 139.76539,35.69468,0 139.76549,35.69443,0 139.76541,35.69406,0</coordinates></LineString></MultiGeometry></Placemark><Placemark><name>駐停車禁止 終日</name><description></description><styleUrl>#ns</styleUrl><MultiGeometry><LineString><coordinates>139.76687,35.69522,0 139.76725,35.69538,0 139.76802,35.69568,0</coordinates></LineString></MultiGeometry></Placemark><Placemark><name>駐停車禁止 07:00-20:00</name><description></description><styleUrl>#ns</styleUrl><MultiGeometry><LineString><coordinates>139.76742,35.69485,0 139.76743,35.69523,0 139.76741,35.69548,0 139.76742,35.69584,0</coordinates></LineString></MultiGeometry></Placemark><Placemark><name>駐停車禁止 終日</name><description></description><styleUrl>#ns</styleUrl><MultiGeometry><LineString><coordinates>139.7579,35.64283,0 139.75791,35.64139,0 139.75796,35.63935,0 139.75796,35.63893,0 139.75795,35.6383,0 139.75795,35.63772,0 139.75796,35.63741,0 139.75795,35.63722,0 139.75793,35.63706,0 139.7579,35.63692,0 139.75781,35.63675,0 139.75772,35.6366,0 139.75761,35.63645,0 139.75749,35.63634,0 139.75736,35.63625,0 139.75723,35.63617,0 139.75708,35.63609,0 139.75692,35.63602,0 139.75674,35.63598,0 139.75655,35.63594,0 139.75637,35.63592,0 139.75617,35.63592,0 139.75598,35.63594,0 139.75577,35.63598,0 139.75561,35.63603,0 139.75542,35.63613,0 139.75525,35.63624,0 139.75509,35.63636,0 139.75498,35.63645,0 139.7549,35.63655,0 139.75481,35.63668,0 139.75474,35.63682,0 139.75469,35.63697,0 139.75465,35.63712,0 139.75463,35.63725,0 139.75464,35.6374,0 139.75468,35.63758,0 139.75474,35.63774,0 139.75482,35.6379,0 139.75493,35.63805,0 139.75504,35.63815,0 139.75518,35.63828,0 139.75535,35.63839,0 139.75551,35.63846,0 139.75569,35.63853,0 139.75586,35.63857,0 139.75604,35.63861,0 139.75625,35.63862,0 139.75642,35.63862,0 139.75665,35.63858,0 139.75683,35.63855,0 139.75707,35.6385,0 139.7576,35.63838,0 139.75803,35.63827,0 139.75832,35.63819,0 139.75977,35.63777,0 139.7603,35.63759,0 139.76044,35.63755,0 139.7618,35.63712,0 139.76332,35.63663,0 139.76418,35.63636,0 139.76596,35.6358,0 139.7673,35.63537,0 139.76729,35.63534,0 139.76775,35.6352,0 139.7681,35.6351,0 139.76845,35.635,0 139.7687,35.63497,0 139.76913,35.63492,0 139.76938,35.63493,0 139.76968,35.63494,0 139.76996,35.63496,0 139.77058,35.63502,0 139.77082,35.63509,0 139.771,35.63515,0 139.7714,35.6353,0 139.77173,35.63541,0 139.77197,35.6355,0 139.77235,35.63563,0 139.77271,35.63575,0 139.77295,35.63584,0 139.77321,35.63593,0 139.77349,35.63602,0 139.77373,35.63609,0 139.77437,35.63625,0 139.77465,35.63629,0 139.77496,35.6363,0 139.77522,35.63628,0 139.77542,35.63625,0 139.77572,35.63618,0 139.77601,35.63611,0 139.77621,35.63604,0 139.77641,35.63595,0 139.77667,35.6358,0 139.77686,35.6357,0 139.77701,35.63561,0 139.77716,35.6355,0 139.77729,35.63536,0 139.77746,35.63516,0 139.77788,35.63464,0 139.77822,35.63423,0 139.77841,35.63399,0 139.77866,35.63371,0 139.77892,35.63343,0 139.77946,35.63282,0 139.77992,35.63226,0 139.78046,35.6316,0 139.78067,35.63133,0</coordinates></LineString></MultiGeometry></Placemark><Placemark><name>駐停車禁止 終日</name><description></description><styleUrl>#ns</styleUrl><MultiGeometry><LineString><coordinates>139.78043,35.63103,0 139.78013,35.63132,0 139.78006,35.6314,0 139.77951,35.63209,0 139.77903,35.63269,0 139.77857,35.63328,0 139.77842,35.63346,0 139.77794,35.63414,0 139.77765,35.63449,0 139.77719,35.63506,0 139.77706,35.63521,0 139.77691,35.63535,0 139.77675,35.63548,0 139.77664,35.63556,0 139.77653,35.63563,0 139.77638,35.63571,0 139.77628,35.63576,0 139.77609,35.63585,0 139.77591,35.63591,0 139.77571,35.63597,0 139.77557,35.63599,0 139.77531,35.63603,0 139.77513,35.63605,0 139.77492,35.63606,0 139.7747,35.63606,0 139.77449,35.63605,0 139.77429,35.63603,0 139.77409,35.63601,0 139.77382,35.63596,0 139.77366,35.63593,0 139.77329,35.63581,0 139.77276,35.63563,0 139.77216,35.63542,0 139.77198,35.63536,0 139.77175,35.63527,0 139.77149,35.63518,0 139.77105,35.63502,0 139.77073,35.63489,0 139.77051,35.63482,0 139.77016,35.63474,0 139.77001,35.63472,0 139.76979,35.63471,0 139.76953,35.6347,0 139.76931,35.6347,0 139.76906,35.63472,0 139.76866,35.63476,0 139.76846,35.63479,0 139.76828,35.63483,0 139.76805,35.63489,0 139.76778,35.63497,0 139.76753,35.63504,0 139.76724,35.63512,0 139.76691,35.63523,0 139.76635,35.6354,0 139.76587,35.63555,0 139.76498,35.63584,0 139.76397,35.63616,0 139.76294,35.63648,0 139.7617,35.63688,0 139.76045,35.63728,0 139.76011,35.63738,0 139.75907,35.63774,0 139.75833,35.63798,0 139.75801,35.63807,0 139.75752,35.63819,0 139.75708,35.63829,0 139.75687,35.63833,0 139.75668,35.63835,0 139.75651,35.63836,0 139.75631,35.63836,0 139.75615,35.63835,0 139.75602,35.63833,0 139.75588,35.6383,0 139.75573,35.63824,0 139.75559,35.63818,0 139.75543,35.63809,0 139.75532,35.63801,0 139.75523,35.63792,0 139.75514,35.6378,0 139.75507,35.63769,0 139.75501,35.63753,0 139.75498,35.6374,0 139.75497,35.63729,0 139.75498,35.63716,0 139.75502,35.63702,0 139.75506,35.63691,0 139.75511,35.6368,0 139.75518,35.6367,0 139.75526,35.63661,0 139.75535,35.63653,0 139.75548,35.63643,0 139.75559,35.63635,0 139.75568,35.6363,0 139.7558,35.63625,0 139.75593,35.63622,0 139.75608,35.6362,0 139.75624,35.63619,0 139.75636,35.63619,0 139.75652,35.63621,0 139.75667,35.63625,0 139.75684,35.6363,0 139.75696,35.63634,0 139.75709,35.63642,0 139.75721,35.63651,0 139.75729,35.63659,0 139.75737,35.63667,0 139.75745,35.63677,0 139.75751,35.63688,0 139.75756,35.637,0 139.75762,35.63717,0 139.75767,35.63732,0 139.75769,35.63747,0 139.7577,35.63761,0 139.75771,35.6378,0 139.75771,35.63799,0 139.7577,35.63841,0 139.75771,35.63934,0 139.7577,35.64021,0 139.7577,35.64044,0 139.75769,35.64082,0 139.75768,35.6416,0 139.75766,35.64281,0</coordinates></LineString></MultiGeometry></Placemark><Placemark><name>駐停車禁止 07:00-20:00</name><description></description><styleUrl>#ns</styleUrl><MultiGeometry><LineString><coordinates>139.76188,35.69498,0 139.76159,35.6952,0 139.76144,35.69531,0 139.76113,35.69554,0 139.76077,35.69579,0</coordinates></LineString></MultiGeometry></Placemark><Placemark><name>駐停車禁止 07:00-20:00</name><description></description><styleUrl>#ns</styleUrl><MultiGeometry><LineString><coordinates>139.76101,35.69587,0 139.76151,35.69551,0 139.76178,35.6953,0</coordinates></LineString></MultiGeometry></Placemark><Placemark><name>駐停車禁止 終日</name><description></description><styleUrl>#ns</styleUrl><MultiGeometry><LineString><coordinates>139.75798,35.64284,0 139.75797,35.64232,0</coordinates></LineString></MultiGeometry></Placemark><Placemark><name>駐停車禁止 終日</name><description></description><styleUrl>#ns</styleUrl><MultiGeometry><LineString><coordinates>139.75755,35.64231,0 139.75754,35.64281,0</coordinates></LineString></MultiGeometry></Placemark><Placemark><name>駐停車禁止 07:00-09:30</name><description></description><styleUrl>#ns</styleUrl><MultiGeometry><LineString><coordinates>139.66108,35.64268,0 139.66179,35.64294,0 139.66235,35.64313,0 139.6631,35.64327,0 139.66375,35.6433,0 139.66476,35.64329,0 139.66513,35.64328,0 139.66589,35.64311,0 139.66621,35.64306,0 139.66743,35.64307,0 139.66795,35.64309,0 139.66868,35.64323,0 139.6692,35.64336,0 139.67026,35.64358,0 139.67074,35.64363,0</coordinates></LineString></MultiGeometry></Placemark><Placemark><name>駐停車禁止 終日</name><description></description><styleUrl>#ns</styleUrl><MultiGeometry><LineString><coordinates>139.79829,35.74083,0 139.79791,35.73972,0 139.79755,35.7389,0 139.79718,35.73795,0</coordinates></LineString></MultiGeometry></Placemark><Placemark><name>駐停車禁止 07:00-09:00</name><description></description><styleUrl>#ns</styleUrl><MultiGeometry><LineString><coordinates>139.79678,35.73772,0 139.79683,35.73824,0 139.79695,35.73856,0 139.797,35.73867,0 139.79706,35.73872,0 139.79708,35.73876,0 139.7973,35.73919,0 139.79747,35.73954,0 139.79761,35.73982,0 139.79767,35.73994,0 139.79772,35.74009,0 139.79785,35.74037,0 139.79789,35.7405,0 139.79793,35.74065,0 139.79796,35.74077,0 139.79798,35.74089,0</coordinates></LineString></MultiGeometry></Placemark><Placemark><name>駐停車禁止 終日</name><description></description><styleUrl>#ns</styleUrl><MultiGeometry><LineString><coordinates>139.79759,35.73932,0 139.7973,35.73869,0 139.79714,35.73827,0 139.79676,35.73689,0 139.79662,35.73668,0 139.79549,35.73547,0</coordinates></LineString></MultiGeometry></Placemark><Placemark><name>駐停車禁止 終日</name><description></description><styleUrl>#ns</styleUrl><MultiGeometry><LineString><coordinates>139.73964,35.60675,0 139.73983,35.60676,0 139.73996,35.60677,0 139.74015,35.60678,0 139.7408,35.60678,0 139.74114,35.60676,0 139.7416,35.60676,0 139.74204,35.60674,0 139.74256,35.60674,0 139.74277,35.60674,0 139.74292,35.60675,0 139.74307,35.60675,0</coordinates></LineString></MultiGeometry></Placemark><Placemark><name>駐停車禁止 終日</name><description></description><styleUrl>#ns</styleUrl><MultiGeometry><LineString><coordinates>139.78014,35.69524,0 139.78012,35.69466,0 139.78015,35.69456,0 139.78026,35.69445,0 139.7807,35.69407,0 139.78099,35.69381,0 139.78123,35.6936,0 139.78148,35.69338,0 139.78184,35.69306,0 139.78211,35.69283,0 139.78244,35.69253,0 139.78277,35.69224,0 139.78301,35.69202,0 139.78344,35.69162,0 139.78366,35.69142,0 139.78402,35.69109,0 139.7841,35.69101,0 139.78436,35.69078,0 139.7845,35.69063,0 139.78455,35.6906,0 139.78466,35.69052,0 139.78486,35.6904,0 139.78522,35.68983,0 139.7853,35.68969,0 139.78551,35.68936,0 139.7856,35.68921,0 139.78586,35.68881,0 139.78612,35.68847,0 139.78631,35.68821,0 139.78645,35.68804,0 139.78663,35.68783,0 139.78693,35.68746,0 139.7872,35.68709,0 139.78746,35.68677,0 139.78761,35.68659,0 139.78778,35.68638,0 139.78801,35.68608,0 139.78818,35.68587,0 139.7883,35.68573,0</coordinates></LineString></MultiGeometry></Placemark><Placemark><name>駐停車禁止 終日</name><description></description><styleUrl>#ns</styleUrl><MultiGeometry><LineString><coordinates>139.62622,35.62711,0 139.62486,35.62728,0 139.62429,35.62733,0</coordinates></LineString></MultiGeometry></Placemark><Placemark><name>駐停車禁止 終日</name><description></description><styleUrl>#ns</styleUrl><MultiGeometry><LineString><coordinates>139.62428,35.62773,0 139.62606,35.62748,0 139.62615,35.6275,0 139.62619,35.62753,0 139.62622,35.62755,0</coordinates></LineString></MultiGeometry></Placemark><Placemark><name>駐停車禁止 終日</name><description></description><styleUrl>#ns</styleUrl><MultiGeometry><LineString><coordinates>139.72918,35.73031,0 139.72921,35.72941,0 139.72925,35.72906,0 139.72937,35.72829,0 139.72945,35.72785,0 139.72968,35.72713,0 139.72975,35.7269,0 139.72979,35.7267,0 139.72985,35.72644,0 139.73007,35.72596,0</coordinates></LineString></MultiGeometry></Placemark><Placemark><name>駐停車禁止 07:00-10:00</name><description></description><styleUrl>#ns</styleUrl><MultiGeometry><LineString><coordinates>139.66536,35.70547,0 139.66533,35.70589,0 139.66532,35.70599,0 139.6653,35.70605,0 139.66531,35.70617,0 139.66527,35.70651,0 139.66525,35.70668,0 139.66522,35.70696,0 139.66522,35.70702,0 139.66517,35.70709,0 139.66514,35.70731,0 139.66512,35.70749,0 139.66511,35.70752,0 139.66516,35.70759,0 139.66514,35.70775,0 139.66512,35.70793,0 139.6651,35.7081,0 139.66506,35.70847,0 139.66502,35.70884,0 139.665,35.70921,0 139.66496,35.70954,0</coordinates></LineString></MultiGeometry></Placemark><Placemark><name>駐停車禁止 終日</name><description></description><styleUrl>#ns</styleUrl><MultiGeometry><LineString><coordinates>139.75528,35.65104,0 139.75537,35.65107,0 139.7554,35.65107,0 139.75544,35.65107,0 139.75549,35.65107,0 139.75553,35.65105,0 139.75615,35.65071,0</coordinates></LineString></MultiGeometry></Placemark><Placemark><name>駐停車禁止 07:00-20:00</name><description></description><styleUrl>#ns</styleUrl><MultiGeometry><LineString><coordinates>139.76815,35.69554,0 139.76798,35.69546,0 139.76798,35.69546,0 139.76759,35.69531,0 139.76683,35.69501,0</coordinates></LineString></MultiGeometry></Placemark><Placemark><name>駐停車禁止 07:00-20:00</name><description></description><styleUrl>#ns</styleUrl><MultiGeometry><LineString><coordinates>139.76757,35.69595,0 139.76757,35.69553,0 139.76757,35.69528,0 139.76756,35.69483,0</coordinates></LineString></MultiGeometry></Placemark><Placemark><name>駐停車禁止 07:00-20:00</name><description></description><styleUrl>#ns</styleUrl><MultiGeometry><LineString><coordinates>139.75879,35.69586,0 139.75825,35.69585,0 139.7576,35.69584,0 139.75751,35.69584,0</coordinates></LineString></MultiGeometry></Placemark><Placemark><name>駐停車禁止 07:00-20:00</name><description></description><styleUrl>#ns</styleUrl><MultiGeometry><LineString><coordinates>139.75802,35.69653,0 139.75807,35.69644,0 139.7582,35.69603,0 139.75824,35.69571,0 139.75832,35.69535,0</coordinates></LineString></MultiGeometry></Placemark><Placemark><name>駐停車禁止 07:00-20:00</name><description></description><styleUrl>#ns</styleUrl><MultiGeometry><LineString><coordinates>139.76619,35.69476,0 139.76552,35.6945,0 139.76507,35.69441,0 139.76474,35.69435,0</coordinates></LineString></MultiGeometry></Placemark><Placemark><name>駐停車禁止 07:00-20:00</name><description></description><styleUrl>#ns</styleUrl><MultiGeometry><LineString><coordinates>139.76516,35.69391,0 139.76527,35.69443,0 139.76522,35.6947,0 139.76515,35.69507,0 139.76511,35.6953,0</coordinates></LineString></MultiGeometry></Placemark><Placemark><name>駐停車禁止 07:00-20:00</name><description></description><styleUrl>#ns</styleUrl><MultiGeometry><LineString><coordinates>139.76121,35.69495,0 139.76126,35.69537,0 139.76135,35.6957,0 139.76148,35.6961,0</coordinates></LineString></MultiGeometry></Placemark><Placemark><name>駐停車禁止 07:00-20:00</name><description></description><styleUrl>#ns</styleUrl><MultiGeometry><LineString><coordinates>139.75565,35.69523,0 139.75555,35.69543,0 139.75537,35.69576,0 139.75526,35.69595,0 139.75514,35.69616,0</coordinates></LineString></MultiGeometry></Placemark><Placemark><name>駐停車禁止 07:00-20:00</name><description></description><styleUrl>#ns</styleUrl><MultiGeometry><LineString><coordinates>139.7552,35.69635,0 139.75542,35.69596,0 139.75553,35.69577,0 139.75554,35.69574,0 139.75565,35.69555,0</coordinates></LineString></MultiGeometry></Placemark><Placemark><name>駐停車禁止 07:00-20:00</name><description></description><styleUrl>#ns</styleUrl><MultiGeometry><LineString><coordinates>139.7561,35.69581,0 139.75563,35.69581,0 139.75554,35.6958,0 139.75527,35.69577,0 139.75501,35.69576,0</coordinates></LineString></MultiGeometry></Placemark><Placemark><name>駐停車禁止 07:00-20:00</name><description></description><styleUrl>#ns</styleUrl><MultiGeometry><LineString><coordinates>139.71161,35.7263,0 139.71168,35.72653,0 139.71177,35.72687,0 139.7118,35.72698,0 139.71183,35.72708,0 139.71189,35.7273,0</coordinates></LineString></MultiGeometry></Placemark><Placemark><name>駐停車禁止 07:00-20:00</name><description></description><styleUrl>#ns</styleUrl><MultiGeometry><LineString><coordinates>139.712,35.72728,0 139.71198,35.72717,0 139.71193,35.72697,0 139.71189,35.72685,0 139.71182,35.72651,0 139.71177,35.72635,0 139.71174,35.72624,0</coordinates></LineString></MultiGeometry></Placemark><Placemark><name>駐停車禁止 07:00-20:00</name><description></description><styleUrl>#ns</styleUrl><MultiGeometry><LineString><coordinates>139.71222,35.727,0 139.71205,35.7268,0 139.71199,35.72674,0 139.71192,35.72665,0 139.71189,35.72662,0</coordinates></LineString></MultiGeometry></Placemark><Placemark><name>駐停車禁止 07:00-20:00</name><description></description><styleUrl>#ns</styleUrl><MultiGeometry><LineString><coordinates>139.71199,35.72689,0 139.71203,35.72693,0 139.71212,35.72704,0 139.71226,35.72718,0</coordinates></LineString></MultiGeometry></Placemark><Placemark><name>駐停車禁止 07:00-20:00</name><description></description><styleUrl>#ns</styleUrl><MultiGeometry><LineString><coordinates>139.71178,35.71494,0 139.71159,35.71458,0 139.71158,35.71455,0 139.71138,35.71416,0 139.71124,35.7139,0 139.71122,35.71387,0 139.71111,35.71367,0 139.7111,35.71364,0</coordinates></LineString></MultiGeometry></Placemark><Placemark><name>駐停車禁止 07:00-20:00</name><description></description><styleUrl>#ns</styleUrl><MultiGeometry><LineString><coordinates>139.71094,35.71371,0 139.71104,35.7139,0 139.71118,35.71413,0 139.71119,35.71414,0 139.71119,35.71414,0 139.7114,35.71453,0 139.71149,35.71471,0 139.71161,35.71494,0</coordinates></LineString></MultiGeometry></Placemark><Placemark><name>駐停車禁止 07:00-20:00</name><description></description><styleUrl>#ns</styleUrl><MultiGeometry><LineString><coordinates>139.71091,35.71462,0 139.71112,35.71454,0 139.71116,35.71453,0 139.71119,35.71452,0 139.71214,35.71408,0</coordinates></LineString></MultiGeometry></Placemark><Placemark><name>駐停車禁止 07:00-20:00</name><description></description><styleUrl>#ns</styleUrl><MultiGeometry><LineString><coordinates>139.71187,35.71402,0 139.71162,35.71413,0 139.71157,35.71416,0 139.7112,35.71433,0 139.71103,35.71439,0 139.71084,35.71447,0 139.71066,35.71453,0 139.71051,35.71457,0</coordinates></LineString></MultiGeometry></Placemark><Placemark><name>駐停車禁止 07:00-20:00</name><description></description><styleUrl>#ns</styleUrl><MultiGeometry><LineString><coordinates>139.71029,35.71201,0 139.71017,35.71162,0 139.71008,35.7113,0 139.71,35.71103,0</coordinates></LineString></MultiGeometry></Placemark><Placemark><name>駐停車禁止 07:00-20:00</name><description></description><styleUrl>#ns</styleUrl><MultiGeometry><LineString><coordinates>139.70977,35.71081,0 139.70993,35.71132,0 139.71003,35.71164,0 139.7101,35.71189,0 139.71018,35.71215,0</coordinates></LineString></MultiGeometry></Placemark><Placemark><name>駐停車禁止 終日</name><description></description><styleUrl>#ns</styleUrl><MultiGeometry><LineString><coordinates>139.70945,35.71162,0 139.71017,35.71148,0 139.71064,35.71138,0</coordinates></LineString></MultiGeometry></Placemark><Placemark><name>駐停車禁止 07:00-20:00</name><description></description><styleUrl>#ns</styleUrl><MultiGeometry><LineString><coordinates>139.71078,35.71126,0 139.71051,35.71132,0 139.71049,35.71133,0 139.70981,35.71145,0 139.70939,35.71153,0 139.7091,35.71159,0</coordinates></LineString></MultiGeometry></Placemark><Placemark><name>駐停車禁止 07:00-20:00</name><description></description><styleUrl>#ns</styleUrl><MultiGeometry><LineString><coordinates>139.70787,35.67173,0 139.70795,35.67184,0 139.70803,35.67207,0 139.70811,35.67237,0 139.7081,35.67248,0 139.70804,35.67264,0</coordinates></LineString></MultiGeometry></Placemark><Placemark><name>駐停車禁止 終日</name><description></description><styleUrl>#ns</styleUrl><MultiGeometry><LineString><coordinates>139.70822,35.67243,0 139.70828,35.6722,0 139.70817,35.67191,0 139.708,35.6717,0</coordinates></LineString></MultiGeometry></Placemark><Placemark><name>駐停車禁止 終日</name><description></description><styleUrl>#ns</styleUrl><MultiGeometry><LineString><coordinates>139.70828,35.67204,0 139.70848,35.67199,0 139.70863,35.67198,0</coordinates></LineString></MultiGeometry></Placemark><Placemark><name>駐停車禁止 07:00-20:00</name><description></description><styleUrl>#ns</styleUrl><MultiGeometry><LineString><coordinates>139.7063,35.65562,0 139.7064,35.65553,0 139.7065,35.65545,0 139.70659,35.65539,0 139.70674,35.65525,0 139.70687,35.65507,0 139.70701,35.65492,0</coordinates></LineString></MultiGeometry></Placemark><Placemark><name>駐停車禁止 07:00-20:00</name><description></description><styleUrl>#ns</styleUrl><MultiGeometry><LineString><coordinates>139.70699,35.6547,0 139.70672,35.65502,0 139.70641,35.65532,0 139.70617,35.65554,0</coordinates></LineString></MultiGeometry></Placemark><Placemark><name>駐停車禁止 07:00-20:00</name><description></description><styleUrl>#ns</styleUrl><MultiGeometry><LineString><coordinates>139.70637,35.65482,0 139.70656,35.6551,0 139.7067,35.65542,0 139.70689,35.65574,0</coordinates></LineString></MultiGeometry></Placemark><Placemark><name>駐停車禁止 終日</name><description></description><styleUrl>#ns</styleUrl><MultiGeometry><LineString><coordinates>139.7069,35.65562,0 139.70682,35.65548,0 139.7068,35.65542,0 139.70674,35.65533,0 139.70671,35.65528,0 139.70661,35.65503,0 139.70642,35.65477,0</coordinates></LineString></MultiGeometry></Placemark><Placemark><name>駐停車禁止 07:00-20:00</name><description></description><styleUrl>#ns</styleUrl><MultiGeometry><LineString><coordinates>139.70218,35.66138,0 139.70212,35.66235,0</coordinates></LineString></MultiGeometry></Placemark><Placemark><name>駐停車禁止 07:00-20:00</name><description></description><styleUrl>#ns</styleUrl><MultiGeometry><LineString><coordinates>139.7023,35.6623,0 139.70238,35.66116,0</coordinates></LineString></MultiGeometry></Placemark><Placemark><name>駐停車禁止 07:00-20:00</name><description></description><styleUrl>#ns</styleUrl><MultiGeometry><LineString><coordinates>139.70294,35.66167,0 139.70157,35.66201,0 139.70056,35.66223,0</coordinates></LineString></MultiGeometry></Placemark><Placemark><name>駐停車禁止 07:00-20:00</name><description></description><styleUrl>#ns</styleUrl><MultiGeometry><LineString><coordinates>139.70041,35.66222,0 139.70101,35.66214,0 139.70271,35.66172,0</coordinates></LineString></MultiGeometry></Placemark><Placemark><name>駐停車禁止 07:00-20:00</name><description></description><styleUrl>#ns</styleUrl><MultiGeometry><LineString><coordinates>139.75068,35.69539,0 139.75169,35.69556,0</coordinates></LineString></MultiGeometry></Placemark><Placemark><name>駐停車禁止 07:00-20:00</name><description></description><styleUrl>#ns</styleUrl><MultiGeometry><LineString><coordinates>139.75207,35.69542,0 139.75085,35.69527,0</coordinates></LineString></MultiGeometry></Placemark><Placemark><name>駐停車禁止 07:00-20:00</name><description></description><styleUrl>#ns</styleUrl><MultiGeometry><LineString><coordinates>139.75143,35.6951,0 139.75134,35.69562,0 139.75128,35.69581,0</coordinates></LineString></MultiGeometry></Placemark><Placemark><name>駐停車禁止 07:00-20:00</name><description></description><styleUrl>#ns</styleUrl><MultiGeometry><LineString><coordinates>139.75135,35.69589,0 139.75154,35.69525,0 139.75165,35.69495,0</coordinates></LineString></MultiGeometry></Placemark><Placemark><name>駐停車禁止 07:00-20:00</name><description></description><styleUrl>#ns</styleUrl><MultiGeometry><LineString><coordinates>139.77012,35.69543,0 139.7699,35.69603,0</coordinates></LineString></MultiGeometry></Placemark><Placemark><name>駐停車禁止 07:00-20:00</name><description></description><styleUrl>#ns</styleUrl><MultiGeometry><LineString><coordinates>139.77045,35.69598,0 139.77044,35.69599,0 139.77058,35.69632,0</coordinates></LineString></MultiGeometry></Placemark><Placemark><name>駐停車禁止 07:00-20:00</name><description></description><styleUrl>#ns</styleUrl><MultiGeometry><LineString><coordinates>139.77079,35.69632,0 139.77039,35.69532,0</coordinates></LineString></MultiGeometry></Placemark><Placemark><name>駐停車禁止 07:00-20:00</name><description></description><styleUrl>#ns</styleUrl><MultiGeometry><LineString><coordinates>139.77126,35.69564,0 139.7698,35.69569,0</coordinates></LineString></MultiGeometry></Placemark><Placemark><name>駐停車禁止 07:00-20:00</name><description></description><styleUrl>#ns</styleUrl><MultiGeometry><LineString><coordinates>139.76967,35.69587,0 139.77111,35.6958,0</coordinates></LineString></MultiGeometry></Placemark><Placemark><name>駐停車禁止 07:00-20:00</name><description></description><styleUrl>#ns</styleUrl><MultiGeometry><LineString><coordinates>139.77514,35.69505,0 139.7753,35.69619,0</coordinates></LineString></MultiGeometry></Placemark><Placemark><name>駐停車禁止 07:00-20:00</name><description></description><styleUrl>#ns</styleUrl><MultiGeometry><LineString><coordinates>139.77559,35.69605,0 139.77545,35.6951,0</coordinates></LineString></MultiGeometry></Placemark><Placemark><name>駐停車禁止 07:00-20:00</name><description></description><styleUrl>#ns</styleUrl><MultiGeometry><LineString><coordinates>139.77607,35.6951,0 139.77574,35.69604,0</coordinates></LineString></MultiGeometry></Placemark><Placemark><name>駐停車禁止 07:00-20:00</name><description></description><styleUrl>#ns</styleUrl><MultiGeometry><LineString><coordinates>139.77601,35.69574,0 139.77579,35.69638,0</coordinates></LineString></MultiGeometry></Placemark><Placemark><name>駐停車禁止 07:00-20:00</name><description></description><styleUrl>#ns</styleUrl><MultiGeometry><LineString><coordinates>139.77455,35.69566,0 139.77659,35.6956,0</coordinates></LineString></MultiGeometry></Placemark><Placemark><name>駐停車禁止 07:00-20:00</name><description></description><styleUrl>#ns</styleUrl><MultiGeometry><LineString><coordinates>139.77657,35.69543,0 139.77456,35.6955,0</coordinates></LineString></MultiGeometry></Placemark><Placemark><name>駐停車禁止 07:00-20:00</name><description></description><styleUrl>#ns</styleUrl><MultiGeometry><LineString><coordinates>139.70077,35.66176,0 139.70077,35.66235,0</coordinates></LineString></MultiGeometry></Placemark><Placemark><name>駐停車禁止 07:00-20:00</name><description></description><styleUrl>#ns</styleUrl><MultiGeometry><LineString><coordinates>139.7009,35.66263,0 139.7009,35.66201,0</coordinates></LineString></MultiGeometry></Placemark><Placemark><name>駐停車禁止 07:00-20:00</name><description></description><styleUrl>#ns</styleUrl><MultiGeometry><LineString><coordinates>139.70078,35.66056,0 139.70079,35.66132,0</coordinates></LineString></MultiGeometry></Placemark><Placemark><name>駐停車禁止 07:00-20:00</name><description></description><styleUrl>#ns</styleUrl><MultiGeometry><LineString><coordinates>139.70088,35.66163,0 139.70089,35.66058,0</coordinates></LineString></MultiGeometry></Placemark><Placemark><name>駐停車禁止 07:00-20:00</name><description></description><styleUrl>#ns</styleUrl><MultiGeometry><LineString><coordinates>139.70017,35.65921,0 139.7002,35.6594,0 139.70057,35.65966,0 139.70065,35.65993,0</coordinates></LineString></MultiGeometry></Placemark><Placemark><name>駐停車禁止 07:00-20:00</name><description></description><styleUrl>#ns</styleUrl><MultiGeometry><LineString><coordinates>139.70078,35.6599,0 139.70054,35.65913,0</coordinates></LineString></MultiGeometry></Placemark><Placemark><name>駐停車禁止 終日</name><description></description><styleUrl>#ns</styleUrl><MultiGeometry><LineString><coordinates>139.69921,35.65968,0 139.69959,35.65956,0</coordinates></LineString></MultiGeometry></Placemark><Placemark><name>駐停車禁止 終日</name><description></description><styleUrl>#ns</styleUrl><MultiGeometry><LineString><coordinates>139.69957,35.65944,0 139.69894,35.65929,0</coordinates></LineString></MultiGeometry></Placemark><Placemark><name>駐停車禁止 終日</name><description></description><styleUrl>#ns</styleUrl><MultiGeometry><LineString><coordinates>139.69889,35.65936,0 139.69929,35.65947,0</coordinates></LineString></MultiGeometry></Placemark><Placemark><name>駐停車禁止 終日</name><description></description><styleUrl>#ns</styleUrl><MultiGeometry><LineString><coordinates>139.70546,35.65966,0 139.70597,35.66021,0 139.70631,35.66042,0</coordinates></LineString></MultiGeometry></Placemark><Placemark><name>駐停車禁止 終日</name><description></description><styleUrl>#ns</styleUrl><MultiGeometry><LineString><coordinates>139.70645,35.66026,0 139.70613,35.66006,0 139.70589,35.65986,0</coordinates></LineString></MultiGeometry></Placemark><Placemark><name>駐停車禁止 終日</name><description></description><styleUrl>#ns</styleUrl><MultiGeometry><LineString><coordinates>139.70573,35.66043,0 139.70604,35.66022,0 139.70643,35.65981,0</coordinates></LineString></MultiGeometry></Placemark><Placemark><name>駐停車禁止 終日</name><description></description><styleUrl>#ns</styleUrl><MultiGeometry><LineString><coordinates>139.70641,35.65977,0 139.70584,35.66031,0 139.70566,35.66043,0</coordinates></LineString></MultiGeometry></Placemark><Placemark><name>駐停車禁止 終日</name><description></description><styleUrl>#ns</styleUrl><MultiGeometry><LineString><coordinates>139.70528,35.66007,0 139.7056,35.66014,0</coordinates></LineString></MultiGeometry></Placemark><Placemark><name>駐停車禁止 終日</name><description></description><styleUrl>#ns</styleUrl><MultiGeometry><LineString><coordinates>139.7058,35.6601,0 139.70533,35.66001,0</coordinates></LineString></MultiGeometry></Placemark><Placemark><name>駐停車禁止 07:00-20:00</name><description></description><styleUrl>#ns</styleUrl><MultiGeometry><LineString><coordinates>139.70134,35.65731,0 139.7002,35.65694,0</coordinates></LineString></MultiGeometry></Placemark><Placemark><name>駐停車禁止 07:00-20:00</name><description></description><styleUrl>#ns</styleUrl><MultiGeometry><LineString><coordinates>139.70042,35.65731,0 139.70143,35.6576,0</coordinates></LineString></MultiGeometry></Placemark><Placemark><name>駐停車禁止 終日</name><description></description><styleUrl>#ns</styleUrl><MultiGeometry><LineString><coordinates>139.70011,35.65958,0 139.70102,35.65945,0</coordinates></LineString></MultiGeometry></Placemark><Placemark><name>駐停車禁止 終日</name><description></description><styleUrl>#ns</styleUrl><MultiGeometry><LineString><coordinates>139.70356,35.69322,0 139.70371,35.69356,0</coordinates></LineString></MultiGeometry></Placemark><Placemark><name>駐停車禁止 07:00-20:00</name><description></description><styleUrl>#ns</styleUrl><MultiGeometry><LineString><coordinates>139.70315,35.69315,0 139.70342,35.69307,0 139.70363,35.69301,0 139.70378,35.69297,0</coordinates></LineString></MultiGeometry></Placemark><Placemark><name>駐停車禁止 07:00-20:00</name><description></description><styleUrl>#ns</styleUrl><MultiGeometry><LineString><coordinates>139.70502,35.69275,0 139.70588,35.69252,0 139.70704,35.69223,0 139.70734,35.6921,0 139.70777,35.69199,0</coordinates></LineString></MultiGeometry></Placemark><Placemark><name>駐停車禁止 07:00-20:00</name><description></description><styleUrl>#ns</styleUrl><MultiGeometry><LineString><coordinates>139.70782,35.69179,0 139.70718,35.69194,0 139.70706,35.69197,0 139.70687,35.69202,0 139.70657,35.69212,0 139.70643,35.69215,0 139.70576,35.69232,0 139.70571,35.69234,0 139.70521,35.69247,0</coordinates></LineString></MultiGeometry></Placemark><Placemark><name>駐停車禁止 07:00-20:00</name><description></description><styleUrl>#ns</styleUrl><MultiGeometry><LineString><coordinates>139.70709,35.69278,0 139.7071,35.69267,0 139.70714,35.69227,0 139.70715,35.69218,0 139.70717,35.69206,0 139.70723,35.69153,0 139.70724,35.69129,0</coordinates></LineString></MultiGeometry></Placemark><Placemark><name>駐停車禁止 07:00-20:00</name><description></description><styleUrl>#ns</styleUrl><MultiGeometry><LineString><coordinates>139.70695,35.69128,0 139.70695,35.69157,0 139.70691,35.69169,0 139.70685,35.69214,0 139.70684,35.69228,0 139.70679,35.6928,0</coordinates></LineString></MultiGeometry></Placemark><Placemark><name>駐停車禁止 07:00-20:00</name><description></description><styleUrl>#ns</styleUrl><MultiGeometry><LineString><coordinates>139.70621,35.6903,0 139.70669,35.69008,0 139.70683,35.69002,0 139.70739,35.68976,0</coordinates></LineString></MultiGeometry></Placemark><Placemark><name>駐停車禁止 07:00-20:00</name><description></description><styleUrl>#ns</styleUrl><MultiGeometry><LineString><coordinates>139.70732,35.68967,0 139.70692,35.68985,0 139.70679,35.68992,0 139.70666,35.68997,0 139.70615,35.6902,0</coordinates></LineString></MultiGeometry></Placemark><Placemark><name>駐停車禁止 07:00-20:00</name><description></description><styleUrl>#ns</styleUrl><MultiGeometry><LineString><coordinates>139.70711,35.6905,0 139.70697,35.68996,0 139.70695,35.6899,0 139.70667,35.68943,0</coordinates></LineString></MultiGeometry></Placemark><Placemark><name>駐停車禁止 07:00-20:00</name><description></description><styleUrl>#ns</styleUrl><MultiGeometry><LineString><coordinates>139.70648,35.68962,0 139.70664,35.68992,0 139.70678,35.69036,0 139.70685,35.69063,0</coordinates></LineString></MultiGeometry></Placemark><Placemark><name>駐停車禁止 07:00-20:00</name><description></description><styleUrl>#ns</styleUrl><MultiGeometry><LineString><coordinates>139.78384,35.69512,0 139.78576,35.69486,0</coordinates></LineString></MultiGeometry></Placemark><Placemark><name>駐停車禁止 07:00-20:00</name><description></description><styleUrl>#ns</styleUrl><MultiGeometry><LineString><coordinates>139.78392,35.69459,0 139.78472,35.69524,0</coordinates></LineString></MultiGeometry></Placemark><Placemark><name>駐停車禁止 07:00-20:00</name><description></description><styleUrl>#ns</styleUrl><MultiGeometry><LineString><coordinates>139.78442,35.69471,0 139.78429,35.69461,0</coordinates></LineString></MultiGeometry></Placemark><Placemark><name>駐停車禁止 07:00-20:00</name><description></description><styleUrl>#ns</styleUrl><MultiGeometry><LineString><coordinates>139.78512,35.69439,0 139.78514,35.69454,0</coordinates></LineString></MultiGeometry></Placemark><Placemark><name>駐停車禁止 終日</name><description></description><styleUrl>#ns</styleUrl><MultiGeometry><LineString><coordinates>139.78552,35.69517,0 139.78541,35.69439,0</coordinates></LineString></MultiGeometry></Placemark><Placemark><name>駐停車禁止 07:00-20:00</name><description></description><styleUrl>#ns</styleUrl><MultiGeometry><LineString><coordinates>139.79387,35.70556,0 139.79377,35.70547,0 139.79373,35.7054,0 139.79363,35.70531,0 139.79331,35.70505,0 139.79324,35.70499,0</coordinates></LineString></MultiGeometry></Placemark><Placemark><name>駐停車禁止 07:00-20:00</name><description></description><styleUrl>#ns</styleUrl><MultiGeometry><LineString><coordinates>139.79291,35.70544,0 139.79323,35.70533,0 139.79365,35.70515,0 139.79388,35.70503,0 139.79402,35.70496,0</coordinates></LineString></MultiGeometry></Placemark><Placemark><name>駐停車禁止 07:00-20:00</name><description></description><styleUrl>#ns</styleUrl><MultiGeometry><LineString><coordinates>139.79281,35.70483,0 139.79306,35.70503,0 139.79343,35.70534,0 139.7935,35.7054,0</coordinates></LineString></MultiGeometry></Placemark><Placemark><name>駐停車禁止 07:00-20:00</name><description></description><styleUrl>#ns</styleUrl><MultiGeometry><LineString><coordinates>139.79388,35.70489,0 139.79353,35.70505,0 139.79302,35.70522,0 139.79277,35.7053,0</coordinates></LineString></MultiGeometry></Placemark><Placemark><name>駐停車禁止 07:00-20:00</name><description></description><styleUrl>#ns</styleUrl><MultiGeometry><LineString><coordinates>139.70854,35.70851,0 139.70877,35.7085,0 139.70905,35.70849,0 139.70956,35.70845,0</coordinates></LineString></MultiGeometry></Placemark><Placemark><name>駐停車禁止 07:00-20:00</name><description></description><styleUrl>#ns</styleUrl><MultiGeometry><LineString><coordinates>139.70986,35.70832,0 139.70885,35.70835,0</coordinates></LineString></MultiGeometry></Placemark><Placemark><name>駐停車禁止 07:00-20:00</name><description></description><styleUrl>#ns</styleUrl><MultiGeometry><LineString><coordinates>139.70945,35.70915,0 139.70927,35.70852,0 139.7092,35.70823,0 139.70916,35.70793,0 139.70909,35.70737,0</coordinates></LineString></MultiGeometry></Placemark><Placemark><name>駐停車禁止 07:00-20:00</name><description></description><styleUrl>#ns</styleUrl><MultiGeometry><LineString><coordinates>139.70898,35.70765,0 139.70901,35.70793,0 139.70906,35.70828,0 139.70909,35.70852,0 139.70927,35.70914,0</coordinates></LineString></MultiGeometry></Placemark><Placemark><name>駐停車禁止 終日</name><description></description><styleUrl>#ns</styleUrl><MultiGeometry><LineString><coordinates>139.77559,35.70214,0 139.77564,35.7025,0 139.77567,35.70279,0 139.77568,35.70291,0</coordinates></LineString></MultiGeometry></Placemark><Placemark><name>駐停車禁止 07:00-20:00</name><description></description><styleUrl>#ns</styleUrl><MultiGeometry><LineString><coordinates>139.77654,35.7025,0 139.7765,35.7025,0 139.77636,35.70251,0 139.77606,35.70253,0 139.77554,35.70258,0 139.77531,35.70261,0 139.77515,35.70262,0 139.77511,35.70262,0</coordinates></LineString></MultiGeometry></Placemark><Placemark><name>駐停車禁止 07:00-20:00</name><description></description><styleUrl>#ns</styleUrl><MultiGeometry><LineString><coordinates>139.77609,35.70706,0 139.7761,35.7071,0 139.77614,35.7075,0 139.77617,35.70781,0 139.77619,35.70794,0</coordinates></LineString></MultiGeometry></Placemark><Placemark><name>駐停車禁止 07:00-20:00</name><description></description><styleUrl>#ns</styleUrl><MultiGeometry><LineString><coordinates>139.7758,35.70776,0 139.77607,35.70774,0 139.77663,35.70766,0 139.77701,35.70762,0</coordinates></LineString></MultiGeometry></Placemark><Placemark><name>駐停車禁止 終日</name><description></description><styleUrl>#ns</styleUrl><MultiGeometry><LineString><coordinates>139.69895,35.68926,0 139.699,35.68889,0 139.69912,35.68841,0 139.69919,35.6882,0</coordinates></LineString></MultiGeometry></Placemark><Placemark><name>駐停車禁止 終日</name><description></description><styleUrl>#ns</styleUrl><MultiGeometry><LineString><coordinates>139.69914,35.68802,0 139.69899,35.68843,0 139.69882,35.68869,0 139.69876,35.68903,0</coordinates></LineString></MultiGeometry></Placemark><Placemark><name>駐停車禁止 07:00-20:00</name><description></description><styleUrl>#ns</styleUrl><MultiGeometry><LineString><coordinates>139.70738,35.70099,0 139.70862,35.70089,0</coordinates></LineString></MultiGeometry></Placemark><Placemark><name>駐停車禁止 07:00-20:00</name><description></description><styleUrl>#ns</styleUrl><MultiGeometry><LineString><coordinates>139.70821,35.70149,0 139.70812,35.70105,0 139.70812,35.70104,0 139.70806,35.7007,0 139.708,35.70039,0</coordinates></LineString></MultiGeometry></Placemark><Placemark><name>駐停車禁止 07:00-20:00</name><description></description><styleUrl>#ns</styleUrl><MultiGeometry><LineString><coordinates>139.7096,35.70075,0 139.70927,35.70077,0 139.70895,35.70079,0 139.70872,35.7008,0 139.70823,35.70083,0 139.7078,35.70087,0 139.70733,35.70091,0</coordinates></LineString></MultiGeometry></Placemark><Placemark><name>駐停車禁止 07:00-20:00</name><description></description><styleUrl>#ns</styleUrl><MultiGeometry><LineString><coordinates>139.70781,35.70008,0 139.70784,35.70026,0 139.70793,35.70073,0 139.708,35.70105,0 139.70807,35.70139,0</coordinates></LineString></MultiGeometry></Placemark><Placemark><name>駐停車禁止 07:00-20:00</name><description></description><styleUrl>#ns</styleUrl><MultiGeometry><LineString><coordinates>139.70773,35.69866,0 139.70754,35.69762,0</coordinates></LineString></MultiGeometry></Placemark><Placemark><name>駐停車禁止 07:00-20:00</name><description></description><styleUrl>#ns</styleUrl><MultiGeometry><LineString><coordinates>139.70725,35.69725,0 139.70728,35.69745,0 139.70734,35.69774,0 139.70743,35.69813,0 139.70753,35.69859,0</coordinates></LineString></MultiGeometry></Placemark><Placemark><name>駐停車禁止 07:00-20:00</name><description></description><styleUrl>#ns</styleUrl><MultiGeometry><LineString><coordinates>139.70694,35.69808,0 139.70727,35.69804,0 139.70758,35.69799,0 139.70779,35.69796,0</coordinates></LineString></MultiGeometry></Placemark><Placemark><name>駐停車禁止 終日</name><description></description><styleUrl>#ns</styleUrl><MultiGeometry><LineString><coordinates>139.70816,35.69777,0 139.70776,35.69781,0 139.7076,35.69783,0 139.70722,35.69788,0 139.70689,35.69791,0</coordinates></LineString></MultiGeometry></Placemark><Placemark><name>駐停車禁止 07:00-20:00</name><description></description><styleUrl>#ns</styleUrl><MultiGeometry><LineString><coordinates>139.69859,35.69371,0 139.69896,35.69373,0 139.69934,35.69375,0 139.69954,35.69377,0 139.69959,35.69379,0 139.70008,35.69381,0 139.70044,35.69381,0 139.70077,35.69381,0 139.70097,35.69377,0</coordinates></LineString></MultiGeometry></Placemark><Placemark><name>駐停車禁止 07:00-20:00</name><description></description><styleUrl>#ns</styleUrl><MultiGeometry><LineString><coordinates>139.69915,35.69307,0 139.69911,35.69337,0 139.69903,35.69382,0 139.69892,35.69409,0</coordinates></LineString></MultiGeometry></Placemark><Placemark><name>駐停車禁止 07:00-20:00</name><description></description><styleUrl>#ns</styleUrl><MultiGeometry><LineString><coordinates>139.69905,35.69419,0 139.69935,35.69307,0</coordinates></LineString></MultiGeometry></Placemark><Placemark><name>駐停車禁止 07:00-20:00</name><description></description><styleUrl>#ns</styleUrl><MultiGeometry><LineString><coordinates>139.70089,35.69353,0 139.70076,35.69354,0 139.70063,35.69352,0 139.70052,35.69347,0 139.70046,35.69339,0 139.70024,35.69337,0 139.69948,35.69345,0 139.6989,35.6935,0 139.69858,35.69348,0</coordinates></LineString></MultiGeometry></Placemark><Placemark><name>駐停車禁止 終日</name><description></description><styleUrl>#ns</styleUrl><MultiGeometry><LineString><coordinates>139.7005,35.6926,0 139.70038,35.69283,0 139.70036,35.69288,0 139.70035,35.69291,0 139.7003,35.69317,0</coordinates></LineString></MultiGeometry></Placemark><Placemark><name>駐停車禁止 07:00-20:00</name><description></description><styleUrl>#ns</styleUrl><MultiGeometry><LineString><coordinates>139.77604,35.70316,0 139.77603,35.70309,0 139.77603,35.70299,0 139.776,35.70277,0 139.77596,35.70247,0 139.77593,35.70217,0</coordinates></LineString></MultiGeometry></Placemark><Placemark><name>駐停車禁止 07:00-20:00</name><description></description><styleUrl>#ns</styleUrl><MultiGeometry><LineString><coordinates>139.77516,35.70276,0 139.77518,35.70276,0 139.77531,35.70275,0 139.77556,35.70272,0 139.77608,35.70268,0 139.77642,35.70266,0 139.77655,35.70264,0 139.77657,35.70264,0</coordinates></LineString></MultiGeometry></Placemark><Placemark><name>駐停車禁止 終日</name><description></description><styleUrl>#ns</styleUrl><MultiGeometry><LineString><coordinates>139.77654,35.70807,0 139.77651,35.70778,0 139.77648,35.70748,0 139.77645,35.70731,0 139.77645,35.70726,0</coordinates></LineString></MultiGeometry></Placemark><Placemark><name>駐停車禁止 07:00-20:00</name><description></description><styleUrl>#ns</styleUrl><MultiGeometry><LineString><coordinates>139.77697,35.70749,0 139.77686,35.7075,0 139.77676,35.70752,0 139.77661,35.70753,0 139.77605,35.7076,0 139.7758,35.70762,0</coordinates></LineString></MultiGeometry></Placemark><Placemark><name>駐停車禁止 07:00-20:00</name><description></description><styleUrl>#ns</styleUrl><MultiGeometry><LineString><coordinates>139.7015,35.66344,0 139.70185,35.66355,0</coordinates></LineString></MultiGeometry></Placemark><Placemark><name>駐停車禁止 07:00-20:00</name><description></description><styleUrl>#ns</styleUrl><MultiGeometry><LineString><coordinates>139.70212,35.66313,0 139.70207,35.66381,0</coordinates></LineString></MultiGeometry></Placemark><Placemark><name>駐停車禁止 07:00-20:00</name><description></description><styleUrl>#ns</styleUrl><MultiGeometry><LineString><coordinates>139.70523,35.69124,0 139.70513,35.69108,0 139.70506,35.69097,0 139.70505,35.69095,0 139.70484,35.69066,0 139.70458,35.69026,0 139.70435,35.68993,0 139.70414,35.6896,0 139.70388,35.68922,0</coordinates></LineString></MultiGeometry></Placemark><Placemark><name>駐停車禁止 07:00-20:00</name><description></description><styleUrl>#ns</styleUrl><MultiGeometry><LineString><coordinates>139.70374,35.68927,0 139.70395,35.6896,0 139.70421,35.68996,0 139.70469,35.69069,0 139.70492,35.69102,0 139.70507,35.69128,0</coordinates></LineString></MultiGeometry></Placemark><Placemark><name>駐停車禁止 07:00-20:00</name><description></description><styleUrl>#ns</styleUrl><MultiGeometry><LineString><coordinates>139.70412,35.69122,0 139.70483,35.69091,0 139.7049,35.69089,0 139.70555,35.69058,0</coordinates></LineString></MultiGeometry></Placemark><Placemark><name>駐停車禁止 終日</name><description></description><styleUrl>#ns</styleUrl><MultiGeometry><LineString><coordinates>139.70545,35.69052,0 139.70428,35.69103,0</coordinates></LineString></MultiGeometry></Placemark><Placemark><name>駐停車禁止 07:00-20:00</name><description></description><styleUrl>#ns</styleUrl><MultiGeometry><LineString><coordinates>139.70545,35.69193,0 139.70605,35.69289,0</coordinates></LineString></MultiGeometry></Placemark><Placemark><name>駐停車禁止 07:00-20:00</name><description></description><styleUrl>#ns</styleUrl><MultiGeometry><LineString><coordinates>139.70616,35.69286,0 139.70596,35.69251,0 139.7059,35.6924,0 139.70555,35.69179,0</coordinates></LineString></MultiGeometry></Placemark><Placemark><name>駐停車禁止 07:00-20:00</name><description></description><styleUrl>#ns</styleUrl><MultiGeometry><LineString><coordinates>139.73414,35.6075,0 139.73589,35.60729,0</coordinates></LineString></MultiGeometry></Placemark><Placemark><name>駐停車禁止 07:00-20:00</name><description></description><styleUrl>#ns</styleUrl><MultiGeometry><LineString><coordinates>139.73537,35.60726,0 139.73531,35.60684,0</coordinates></LineString></MultiGeometry></Placemark><Placemark><name>駐停車禁止 07:00-20:00</name><description></description><styleUrl>#ns</styleUrl><MultiGeometry><LineString><coordinates>139.73522,35.60689,0 139.73527,35.60727,0</coordinates></LineString></MultiGeometry></Placemark><Placemark><name>駐停車禁止 07:00-20:00</name><description></description><styleUrl>#ns</styleUrl><MultiGeometry><LineString><coordinates>139.73451,35.60696,0 139.73455,35.60733,0</coordinates></LineString></MultiGeometry></Placemark><Placemark><name>駐停車禁止 07:00-20:00</name><description></description><styleUrl>#ns</styleUrl><MultiGeometry><LineString><coordinates>139.73582,35.60723,0 139.73414,35.60743,0</coordinates></LineString></MultiGeometry></Placemark><Placemark><name>駐停車禁止 07:00-20:00</name><description></description><styleUrl>#ns</styleUrl><MultiGeometry><LineString><coordinates>139.70189,35.65954,0 139.70298,35.65966,0</coordinates></LineString></MultiGeometry></Placemark><Placemark><name>駐停車禁止 終日</name><description></description><styleUrl>#ns</styleUrl><MultiGeometry><LineString><coordinates>139.70315,35.65961,0 139.70175,35.65944,0</coordinates></LineString></MultiGeometry></Placemark><Placemark><name>駐停車禁止 07:00-20:00</name><description></description><styleUrl>#ns</styleUrl><MultiGeometry><LineString><coordinates>139.70417,35.65797,0 139.70375,35.65794,0</coordinates></LineString></MultiGeometry></Placemark><Placemark><name>駐停車禁止 07:00-20:00</name><description></description><styleUrl>#ns</styleUrl><MultiGeometry><LineString><coordinates>139.7036,35.65751,0 139.7032,35.65782,0</coordinates></LineString></MultiGeometry></Placemark><Placemark><name>駐停車禁止 終日</name><description></description><styleUrl>#ns</styleUrl><MultiGeometry><LineString><coordinates>139.70302,35.65844,0 139.70332,35.6579,0 139.70353,35.65771,0 139.70367,35.65758,0</coordinates></LineString></MultiGeometry></Placemark><Placemark><name>駐停車禁止 07:00-20:00</name><description></description><styleUrl>#ns</styleUrl><MultiGeometry><LineString><coordinates>139.70234,35.65964,0 139.70231,35.65998,0</coordinates></LineString></MultiGeometry></Placemark><Placemark><name>駐停車禁止 07:00-20:00</name><description></description><styleUrl>#ns</styleUrl><MultiGeometry><LineString><coordinates>139.70245,35.65998,0 139.70246,35.65968,0 139.70264,35.65936,0 139.70272,35.65916,0</coordinates></LineString></MultiGeometry></Placemark><Placemark><name>駐停車禁止 07:00-20:00</name><description></description><styleUrl>#ns</styleUrl><MultiGeometry><LineString><coordinates>139.71174,35.64953,0 139.71131,35.64886,0 139.71092,35.64864,0</coordinates></LineString></MultiGeometry></Placemark><Placemark><name>駐停車禁止 07:00-20:00</name><description></description><styleUrl>#ns</styleUrl><MultiGeometry><LineString><coordinates>139.71111,35.64924,0 139.71158,35.64883,0 139.71193,35.64876,0</coordinates></LineString></MultiGeometry></Placemark><Placemark><name>駐停車禁止 07:00-20:00</name><description></description><styleUrl>#ns</styleUrl><MultiGeometry><LineString><coordinates>139.71085,35.64874,0 139.71134,35.64904,0 139.71167,35.64955,0</coordinates></LineString></MultiGeometry></Placemark><Placemark><name>駐停車禁止 07:00-20:00</name><description></description><styleUrl>#ns</styleUrl><MultiGeometry><LineString><coordinates>139.71174,35.64867,0 139.7112,35.64893,0 139.71085,35.64925,0</coordinates></LineString></MultiGeometry></Placemark><Placemark><name>駐停車禁止 07:00-20:00</name><description></description><styleUrl>#ns</styleUrl><MultiGeometry><LineString><coordinates>139.71722,35.72765,0 139.71723,35.72751,0 139.71725,35.72739,0 139.71728,35.72732,0</coordinates></LineString></MultiGeometry></Placemark><Placemark><name>駐停車禁止 07:00-20:00</name><description></description><styleUrl>#ns</styleUrl><MultiGeometry><LineString><coordinates>139.713,35.73138,0 139.71413,35.732,0 139.71454,35.73223,0</coordinates></LineString></MultiGeometry></Placemark><Placemark><name>駐停車禁止 07:00-20:00</name><description></description><styleUrl>#ns</styleUrl><MultiGeometry><LineString><coordinates>139.71414,35.72984,0 139.71413,35.72962,0</coordinates></LineString></MultiGeometry></Placemark><Placemark><name>駐停車禁止 07:00-20:00</name><description></description><styleUrl>#ns</styleUrl><MultiGeometry><LineString><coordinates>139.71633,35.72778,0 139.71765,35.72696,0</coordinates></LineString></MultiGeometry></Placemark><Placemark><name>駐停車禁止 07:00-20:00</name><description></description><styleUrl>#ns</styleUrl><MultiGeometry><LineString><coordinates>139.71434,35.72879,0 139.71412,35.72893,0</coordinates></LineString></MultiGeometry></Placemark><Placemark><name>駐停車禁止 07:00-20:00</name><description></description><styleUrl>#ns</styleUrl><MultiGeometry><LineString><coordinates>139.71356,35.72861,0 139.71376,35.72882,0</coordinates></LineString></MultiGeometry></Placemark><Placemark><name>駐停車禁止 終日</name><description></description><styleUrl>#ns</styleUrl><MultiGeometry><LineString><coordinates>139.71292,35.7298,0 139.71372,35.72928,0 139.71478,35.72863,0 139.71653,35.72755,0</coordinates></LineString></MultiGeometry></Placemark><Placemark><name>駐停車禁止 07:00-20:00</name><description></description><styleUrl>#ns</styleUrl><MultiGeometry><LineString><coordinates>139.77157,35.70254,0 139.77164,35.70316,0</coordinates></LineString></MultiGeometry></Placemark><Placemark><name>駐停車禁止 07:00-20:00</name><description></description><styleUrl>#ns</styleUrl><MultiGeometry><LineString><coordinates>139.77199,35.70336,0 139.77191,35.70265,0</coordinates></LineString></MultiGeometry></Placemark><Placemark><name>駐停車禁止 07:00-20:00</name><description></description><styleUrl>#ns</styleUrl><MultiGeometry><LineString><coordinates>139.77241,35.7028,0 139.77141,35.70286,0</coordinates></LineString></MultiGeometry></Placemark><Placemark><name>駐停車禁止 07:00-20:00</name><description></description><styleUrl>#ns</styleUrl><MultiGeometry><LineString><coordinates>139.77121,35.70303,0 139.77212,35.70301,0</coordinates></LineString></MultiGeometry></Placemark><Placemark><name>駐停車禁止 07:00-20:00</name><description></description><styleUrl>#ns</styleUrl><MultiGeometry><LineString><coordinates>139.71976,35.688,0 139.72069,35.68811,0</coordinates></LineString></MultiGeometry></Placemark><Placemark><name>駐停車禁止 07:00-20:00</name><description></description><styleUrl>#ns</styleUrl><MultiGeometry><LineString><coordinates>139.72108,35.6879,0 139.72005,35.68779,0</coordinates></LineString></MultiGeometry></Placemark><Placemark><name>駐停車禁止 07:00-20:00</name><description></description><styleUrl>#ns</styleUrl><MultiGeometry><LineString><coordinates>139.72046,35.68843,0 139.72044,35.68817,0 139.72042,35.68741,0</coordinates></LineString></MultiGeometry></Placemark><Placemark><name>駐停車禁止 終日</name><description></description><styleUrl>#ns</styleUrl><MultiGeometry><LineString><coordinates>139.7704,35.66643,0 139.77086,35.66678,0</coordinates></LineString></MultiGeometry></Placemark><Placemark><name>駐停車禁止 終日</name><description></description><styleUrl>#ns</styleUrl><MultiGeometry><LineString><coordinates>139.7711,35.66675,0 139.77055,35.6663,0</coordinates></LineString></MultiGeometry></Placemark><Placemark><name>駐停車禁止 終日</name><description></description><styleUrl>#ns</styleUrl><MultiGeometry><LineString><coordinates>139.77105,35.66613,0 139.77034,35.6668,0</coordinates></LineString></MultiGeometry></Placemark><Placemark><name>駐停車禁止 07:00-20:00</name><description></description><styleUrl>#ns</styleUrl><MultiGeometry><LineString><coordinates>139.77258,35.70809,0 139.77363,35.70799,0</coordinates></LineString></MultiGeometry></Placemark><Placemark><name>駐停車禁止 07:00-20:00</name><description></description><styleUrl>#ns</styleUrl><MultiGeometry><LineString><coordinates>139.7737,35.70785,0 139.7737,35.70785,0 139.77335,35.70788,0</coordinates></LineString></MultiGeometry></Placemark><Placemark><name>駐停車禁止 07:00-20:00</name><description></description><styleUrl>#ns</styleUrl><MultiGeometry><LineString><coordinates>139.77335,35.7084,0 139.77315,35.70751,0</coordinates></LineString></MultiGeometry></Placemark><Placemark><name>駐停車禁止 07:00-20:00</name><description></description><styleUrl>#ns</styleUrl><MultiGeometry><LineString><coordinates>139.77291,35.70759,0 139.7731,35.70841,0</coordinates></LineString></MultiGeometry></Placemark><Placemark><name>駐停車禁止 終日</name><description></description><styleUrl>#ns</styleUrl><MultiGeometry><LineString><coordinates>139.75844,35.66734,0 139.75766,35.66759,0</coordinates></LineString></MultiGeometry></Placemark><Placemark><name>駐停車禁止 07:00-20:00</name><description></description><styleUrl>#ns</styleUrl><MultiGeometry><LineString><coordinates>139.78879,35.70117,0 139.78921,35.70172,0 139.78941,35.70202,0</coordinates></LineString></MultiGeometry></Placemark><Placemark><name>駐停車禁止 07:00-20:00</name><description></description><styleUrl>#ns</styleUrl><MultiGeometry><LineString><coordinates>139.78963,35.70192,0 139.78939,35.70166,0 139.78908,35.70121,0</coordinates></LineString></MultiGeometry></Placemark><Placemark><name>駐停車禁止 07:00-20:00</name><description></description><styleUrl>#ns</styleUrl><MultiGeometry><LineString><coordinates>139.78866,35.70171,0 139.78925,35.70162,0 139.78994,35.70159,0</coordinates></LineString></MultiGeometry></Placemark><Placemark><name>駐停車禁止 07:00-20:00</name><description></description><styleUrl>#ns</styleUrl><MultiGeometry><LineString><coordinates>139.79008,35.70143,0 139.78976,35.70145,0</coordinates></LineString></MultiGeometry></Placemark><Placemark><name>駐停車禁止 07:00-20:00</name><description></description><styleUrl>#ns</styleUrl><MultiGeometry><LineString><coordinates>139.69809,35.69792,0 139.69773,35.69791,0</coordinates></LineString></MultiGeometry></Placemark><Placemark><name>駐停車禁止 07:00-20:00</name><description></description><styleUrl>#ns</styleUrl><MultiGeometry><LineString><coordinates>139.69726,35.69844,0 139.69751,35.69803,0 139.69764,35.69778,0 139.69775,35.69753,0</coordinates></LineString></MultiGeometry></Placemark><Placemark><name>駐停車禁止 07:00-20:00</name><description></description><styleUrl>#ns</styleUrl><MultiGeometry><LineString><coordinates>139.69759,35.69769,0 139.69738,35.69815,0 139.69724,35.69836,0</coordinates></LineString></MultiGeometry></Placemark><Placemark><name>駐停車禁止 07:00-20:00</name><description></description><styleUrl>#ns</styleUrl><MultiGeometry><LineString><coordinates>139.68995,35.69542,0 139.69078,35.69516,0 139.69094,35.69511,0 139.69109,35.69506,0</coordinates></LineString></MultiGeometry></Placemark><Placemark><name>駐停車禁止 07:00-20:00</name><description></description><styleUrl>#ns</styleUrl><MultiGeometry><LineString><coordinates>139.69109,35.69494,0 139.69078,35.69504,0</coordinates></LineString></MultiGeometry></Placemark><Placemark><name>駐停車禁止 07:00-20:00</name><description></description><styleUrl>#ns</styleUrl><MultiGeometry><LineString><coordinates>139.6902,35.69482,0 139.69032,35.69505,0</coordinates></LineString></MultiGeometry></Placemark><Placemark><name>駐停車禁止 終日</name><description></description><styleUrl>#ns</styleUrl><MultiGeometry><LineString><coordinates>139.77926,35.71994,0 139.77872,35.71928,0</coordinates></LineString></MultiGeometry></Placemark><Placemark><name>駐停車禁止 終日</name><description></description><styleUrl>#ns</styleUrl><MultiGeometry><LineString><coordinates>139.80868,35.70967,0 139.80937,35.70952,0 139.81283,35.70986,0 139.81317,35.70995,0 139.81338,35.71008,0 139.81382,35.71082,0</coordinates></LineString></MultiGeometry></Placemark><Placemark><name>駐停車禁止 終日</name><description></description><styleUrl>#ns</styleUrl><MultiGeometry><LineString><coordinates>139.81454,35.71042,0 139.81377,35.71091,0 139.81365,35.71096,0 139.81348,35.71098,0 139.81336,35.71098,0 139.8129,35.7108,0 139.81291,35.71081,0 139.8129,35.7108,0</coordinates></LineString></MultiGeometry></Placemark><Placemark><name>駐停車禁止 07:30-09:00</name><description></description><styleUrl>#ns</styleUrl><MultiGeometry><LineString><coordinates>139.72909,35.73028,0 139.72916,35.73079,0 139.72921,35.73102,0 139.72923,35.73104,0 139.72926,35.73104,0</coordinates></LineString></MultiGeometry></Placemark><Placemark><name>駐停車禁止 終日</name><description></description><styleUrl>#ns</styleUrl><MultiGeometry><LineString><coordinates>139.71594,35.6336,0 139.7156,35.63361,0 139.7154,35.63365,0</coordinates></LineString></MultiGeometry></Placemark><Placemark><name>駐停車禁止 終日</name><description></description><styleUrl>#ns</styleUrl><MultiGeometry><LineString><coordinates>139.72668,35.58702,0 139.72689,35.58734,0 139.7278,35.5894,0</coordinates></LineString></MultiGeometry></Placemark><Placemark><name>駐停車禁止 終日</name><description></description><styleUrl>#ns</styleUrl><MultiGeometry><LineString><coordinates>139.72787,35.58941,0 139.7275,35.58855,0</coordinates></LineString></MultiGeometry></Placemark><Placemark><name>駐停車禁止 終日</name><description></description><styleUrl>#ns</styleUrl><MultiGeometry><LineString><coordinates>139.72734,35.58822,0 139.72696,35.58736,0 139.72673,35.58699,0</coordinates></LineString></MultiGeometry></Placemark><Placemark><name>駐停車禁止 終日</name><description></description><styleUrl>#ns</styleUrl><MultiGeometry><LineString><coordinates>139.69921,35.68873,0 139.70014,35.68903,0 139.70271,35.68959,0 139.70334,35.6897,0 139.70403,35.68981,0</coordinates></LineString></MultiGeometry></Placemark><Placemark><name>駐停車禁止 終日</name><description></description><styleUrl>#ns</styleUrl><MultiGeometry><LineString><coordinates>139.78305,35.64709,0 139.78124,35.64935,0 139.77919,35.65144,0 139.77582,35.65469,0 139.77517,35.65532,0 139.77429,35.65589,0 139.76962,35.66043,0</coordinates></LineString></MultiGeometry></Placemark><Placemark><name>駐停車禁止 終日</name><description></description><styleUrl>#ns</styleUrl><MultiGeometry><LineString><coordinates>139.71235,35.72998,0 139.71248,35.73023,0</coordinates></LineString></MultiGeometry></Placemark><Placemark><name>駐停車禁止 終日</name><description></description><styleUrl>#ns</styleUrl><MultiGeometry><LineString><coordinates>139.71249,35.73025,0 139.71265,35.73057,0 139.71274,35.73086,0 139.71283,35.73118,0</coordinates></LineString></MultiGeometry></Placemark><Placemark><name>駐停車禁止 終日</name><description></description><styleUrl>#ns</styleUrl><MultiGeometry><LineString><coordinates>139.68557,35.79408,0 139.68561,35.7945,0 139.68562,35.79492,0 139.68563,35.79534,0 139.68552,35.79587,0 139.68541,35.79655,0 139.6849,35.79842,0 139.68445,35.80008,0</coordinates></LineString></MultiGeometry></Placemark><Placemark><name>駐停車禁止 終日</name><description></description><styleUrl>#ns</styleUrl><MultiGeometry><LineString><coordinates>139.75707,35.66377,0 139.75533,35.66433,0</coordinates></LineString></MultiGeometry></Placemark><Placemark><name>駐停車禁止 終日</name><description></description><styleUrl>#ns</styleUrl><MultiGeometry><LineString><coordinates>139.75534,35.66441,0 139.75712,35.66384,0</coordinates></LineString></MultiGeometry></Placemark><Placemark><name>駐停車禁止 終日</name><description></description><styleUrl>#ns</styleUrl><MultiGeometry><LineString><coordinates>139.76367,35.66373,0 139.76296,35.66387,0 139.76237,35.66381,0 139.76222,35.66373,0 139.76198,35.66365,0 139.76152,35.66355,0 139.76092,35.66348,0</coordinates></LineString></MultiGeometry></Placemark><Placemark><name>駐停車禁止 終日</name><description></description><styleUrl>#ns</styleUrl><MultiGeometry><LineString><coordinates>139.76918,35.66073,0 139.76686,35.66238,0 139.76645,35.66283,0</coordinates></LineString></MultiGeometry></Placemark><Placemark><name>駐停車禁止 終日</name><description></description><styleUrl>#ns</styleUrl><MultiGeometry><LineString><coordinates>139.76677,35.66289,0 139.76845,35.66208,0 139.76902,35.66131,0 139.76964,35.6606,0</coordinates></LineString></MultiGeometry></Placemark><Placemark><name>駐停車禁止路側帯 終日</name><description></description><styleUrl>#ns</styleUrl><MultiGeometry><LineString><coordinates>139.74074,35.70557,0 139.74158,35.70576,0</coordinates></LineString></MultiGeometry></Placemark><Placemark><name>駐停車禁止路側帯 終日</name><description></description><styleUrl>#ns</styleUrl><MultiGeometry><LineString><coordinates>139.70232,35.7148,0 139.70248,35.71478,0 139.70268,35.71473,0 139.70324,35.71454,0 139.70331,35.71449,0 139.70354,35.71434,0 139.70367,35.71422,0 139.70381,35.71408,0 139.70394,35.71389,0</coordinates></LineString></MultiGeometry></Placemark><Placemark><name>駐停車禁止路側帯 終日</name><description></description><styleUrl>#ns</styleUrl><MultiGeometry><LineString><coordinates>139.67844,35.73093,0 139.6793,35.73019,0 139.68003,35.72962,0 139.68146,35.72844,0 139.682,35.72807,0 139.68256,35.72766,0 139.68316,35.72716,0 139.68375,35.72671,0 139.68459,35.72608,0 139.6849,35.72585,0 139.68554,35.72533,0 139.68661,35.7246,0 139.68713,35.7243,0 139.68809,35.72377,0 139.68851,35.72348,0 139.68881,35.72328,0 139.68906,35.72314,0 139.6894,35.72296,0</coordinates></LineString></MultiGeometry></Placemark><Placemark><name>駐停車禁止路側帯 終日</name><description></description><styleUrl>#ns</styleUrl><MultiGeometry><LineString><coordinates>139.78169,35.71602,0 139.78295,35.7179,0</coordinates></LineString></MultiGeometry></Placemark><Placemark><name>駐停車禁止路側帯 終日</name><description></description><styleUrl>#ns</styleUrl><MultiGeometry><LineString><coordinates>139.81062,35.66883,0 139.80935,35.66868,0 139.80925,35.66867,0 139.80854,35.66868,0</coordinates></LineString></MultiGeometry></Placemark><Placemark><name>駐停車禁止路側帯 終日</name><description></description><styleUrl>#ns</styleUrl><MultiGeometry><LineString><coordinates>139.79834,35.68916,0 139.79927,35.68958,0</coordinates></LineString></MultiGeometry></Placemark><Placemark><name>駐停車禁止路側帯 終日</name><description></description><styleUrl>#ns</styleUrl><MultiGeometry><LineString><coordinates>139.79882,35.68931,0 139.79932,35.68853,0 139.79934,35.68819,0</coordinates></LineString></MultiGeometry></Placemark><Placemark><name>駐停車禁止路側帯 終日</name><description></description><styleUrl>#ns</styleUrl><MultiGeometry><LineString><coordinates>139.81351,35.68967,0 139.81173,35.68957,0</coordinates></LineString></MultiGeometry></Placemark><Placemark><name>駐停車禁止路側帯 終日</name><description></description><styleUrl>#ns</styleUrl><MultiGeometry><LineString><coordinates>139.8092,35.68598,0 139.80914,35.68684,0</coordinates></LineString></MultiGeometry></Placemark><Placemark><name>駐停車禁止路側帯 終日</name><description></description><styleUrl>#ns</styleUrl><MultiGeometry><LineString><coordinates>139.79625,35.68532,0 139.79638,35.68589,0</coordinates></LineString></MultiGeometry></Placemark><Placemark><name>駐停車禁止路側帯 終日</name><description></description><styleUrl>#ns</styleUrl><MultiGeometry><LineString><coordinates>139.81447,35.7056,0 139.81611,35.70569,0</coordinates></LineString></MultiGeometry></Placemark><Placemark><name>駐停車禁止路側帯 終日</name><description></description><styleUrl>#ns</styleUrl><MultiGeometry><LineString><coordinates>139.81451,35.70515,0 139.81614,35.70524,0</coordinates></LineString></MultiGeometry></Placemark><Placemark><name>駐停車禁止路側帯 終日</name><description></description><styleUrl>#ns</styleUrl><MultiGeometry><LineString><coordinates>139.79466,35.70099,0 139.79533,35.70073,0 139.79627,35.70067,0 139.79699,35.70071,0</coordinates></LineString></MultiGeometry></Placemark></Folder></Document></kml>